Order_ID,Order_Date,Branch,Customer_ID,Customer_Name,Gender,City,Product_Category,Product_Name,Brand,Quantity,Unit_Price,Discount_Percent,Sales,Cost,Profit,Payment_Method,Salesperson,Rating
ORD10001,24/11/2025,Johar Town,C1143,Maryam Ahmed,Male,Lahore,Grocery,Basmati Rice 5kg,Guard,3,3200,5,9120,7800,1320,JazzCash,Hamza,3.5
ORD10002,17/02/2025,Gulberg,C1575,Hassan Sheikh,Male,Lahore,Beverages,Pepsi 1.5L,Pepsi,5,220,20,880,850,30,Easypaisa,Bilal,4.7
ORD10003,04/01/2025,DHA,C1160,Hassan Iqbal,Male,Lahore,Beverages,Nestle Water 1.5L,Nestle,4,90,10,324,240,84,Cash,Hamza,3.6
ORD10004,26/06/2025,Wapda Town,C1128,Umar Ahmed,Female,Lahore,Bakery,Cookies,LU,1,250,15,212.5,180,32.5,JazzCash,Zain,4.4
ORD10005,27/12/2025,Gulberg,C1239,Ahmed Sheikh,Female,Lahore,Grocery,Basmati Rice 5kg,Guard,2,3200,10,5760,5200,560,Easypaisa,Zain,3.7
ORD10006,01/07/2025,Wapda Town,C1651,Usman Malik,Male,Lahore,Beverages,Nestle Water 1.5L,Nestle,3,90,0,270,180,90,Easypaisa,Hamza,3.9
ORD10007,24/11/2025,Gulberg,C1235,Ali Iqbal,Female,Lahore,Stationery,Marker,Dollar,2,120,10,216,160,56,Credit Card,Ali,3.8
ORD10008,18/10/2025,Model Town,C1659,Ayesha Butt,Female,Lahore,Stationery,Pen,Dollar,2,60,15,102,70,32,Debit Card,Hassan,4.6
ORD10009,03/10/2025,Wapda Town,C1409,Hamza Malik,Male,Lahore,Electronics,Power Bank,Xiaomi,5,4500,15,19125,18000,1125,JazzCash,Umar,3.6
ORD10010,25/01/2025,Wapda Town,C1066,Umar Sheikh,Female,Lahore,Grocery,Cooking Oil 1L,Dalda,2,650,15,1105,1040,65,JazzCash,Bilal,5
ORD10011,06/01/2025,DHA,C1788,Zain Iqbal,Male,Lahore,Stationery,Marker,Dollar,1,120,20,96,80,16,Credit Card,Hamza,3.7
ORD10012,02/01/2025,Johar Town,C1520,Ahmed Raza,Male,Lahore,Stationery,Marker,Dollar,3,120,20,288,240,48,Debit Card,Zain,4.6
ORD10013,04/10/2025,Model Town,C1020,Ahmed Iqbal,Female,Lahore,Bakery,Bread,Dawn,5,120,10,540,400,140,Debit Card,Ahmed,3.9
ORD10014,18/10/2025,Wapda Town,C1785,Usman Butt,Female,Lahore,Grocery,Basmati Rice 5kg,Guard,4,3200,0,12800,10400,2400,JazzCash,Usman,3.9
ORD10015,07/11/2025,DHA,C1409,Zain Iqbal,Female,Lahore,Home,Detergent 1kg,Surf Excel,5,850,5,4037.5,3400,637.5,JazzCash,Umar,3.7
ORD10016,26/04/2025,Wapda Town,C1236,Sara Malik,Male,Lahore,Grocery,Sugar 1kg,Shan,1,180,20,144,150,-6,Cash,Ahmed,3.8
ORD10017,17/01/2025,DHA,C1686,Ayesha Malik,Male,Lahore,Electronics,Mouse,Logitech,5,1800,5,8550,7000,1550,JazzCash,Umar,3.9
ORD10018,31/08/2025,Model Town,C1363,Umar Sheikh,Female,Lahore,Home,Detergent 1kg,Surf Excel,1,850,0,850,680,170,Cash,Ali,3.6
ORD10019,23/06/2025,Wapda Town,C1460,Usman Sheikh,Male,Lahore,Grocery,Cooking Oil 1L,Dalda,2,650,5,1235,1040,195,Credit Card,Umar,3.9
ORD10020,08/02/2025,Wapda Town,C1016,Ahmed Malik,Male,Lahore,Home,Shampoo,Sunsilk,1,620,0,620,500,120,Easypaisa,Umar,4.2
ORD10021,25/07/2025,Model Town,C1272,Ayesha Raza,Female,Lahore,Grocery,Cooking Oil 1L,Dalda,4,650,0,2600,2080,520,JazzCash,Umar,3.7
ORD10022,01/06/2025,Gulberg,C1766,Hamza Khan,Male,Lahore,Beverages,Pepsi 1.5L,Pepsi,5,220,20,880,850,30,JazzCash,Umar,4.3
ORD10023,29/09/2025,Johar Town,C1071,Sara Ahmed,Male,Lahore,Beverages,Pepsi 1.5L,Pepsi,5,220,0,1100,850,250,Easypaisa,Ali,4.9
ORD10024,19/10/2025,Wapda Town,C1084,Umar Iqbal,Female,Lahore,Beverages,Nestle Water 1.5L,Nestle,5,90,0,450,300,150,Debit Card,Zain,3.9
ORD10025,22/07/2025,DHA,C1770,Ahmed Khan,Female,Lahore,Beverages,Nestle Water 1.5L,Nestle,3,90,15,229.5,180,49.5,JazzCash,Ali,3.6
ORD10026,20/04/2025,Gulberg,C1251,Hamza Raza,Male,Lahore,Bakery,Cookies,LU,2,250,10,450,360,90,Easypaisa,Bilal,4.4
ORD10027,01/12/2025,Gulberg,C1138,Bilal Ahmed,Male,Lahore,Bakery,Bread,Dawn,5,120,10,540,400,140,JazzCash,Usman,3.9
ORD10028,06/11/2025,DHA,C1518,Ayesha Raza,Male,Lahore,Beverages,Nestle Water 1.5L,Nestle,3,90,5,256.5,180,76.5,Cash,Hamza,4.7
ORD10029,23/01/2025,Johar Town,C1760,Ayesha Sheikh,Male,Lahore,Grocery,Sugar 1kg,Shan,2,180,10,324,300,24,Cash,Ali,4.9
ORD10030,20/12/2025,Wapda Town,C1566,Usman Sheikh,Male,Lahore,Beverages,Nestle Water 1.5L,Nestle,1,90,10,81,60,21,Cash,Bilal,4
ORD10031,21/01/2025,DHA,C1799,Fatima Sheikh,Male,Lahore,Electronics,Mouse,Logitech,2,1800,0,3600,2800,800,Debit Card,Usman,5
ORD10032,01/04/2025,Model Town,C1686,Maryam Malik,Female,Lahore,Home,Detergent 1kg,Surf Excel,2,850,10,1530,1360,170,Debit Card,Ali,4.1
ORD10033,20/01/2025,DHA,C1313,Hassan Malik,Male,Lahore,Home,Detergent 1kg,Surf Excel,2,850,15,1445,1360,85,Debit Card,Hamza,4
ORD10034,05/02/2025,Wapda Town,C1340,Ali Ahmed,Female,Lahore,Electronics,Keyboard,A4Tech,5,2800,15,11900,11000,900,Debit Card,Bilal,3.6
ORD10035,02/11/2025,Wapda Town,C1524,Ahmed Sheikh,Male,Lahore,Home,Soap,Lux,3,180,15,459,390,69,Credit Card,Ahmed,4.6
ORD10036,01/01/2025,Model Town,C1072,Zain Iqbal,Female,Lahore,Bakery,Cake,Gourmet,2,900,10,1620,1400,220,Cash,Bilal,4.3
ORD10037,08/12/2025,Wapda Town,C1131,Hassan Sheikh,Female,Lahore,Home,Soap,Lux,4,180,10,648,520,128,Debit Card,Bilal,4.1
ORD10038,01/01/2025,Wapda Town,C1622,Zain Iqbal,Female,Lahore,Electronics,Keyboard,A4Tech,2,2800,15,4760,4400,360,Easypaisa,Umar,4.5
ORD10039,19/09/2025,DHA,C1528,Zain Iqbal,Male,Lahore,Home,Shampoo,Sunsilk,2,620,0,1240,1000,240,Debit Card,Bilal,3.8
ORD10040,12/04/2025,Model Town,C1626,Ahmed Chaudhry,Female,Lahore,Beverages,Pepsi 1.5L,Pepsi,1,220,5,209,170,39,JazzCash,Hassan,4.6
ORD10041,16/07/2025,Gulberg,C1769,Ahmed Sheikh,Male,Lahore,Home,Soap,Lux,2,180,5,342,260,82,Debit Card,Umar,3.6
ORD10042,08/05/2025,Wapda Town,C1573,Sara Iqbal,Female,Lahore,Grocery,Tea 475g,Tapal,2,980,15,1666,1640,26,JazzCash,Hamza,4.7
ORD10043,08/10/2025,DHA,C1770,Hassan Raza,Female,Lahore,Home,Detergent 1kg,Surf Excel,4,850,15,2890,2720,170,Debit Card,Bilal,4.2
ORD10044,27/05/2025,Wapda Town,C1083,Usman Butt,Male,Lahore,Beverages,Coca Cola 1.5L,Coca-Cola,3,220,10,594,510,84,Easypaisa,Usman,4.6
ORD10045,02/02/2025,Model Town,C1426,Ali Malik,Female,Lahore,Home,Soap,Lux,3,180,20,432,390,42,Easypaisa,Ahmed,4.8
ORD10046,22/10/2025,DHA,C1772,Umar Sheikh,Male,Lahore,Home,Soap,Lux,1,180,10,162,130,32,Easypaisa,Hassan,3.9
ORD10047,06/09/2025,Johar Town,C1479,Usman Khan,Female,Lahore,Grocery,Tea 475g,Tapal,3,980,15,2499,2460,39,JazzCash,Ahmed,3.6
ORD10048,08/08/2025,DHA,C1389,Hamza Malik,Female,Lahore,Beverages,Coca Cola 1.5L,Coca-Cola,2,220,0,440,340,100,Credit Card,Zain,4.6
ORD10049,14/07/2025,Model Town,C1020,Maryam Khan,Female,Lahore,Electronics,Keyboard,A4Tech,3,2800,0,8400,6600,1800,Debit Card,Ali,4.7
ORD10050,30/11/2025,Gulberg,C1637,Usman Malik,Male,Lahore,Grocery,Basmati Rice 5kg,Guard,2,3200,5,6080,5200,880,Easypaisa,Ali,4.3
ORD10051,22/04/2025,Johar Town,C1621,Sara Ahmed,Male,Lahore,Home,Shampoo,Sunsilk,3,620,10,1674,1500,174,Credit Card,Ali,4.4
ORD10052,09/06/2025,Johar Town,C1078,Sara Malik,Male,Lahore,Bakery,Cake,Gourmet,4,900,15,3060,2800,260,Credit Card,Ali,4.7
ORD10053,17/10/2025,DHA,C1071,Fatima Iqbal,Male,Lahore,Grocery,Sugar 1kg,Shan,5,180,15,765,750,15,Easypaisa,Umar,3.7
ORD10054,05/07/2025,Johar Town,C1752,Fatima Raza,Female,Lahore,Stationery,Pen,Dollar,2,60,15,102,70,32,Easypaisa,Hamza,4.7
ORD10055,31/10/2025,DHA,C1462,Hassan Chaudhry,Female,Lahore,Electronics,Keyboard,A4Tech,2,2800,0,5600,4400,1200,Credit Card,Ahmed,4.2
ORD10056,16/06/2025,DHA,C1349,Bilal Raza,Male,Lahore,Beverages,Coca Cola 1.5L,Coca-Cola,2,220,10,396,340,56,JazzCash,Hassan,3.6
ORD10057,28/07/2025,Model Town,C1459,Ali Ahmed,Female,Lahore,Home,Shampoo,Sunsilk,2,620,15,1054,1000,54,Debit Card,Hamza,4.5
ORD10058,06/06/2025,Wapda Town,C1544,Hamza Sheikh,Female,Lahore,Stationery,Marker,Dollar,3,120,15,306,240,66,Credit Card,Umar,3.9
ORD10059,09/05/2025,Gulberg,C1761,Fatima Butt,Male,Lahore,Beverages,Pepsi 1.5L,Pepsi,2,220,10,396,340,56,Debit Card,Umar,3.9
ORD10060,29/10/2025,Johar Town,C1304,Hassan Iqbal,Male,Lahore,Bakery,Cake,Gourmet,3,900,0,2700,2100,600,Credit Card,Ahmed,4.6
ORD10061,06/03/2025,DHA,C1715,Usman Chaudhry,Male,Lahore,Electronics,Mouse,Logitech,1,1800,20,1440,1400,40,Cash,Bilal,4.2
ORD10062,14/08/2025,Model Town,C1117,Ahmed Sheikh,Female,Lahore,Electronics,Mouse,Logitech,1,1800,10,1620,1400,220,Cash,Ahmed,3.7
ORD10063,16/10/2025,Wapda Town,C1783,Umar Malik,Female,Lahore,Electronics,Mouse,Logitech,2,1800,0,3600,2800,800,Easypaisa,Umar,3.9
ORD10064,29/10/2025,Gulberg,C1625,Maryam Ahmed,Male,Lahore,Home,Soap,Lux,5,180,20,720,650,70,Debit Card,Bilal,4.5
ORD10065,22/03/2025,Johar Town,C1003,Umar Chaudhry,Female,Lahore,Beverages,Pepsi 1.5L,Pepsi,5,220,0,1100,850,250,Credit Card,Ahmed,3.8
ORD10066,28/12/2025,Johar Town,C1271,Zain Malik,Female,Lahore,Electronics,Power Bank,Xiaomi,4,4500,0,18000,14400,3600,Cash,Hassan,4.5
ORD10067,17/05/2025,DHA,C1610,Maryam Raza,Female,Lahore,Beverages,Pepsi 1.5L,Pepsi,1,220,5,209,170,39,Cash,Umar,4.5
ORD10068,25/12/2025,Model Town,C1449,Ahmed Khan,Female,Lahore,Home,Soap,Lux,5,180,20,720,650,70,Credit Card,Bilal,3.5
ORD10069,28/04/2025,DHA,C1591,Ali Butt,Female,Lahore,Stationery,Marker,Dollar,5,120,0,600,400,200,JazzCash,Umar,4.9
ORD10070,03/04/2025,Model Town,C1357,Umar Iqbal,Female,Lahore,Bakery,Cookies,LU,4,250,0,1000,720,280,Cash,Usman,4
ORD10071,22/12/2025,Gulberg,C1466,Ahmed Iqbal,Female,Lahore,Home,Soap,Lux,4,180,20,576,520,56,Credit Card,Ali,5
ORD10072,26/07/2025,Model Town,C1056,Hassan Iqbal,Female,Lahore,Bakery,Bread,Dawn,5,120,15,510,400,110,Easypaisa,Ahmed,3.8
ORD10073,09/10/2025,Gulberg,C1030,Zain Malik,Male,Lahore,Beverages,Coca Cola 1.5L,Coca-Cola,4,220,15,748,680,68,Credit Card,Ahmed,4.3
ORD10074,17/02/2025,Johar Town,C1511,Maryam Raza,Female,Lahore,Beverages,Pepsi 1.5L,Pepsi,4,220,0,880,680,200,Easypaisa,Umar,5
ORD10075,05/05/2025,Johar Town,C1614,Fatima Butt,Male,Lahore,Home,Shampoo,Sunsilk,2,620,15,1054,1000,54,Credit Card,Hamza,4
ORD10076,17/09/2025,Wapda Town,C1594,Zain Chaudhry,Male,Lahore,Electronics,Mouse,Logitech,3,1800,10,4860,4200,660,Easypaisa,Umar,4
ORD10077,10/10/2025,Johar Town,C1715,Hassan Sheikh,Male,Lahore,Bakery,Cookies,LU,4,250,10,900,720,180,Easypaisa,Ahmed,4
ORD10078,31/08/2025,Model Town,C1038,Usman Iqbal,Male,Lahore,Stationery,Pen,Dollar,4,60,5,228,140,88,Easypaisa,Ali,4.3
ORD10079,22/08/2025,Gulberg,C1481,Bilal Iqbal,Female,Lahore,Grocery,Cooking Oil 1L,Dalda,4,650,5,2470,2080,390,Cash,Zain,4.8
ORD10080,01/10/2025,Gulberg,C1633,Ahmed Malik,Female,Lahore,Home,Soap,Lux,4,180,20,576,520,56,Debit Card,Ali,4.2
ORD10081,20/02/2025,Johar Town,C1711,Bilal Khan,Male,Lahore,Stationery,Marker,Dollar,1,120,15,102,80,22,Credit Card,Ahmed,3.9
ORD10082,11/07/2025,Model Town,C1580,Zain Butt,Male,Lahore,Home,Detergent 1kg,Surf Excel,2,850,20,1360,1360,0,Debit Card,Ali,4.4
ORD10083,15/07/2025,Wapda Town,C1147,Hassan Chaudhry,Female,Lahore,Bakery,Cake,Gourmet,2,900,15,1530,1400,130,Easypaisa,Bilal,4.5
ORD10084,27/08/2025,Gulberg,C1453,Hamza Raza,Female,Lahore,Electronics,Power Bank,Xiaomi,5,4500,5,21375,18000,3375,Credit Card,Umar,4.8
ORD10085,12/04/2025,Model Town,C1586,Hamza Raza,Female,Lahore,Home,Soap,Lux,1,180,5,171,130,41,Cash,Hamza,3.9
ORD10086,17/10/2025,Model Town,C1294,Hassan Iqbal,Male,Lahore,Stationery,Marker,Dollar,1,120,20,96,80,16,Debit Card,Bilal,4.5
ORD10087,04/12/2025,DHA,C1452,Ali Iqbal,Male,Lahore,Stationery,Notebook,Dollar,1,180,0,180,120,60,Cash,Bilal,4
ORD10088,01/08/2025,DHA,C1544,Fatima Raza,Male,Lahore,Beverages,Pepsi 1.5L,Pepsi,2,220,20,352,340,12,Credit Card,Umar,5
ORD10089,01/06/2025,Gulberg,C1145,Hassan Sheikh,Female,Lahore,Stationery,Pen,Dollar,1,60,15,51,35,16,Cash,Hamza,3.5
ORD10090,02/10/2025,Wapda Town,C1391,Zain Iqbal,Male,Lahore,Grocery,Tea 475g,Tapal,3,980,10,2646,2460,186,Debit Card,Umar,3.5
ORD10091,15/10/2025,Model Town,C1718,Bilal Sheikh,Male,Lahore,Electronics,Power Bank,Xiaomi,2,4500,0,9000,7200,1800,Debit Card,Ahmed,4.9
ORD10092,05/06/2025,Wapda Town,C1139,Umar Chaudhry,Female,Lahore,Home,Detergent 1kg,Surf Excel,1,850,5,807.5,680,127.5,JazzCash,Hamza,4.4
ORD10093,21/03/2025,Wapda Town,C1418,Bilal Khan,Female,Lahore,Home,Shampoo,Sunsilk,1,620,15,527,500,27,Debit Card,Umar,4.2
ORD10094,01/05/2025,DHA,C1063,Umar Raza,Male,Lahore,Electronics,Mouse,Logitech,3,1800,20,4320,4200,120,Cash,Umar,3.6
ORD10095,19/04/2025,Gulberg,C1342,Hassan Butt,Male,Lahore,Stationery,Marker,Dollar,5,120,0,600,400,200,Cash,Hassan,4.4
ORD10096,30/04/2025,DHA,C1149,Usman Raza,Male,Lahore,Electronics,Mouse,Logitech,5,1800,0,9000,7000,2000,Cash,Ahmed,3.7
ORD10097,03/07/2025,Johar Town,C1272,Ali Butt,Female,Lahore,Beverages,Nestle Water 1.5L,Nestle,3,90,0,270,180,90,JazzCash,Ali,4.6
ORD10098,01/09/2025,Gulberg,C1463,Fatima Malik,Male,Lahore,Home,Soap,Lux,5,180,20,720,650,70,JazzCash,Bilal,4.2
ORD10099,16/01/2025,Gulberg,C1503,Maryam Chaudhry,Male,Lahore,Grocery,Tea 475g,Tapal,4,980,15,3332,3280,52,Cash,Zain,4.4
ORD10100,03/02/2025,Wapda Town,C1730,Hamza Sheikh,Female,Lahore,Beverages,Coca Cola 1.5L,Coca-Cola,5,220,20,880,850,30,Easypaisa,Hamza,3.6
ORD10101,26/12/2025,Johar Town,C1424,Hamza Chaudhry,Female,Lahore,Grocery,Cooking Oil 1L,Dalda,4,650,15,2210,2080,130,Easypaisa,Ali,4
ORD10102,10/06/2025,Model Town,C1069,Ahmed Ahmed,Male,Lahore,Stationery,Pen,Dollar,3,60,5,171,105,66,Easypaisa,Ali,4.6
ORD10103,10/07/2025,Wapda Town,C1576,Hamza Ahmed,Female,Lahore,Beverages,Nestle Water 1.5L,Nestle,1,90,20,72,60,12,Credit Card,Hamza,4.8
ORD10104,27/01/2025,Gulberg,C1592,Fatima Malik,Male,Lahore,Electronics,Power Bank,Xiaomi,3,4500,10,12150,10800,1350,Easypaisa,Hassan,4.8
ORD10105,29/06/2025,Wapda Town,C1232,Umar Khan,Female,Lahore,Bakery,Cookies,LU,1,250,10,225,180,45,Cash,Usman,3.9
ORD10106,08/06/2025,Johar Town,C1580,Zain Sheikh,Male,Lahore,Electronics,Keyboard,A4Tech,1,2800,5,2660,2200,460,Debit Card,Ahmed,3.6
ORD10107,29/09/2025,DHA,C1162,Hamza Raza,Female,Lahore,Beverages,Coca Cola 1.5L,Coca-Cola,4,220,15,748,680,68,JazzCash,Ali,4.8
ORD10108,21/03/2025,DHA,C1454,Zain Sheikh,Female,Lahore,Beverages,Nestle Water 1.5L,Nestle,1,90,0,90,60,30,JazzCash,Umar,4.1
ORD10109,21/04/2025,Gulberg,C1291,Zain Chaudhry,Female,Lahore,Bakery,Bread,Dawn,3,120,15,306,240,66,Cash,Hassan,4.1
ORD10110,03/11/2025,Johar Town,C1786,Usman Raza,Female,Lahore,Grocery,Basmati Rice 5kg,Guard,2,3200,10,5760,5200,560,Credit Card,Ali,3.5
ORD10111,09/08/2025,Johar Town,C1513,Fatima Iqbal,Male,Lahore,Beverages,Pepsi 1.5L,Pepsi,4,220,20,704,680,24,Easypaisa,Ahmed,4.2
ORD10112,24/08/2025,Wapda Town,C1415,Maryam Sheikh,Female,Lahore,Grocery,Sugar 1kg,Shan,5,180,15,765,750,15,Cash,Hamza,3.5
ORD10113,16/06/2025,Gulberg,C1448,Ahmed Malik,Female,Lahore,Beverages,Nestle Water 1.5L,Nestle,4,90,10,324,240,84,JazzCash,Hamza,4.3
ORD10114,22/07/2025,DHA,C1798,Usman Ahmed,Male,Lahore,Electronics,Power Bank,Xiaomi,3,4500,5,12825,10800,2025,JazzCash,Hassan,4.9
ORD10115,28/06/2025,Gulberg,C1150,Bilal Malik,Male,Lahore,Electronics,Power Bank,Xiaomi,2,4500,5,8550,7200,1350,JazzCash,Usman,4.6
ORD10116,02/12/2025,Wapda Town,C1779,Sara Chaudhry,Female,Lahore,Grocery,Cooking Oil 1L,Dalda,4,650,15,2210,2080,130,Credit Card,Usman,4.2
ORD10117,29/08/2025,Wapda Town,C1058,Hamza Ahmed,Female,Lahore,Home,Shampoo,Sunsilk,3,620,10,1674,1500,174,Easypaisa,Umar,3.6
ORD10118,08/07/2025,Wapda Town,C1520,Umar Chaudhry,Male,Lahore,Electronics,Mouse,Logitech,1,1800,20,1440,1400,40,Easypaisa,Hassan,4
ORD10119,01/09/2025,Gulberg,C1352,Maryam Ahmed,Male,Lahore,Bakery,Bread,Dawn,1,120,15,102,80,22,Cash,Hassan,4.6
ORD10120,13/08/2025,DHA,C1382,Bilal Sheikh,Female,Lahore,Bakery,Cake,Gourmet,5,900,5,4275,3500,775,Credit Card,Ahmed,4.7
ORD10121,28/11/2025,Wapda Town,C1695,Umar Raza,Female,Lahore,Electronics,Mouse,Logitech,3,1800,0,5400,4200,1200,JazzCash,Usman,4
ORD10122,26/10/2025,Model Town,C1133,Sara Ahmed,Female,Lahore,Stationery,Notebook,Dollar,3,180,10,486,360,126,JazzCash,Hamza,4.5
ORD10123,18/06/2025,Model Town,C1521,Hamza Khan,Female,Lahore,Beverages,Nestle Water 1.5L,Nestle,5,90,0,450,300,150,Credit Card,Usman,4.9
ORD10124,24/06/2025,Johar Town,C1080,Bilal Ahmed,Male,Lahore,Home,Detergent 1kg,Surf Excel,2,850,5,1615,1360,255,Credit Card,Usman,4.4
ORD10125,20/03/2025,Model Town,C1045,Umar Iqbal,Male,Lahore,Beverages,Pepsi 1.5L,Pepsi,5,220,5,1045,850,195,Easypaisa,Bilal,4.6
ORD10126,18/08/2025,Model Town,C1199,Hamza Chaudhry,Female,Lahore,Beverages,Nestle Water 1.5L,Nestle,2,90,10,162,120,42,Credit Card,Hamza,4.3
ORD10127,03/08/2025,DHA,C1054,Zain Chaudhry,Female,Lahore,Beverages,Pepsi 1.5L,Pepsi,5,220,5,1045,850,195,JazzCash,Ali,4.6
ORD10128,22/09/2025,DHA,C1461,Fatima Butt,Female,Lahore,Grocery,Sugar 1kg,Shan,1,180,5,171,150,21,Cash,Hassan,4.7
ORD10129,28/06/2025,Wapda Town,C1383,Hassan Sheikh,Male,Lahore,Grocery,Tea 475g,Tapal,1,980,15,833,820,13,Credit Card,Hassan,3.5
ORD10130,20/02/2025,Johar Town,C1040,Bilal Chaudhry,Male,Lahore,Stationery,Marker,Dollar,3,120,5,342,240,102,Easypaisa,Umar,4.4
ORD10131,10/02/2025,Wapda Town,C1745,Sara Sheikh,Male,Lahore,Grocery,Sugar 1kg,Shan,2,180,5,342,300,42,Credit Card,Hassan,4
ORD10132,25/01/2025,Gulberg,C1114,Ayesha Khan,Male,Lahore,Beverages,Coca Cola 1.5L,Coca-Cola,5,220,15,935,850,85,Debit Card,Bilal,4.1
ORD10133,11/11/2025,Johar Town,C1681,Zain Ahmed,Female,Lahore,Electronics,Mouse,Logitech,5,1800,15,7650,7000,650,Cash,Ahmed,4.1
ORD10134,29/08/2025,Gulberg,C1366,Ahmed Iqbal,Male,Lahore,Grocery,Tea 475g,Tapal,3,980,10,2646,2460,186,Cash,Zain,3.7
ORD10135,30/06/2025,Model Town,C1647,Usman Butt,Male,Lahore,Bakery,Cookies,LU,2,250,15,425,360,65,Easypaisa,Ahmed,3.9
ORD10136,23/01/2025,Wapda Town,C1408,Fatima Chaudhry,Female,Lahore,Beverages,Pepsi 1.5L,Pepsi,3,220,10,594,510,84,Cash,Hassan,3.9
ORD10137,25/01/2025,DHA,C1448,Umar Chaudhry,Female,Lahore,Stationery,Pen,Dollar,3,60,0,180,105,75,Credit Card,Usman,4.2
ORD10138,12/09/2025,Model Town,C1081,Umar Butt,Female,Lahore,Electronics,Power Bank,Xiaomi,3,4500,0,13500,10800,2700,Credit Card,Ali,3.6
ORD10139,05/12/2025,Model Town,C1171,Maryam Chaudhry,Female,Lahore,Electronics,Keyboard,A4Tech,4,2800,20,8960,8800,160,Easypaisa,Ahmed,4.6
ORD10140,30/06/2025,Gulberg,C1688,Zain Sheikh,Female,Lahore,Bakery,Cookies,LU,3,250,0,750,540,210,JazzCash,Usman,4.9
ORD10141,15/03/2025,Johar Town,C1069,Hassan Iqbal,Female,Lahore,Bakery,Cake,Gourmet,4,900,0,3600,2800,800,Easypaisa,Ahmed,4.4
ORD10142,14/12/2025,Gulberg,C1588,Usman Iqbal,Female,Lahore,Home,Soap,Lux,3,180,15,459,390,69,Credit Card,Bilal,3.9
ORD10143,28/02/2025,Model Town,C1576,Ahmed Raza,Female,Lahore,Grocery,Cooking Oil 1L,Dalda,4,650,20,2080,2080,0,Easypaisa,Hassan,5
ORD10144,27/05/2025,Johar Town,C1076,Ayesha Butt,Female,Lahore,Stationery,Pen,Dollar,2,60,0,120,70,50,Cash,Zain,4.5
ORD10145,30/12/2025,Johar Town,C1371,Fatima Malik,Male,Lahore,Grocery,Sugar 1kg,Shan,3,180,5,513,450,63,Debit Card,Usman,3.9
ORD10146,10/09/2025,DHA,C1479,Fatima Butt,Male,Lahore,Grocery,Sugar 1kg,Shan,5,180,20,720,750,-30,Cash,Bilal,4.1
ORD10147,03/09/2025,Gulberg,C1129,Hamza Ahmed,Female,Lahore,Bakery,Cookies,LU,4,250,20,800,720,80,Easypaisa,Zain,3.7
ORD10148,10/10/2025,Model Town,C1515,Ali Ahmed,Male,Lahore,Stationery,Marker,Dollar,2,120,5,228,160,68,Credit Card,Usman,3.7
ORD10149,30/12/2025,Gulberg,C1257,Hassan Raza,Male,Lahore,Beverages,Coca Cola 1.5L,Coca-Cola,5,220,10,990,850,140,Credit Card,Ali,4.3
ORD10150,28/03/2025,Wapda Town,C1738,Sara Iqbal,Male,Lahore,Bakery,Cake,Gourmet,2,900,5,1710,1400,310,Cash,Ali,3.6
ORD10151,25/11/2025,Model Town,C1633,Zain Khan,Female,Lahore,Bakery,Cookies,LU,2,250,20,400,360,40,JazzCash,Bilal,4.5
ORD10152,04/06/2025,Model Town,C1075,Maryam Khan,Male,Lahore,Home,Detergent 1kg,Surf Excel,4,850,10,3060,2720,340,Easypaisa,Hamza,4.2
ORD10153,15/04/2025,DHA,C1752,Hamza Sheikh,Male,Lahore,Electronics,Power Bank,Xiaomi,2,4500,10,8100,7200,900,Credit Card,Ali,4
ORD10154,27/08/2025,Johar Town,C1100,Ali Raza,Female,Lahore,Grocery,Sugar 1kg,Shan,4,180,5,684,600,84,JazzCash,Hamza,3.9
ORD10155,23/03/2025,Johar Town,C1511,Fatima Chaudhry,Female,Lahore,Electronics,Power Bank,Xiaomi,3,4500,5,12825,10800,2025,Credit Card,Umar,3.5
ORD10156,21/07/2025,Wapda Town,C1362,Ali Khan,Female,Lahore,Bakery,Cookies,LU,2,250,5,475,360,115,Easypaisa,Umar,3.9
ORD10157,05/01/2025,DHA,C1783,Umar Iqbal,Male,Lahore,Grocery,Tea 475g,Tapal,2,980,10,1764,1640,124,Easypaisa,Ahmed,4.4
ORD10158,10/04/2025,Model Town,C1517,Ayesha Raza,Male,Lahore,Electronics,Power Bank,Xiaomi,3,4500,0,13500,10800,2700,Debit Card,Ali,4.1
ORD10159,23/06/2025,Wapda Town,C1522,Umar Khan,Male,Lahore,Bakery,Cookies,LU,2,250,5,475,360,115,Cash,Usman,4.6
ORD10160,31/08/2025,Wapda Town,C1144,Hamza Iqbal,Male,Lahore,Bakery,Cookies,LU,2,250,20,400,360,40,Easypaisa,Bilal,4.4
ORD10161,17/09/2025,DHA,C1487,Ali Iqbal,Female,Lahore,Bakery,Cake,Gourmet,4,900,20,2880,2800,80,Cash,Hamza,4.4
ORD10162,19/12/2025,DHA,C1672,Sara Malik,Male,Lahore,Stationery,Notebook,Dollar,5,180,15,765,600,165,JazzCash,Umar,3.8
ORD10163,19/11/2025,Johar Town,C1033,Sara Ahmed,Male,Lahore,Stationery,Marker,Dollar,4,120,5,456,320,136,Cash,Umar,4
ORD10164,19/03/2025,Wapda Town,C1794,Sara Chaudhry,Male,Lahore,Home,Shampoo,Sunsilk,2,620,15,1054,1000,54,Debit Card,Hassan,4.3
ORD10165,06/12/2025,Johar Town,C1471,Fatima Iqbal,Female,Lahore,Home,Shampoo,Sunsilk,4,620,10,2232,2000,232,Credit Card,Umar,3.8
ORD10166,07/05/2025,DHA,C1790,Bilal Malik,Female,Lahore,Electronics,Power Bank,Xiaomi,3,4500,5,12825,10800,2025,Credit Card,Umar,4
ORD10167,21/05/2025,Model Town,C1405,Hamza Butt,Female,Lahore,Electronics,Mouse,Logitech,5,1800,20,7200,7000,200,Cash,Bilal,4.9
ORD10168,10/02/2025,Johar Town,C1207,Fatima Raza,Female,Lahore,Electronics,Keyboard,A4Tech,3,2800,15,7140,6600,540,Debit Card,Ali,4.4
ORD10169,28/10/2025,Johar Town,C1654,Hassan Khan,Male,Lahore,Beverages,Pepsi 1.5L,Pepsi,1,220,20,176,170,6,Easypaisa,Zain,4.6
ORD10170,21/02/2025,Johar Town,C1417,Zain Chaudhry,Female,Lahore,Stationery,Notebook,Dollar,1,180,20,144,120,24,Debit Card,Bilal,4
ORD10171,27/11/2025,Wapda Town,C1757,Maryam Khan,Male,Lahore,Grocery,Basmati Rice 5kg,Guard,5,3200,5,15200,13000,2200,Easypaisa,Usman,4.9
ORD10172,19/01/2025,Gulberg,C1010,Bilal Ahmed,Female,Lahore,Home,Soap,Lux,2,180,10,324,260,64,Credit Card,Umar,5
ORD10173,06/10/2025,Model Town,C1280,Hassan Ahmed,Female,Lahore,Bakery,Cookies,LU,2,250,20,400,360,40,Debit Card,Umar,4.5
ORD10174,06/04/2025,Johar Town,C1180,Sara Sheikh,Female,Lahore,Grocery,Sugar 1kg,Shan,3,180,20,432,450,-18,JazzCash,Zain,3.6
ORD10175,09/12/2025,DHA,C1255,Ali Raza,Female,Lahore,Grocery,Cooking Oil 1L,Dalda,2,650,15,1105,1040,65,Debit Card,Umar,4.6
ORD10176,18/06/2025,DHA,C1670,Hamza Malik,Male,Lahore,Electronics,Power Bank,Xiaomi,5,4500,0,22500,18000,4500,Cash,Umar,4
ORD10177,27/07/2025,DHA,C1377,Sara Malik,Male,Lahore,Stationery,Marker,Dollar,3,120,0,360,240,120,Debit Card,Umar,3.7
ORD10178,07/11/2025,Wapda Town,C1681,Hassan Malik,Male,Lahore,Electronics,Keyboard,A4Tech,5,2800,15,11900,11000,900,JazzCash,Umar,4.3
ORD10179,05/07/2025,Wapda Town,C1208,Sara Butt,Male,Lahore,Grocery,Basmati Rice 5kg,Guard,1,3200,20,2560,2600,-40,Credit Card,Umar,3.7
ORD10180,16/04/2025,Wapda Town,C1457,Ali Chaudhry,Male,Lahore,Stationery,Marker,Dollar,4,120,0,480,320,160,JazzCash,Hamza,4.2
ORD10181,30/01/2025,Model Town,C1261,Ali Malik,Male,Lahore,Bakery,Cookies,LU,3,250,0,750,540,210,Cash,Hamza,4
ORD10182,02/02/2025,Gulberg,C1294,Umar Butt,Male,Lahore,Bakery,Bread,Dawn,1,120,15,102,80,22,Easypaisa,Zain,5
ORD10183,15/07/2025,Wapda Town,C1137,Zain Iqbal,Male,Lahore,Home,Soap,Lux,4,180,0,720,520,200,Debit Card,Hamza,4.3
ORD10184,25/04/2025,Wapda Town,C1435,Fatima Sheikh,Male,Lahore,Grocery,Basmati Rice 5kg,Guard,3,3200,15,8160,7800,360,Debit Card,Umar,4
ORD10185,22/05/2025,Model Town,C1630,Ali Malik,Male,Lahore,Beverages,Nestle Water 1.5L,Nestle,1,90,0,90,60,30,Cash,Ali,4.4
ORD10186,17/08/2025,Gulberg,C1412,Ayesha Malik,Male,Lahore,Bakery,Cake,Gourmet,1,900,5,855,700,155,Cash,Usman,4.3
ORD10187,29/05/2025,Wapda Town,C1613,Zain Iqbal,Male,Lahore,Beverages,Nestle Water 1.5L,Nestle,5,90,10,405,300,105,Credit Card,Usman,5
ORD10188,24/09/2025,Gulberg,C1571,Sara Butt,Female,Lahore,Beverages,Coca Cola 1.5L,Coca-Cola,3,220,10,594,510,84,JazzCash,Umar,3.6
ORD10189,26/06/2025,DHA,C1714,Umar Sheikh,Male,Lahore,Stationery,Marker,Dollar,4,120,20,384,320,64,Credit Card,Hamza,3.8
ORD10190,03/10/2025,Johar Town,C1475,Ali Sheikh,Female,Lahore,Home,Detergent 1kg,Surf Excel,2,850,10,1530,1360,170,JazzCash,Usman,4.1
ORD10191,11/05/2025,DHA,C1095,Fatima Malik,Male,Lahore,Beverages,Coca Cola 1.5L,Coca-Cola,1,220,15,187,170,17,Credit Card,Hamza,4.5
ORD10192,05/11/2025,Wapda Town,C1223,Ayesha Malik,Female,Lahore,Grocery,Basmati Rice 5kg,Guard,2,3200,20,5120,5200,-80,Credit Card,Ahmed,3.8
ORD10193,08/04/2025,Wapda Town,C1721,Hassan Sheikh,Male,Lahore,Stationery,Notebook,Dollar,4,180,5,684,480,204,JazzCash,Zain,4.7
ORD10194,14/07/2025,DHA,C1369,Fatima Chaudhry,Female,Lahore,Home,Shampoo,Sunsilk,3,620,10,1674,1500,174,Cash,Umar,4.6
ORD10195,13/06/2025,Gulberg,C1577,Hassan Butt,Male,Lahore,Beverages,Coca Cola 1.5L,Coca-Cola,3,220,15,561,510,51,Credit Card,Hamza,3.9
ORD10196,11/04/2025,Johar Town,C1512,Fatima Iqbal,Female,Lahore,Electronics,Mouse,Logitech,4,1800,20,5760,5600,160,Easypaisa,Umar,4.2
ORD10197,30/06/2025,Johar Town,C1556,Zain Khan,Male,Lahore,Beverages,Pepsi 1.5L,Pepsi,5,220,15,935,850,85,Cash,Ahmed,4.6
ORD10198,31/07/2025,Johar Town,C1010,Hassan Chaudhry,Female,Lahore,Beverages,Nestle Water 1.5L,Nestle,2,90,0,180,120,60,Cash,Umar,4.5
ORD10199,09/01/2025,Wapda Town,C1740,Bilal Raza,Male,Lahore,Grocery,Tea 475g,Tapal,1,980,0,980,820,160,JazzCash,Hamza,4.7
ORD10200,02/04/2025,Johar Town,C1197,Sara Raza,Female,Lahore,Grocery,Basmati Rice 5kg,Guard,5,3200,5,15200,13000,2200,Credit Card,Hamza,3.6
ORD10201,27/07/2025,DHA,C1701,Ahmed Khan,Male,Lahore,Home,Shampoo,Sunsilk,2,620,5,1178,1000,178,Easypaisa,Hamza,4.1
ORD10202,01/09/2025,Model Town,C1445,Zain Iqbal,Male,Lahore,Grocery,Basmati Rice 5kg,Guard,2,3200,0,6400,5200,1200,JazzCash,Ahmed,3.8
ORD10203,21/12/2025,Gulberg,C1701,Bilal Khan,Male,Lahore,Bakery,Cookies,LU,3,250,0,750,540,210,Credit Card,Ahmed,4.9
ORD10204,28/10/2025,DHA,C1167,Sara Malik,Female,Lahore,Beverages,Nestle Water 1.5L,Nestle,4,90,0,360,240,120,JazzCash,Zain,4.1
ORD10205,13/03/2025,DHA,C1055,Ahmed Sheikh,Male,Lahore,Stationery,Marker,Dollar,1,120,20,96,80,16,Cash,Zain,4.4
ORD10206,11/11/2025,DHA,C1462,Ayesha Malik,Female,Lahore,Bakery,Cookies,LU,3,250,0,750,540,210,JazzCash,Hamza,4.1
ORD10207,15/12/2025,Wapda Town,C1303,Hassan Ahmed,Male,Lahore,Bakery,Cake,Gourmet,4,900,0,3600,2800,800,Credit Card,Usman,4.1
ORD10208,21/11/2025,DHA,C1110,Ahmed Khan,Female,Lahore,Beverages,Nestle Water 1.5L,Nestle,4,90,10,324,240,84,Easypaisa,Zain,4.6
ORD10209,22/02/2025,Model Town,C1571,Fatima Sheikh,Male,Lahore,Beverages,Pepsi 1.5L,Pepsi,2,220,15,374,340,34,Cash,Ali,4
ORD10210,17/02/2025,Gulberg,C1299,Umar Sheikh,Male,Lahore,Bakery,Cake,Gourmet,3,900,15,2295,2100,195,JazzCash,Hassan,4.4
ORD10211,28/03/2025,DHA,C1309,Bilal Chaudhry,Male,Lahore,Stationery,Pen,Dollar,2,60,5,114,70,44,Cash,Usman,4.2
ORD10212,04/08/2025,DHA,C1253,Maryam Chaudhry,Male,Lahore,Electronics,Keyboard,A4Tech,1,2800,10,2520,2200,320,Easypaisa,Ali,3.7
ORD10213,04/01/2025,DHA,C1451,Hamza Sheikh,Male,Lahore,Home,Soap,Lux,5,180,15,765,650,115,Credit Card,Zain,4.4
ORD10214,22/12/2025,Model Town,C1327,Bilal Chaudhry,Male,Lahore,Beverages,Coca Cola 1.5L,Coca-Cola,3,220,5,627,510,117,Credit Card,Hamza,3.9
ORD10215,21/07/2025,Wapda Town,C1559,Usman Khan,Female,Lahore,Electronics,Mouse,Logitech,5,1800,5,8550,7000,1550,Debit Card,Umar,4.7
ORD10216,21/12/2025,DHA,C1248,Bilal Butt,Female,Lahore,Grocery,Tea 475g,Tapal,4,980,5,3724,3280,444,Easypaisa,Ali,4.2
ORD10217,03/11/2025,Wapda Town,C1709,Umar Khan,Female,Lahore,Home,Shampoo,Sunsilk,4,620,20,1984,2000,-16,JazzCash,Ali,3.7
ORD10218,08/05/2025,Wapda Town,C1046,Sara Sheikh,Female,Lahore,Stationery,Marker,Dollar,3,120,5,342,240,102,Easypaisa,Ali,3.5
ORD10219,13/05/2025,Wapda Town,C1705,Sara Malik,Female,Lahore,Beverages,Nestle Water 1.5L,Nestle,5,90,20,360,300,60,Credit Card,Hamza,4.2
ORD10220,14/12/2025,DHA,C1026,Ayesha Ahmed,Female,Lahore,Bakery,Cake,Gourmet,5,900,5,4275,3500,775,Easypaisa,Ali,3.7
ORD10221,14/03/2025,Johar Town,C1534,Ayesha Iqbal,Female,Lahore,Electronics,Keyboard,A4Tech,3,2800,15,7140,6600,540,Cash,Umar,4.6
ORD10222,20/08/2025,Gulberg,C1024,Hamza Ahmed,Male,Lahore,Electronics,Mouse,Logitech,3,1800,0,5400,4200,1200,Debit Card,Usman,4.3
ORD10223,19/06/2025,Model Town,C1645,Usman Butt,Female,Lahore,Bakery,Cookies,LU,4,250,5,950,720,230,Easypaisa,Ahmed,4.6
ORD10224,12/04/2025,Gulberg,C1722,Hassan Malik,Female,Lahore,Home,Shampoo,Sunsilk,4,620,15,2108,2000,108,Cash,Ali,4.7
ORD10225,02/10/2025,Model Town,C1117,Bilal Chaudhry,Female,Lahore,Beverages,Coca Cola 1.5L,Coca-Cola,3,220,5,627,510,117,JazzCash,Hamza,4.4
ORD10226,28/10/2025,Wapda Town,C1177,Zain Raza,Male,Lahore,Grocery,Sugar 1kg,Shan,3,180,15,459,450,9,Debit Card,Zain,3.7
ORD10227,06/06/2025,Wapda Town,C1398,Umar Butt,Female,Lahore,Grocery,Cooking Oil 1L,Dalda,3,650,5,1852.5,1560,292.5,Easypaisa,Usman,4.2
ORD10228,03/10/2025,Johar Town,C1502,Bilal Butt,Male,Lahore,Stationery,Marker,Dollar,2,120,20,192,160,32,Credit Card,Umar,4.4
ORD10229,03/07/2025,Model Town,C1576,Fatima Chaudhry,Female,Lahore,Grocery,Tea 475g,Tapal,2,980,5,1862,1640,222,Easypaisa,Hamza,4.6
ORD10230,16/08/2025,Gulberg,C1780,Hassan Raza,Male,Lahore,Home,Detergent 1kg,Surf Excel,1,850,20,680,680,0,Credit Card,Hassan,4.3
ORD10231,28/03/2025,Wapda Town,C1116,Sara Ahmed,Female,Lahore,Home,Shampoo,Sunsilk,4,620,20,1984,2000,-16,JazzCash,Zain,4.3
ORD10232,22/01/2025,Model Town,C1105,Maryam Malik,Female,Lahore,Stationery,Pen,Dollar,5,60,5,285,175,110,Cash,Umar,3.9
ORD10233,14/02/2025,Wapda Town,C1706,Hamza Sheikh,Male,Lahore,Home,Detergent 1kg,Surf Excel,2,850,5,1615,1360,255,JazzCash,Usman,4.7
ORD10234,16/04/2025,Wapda Town,C1552,Usman Iqbal,Female,Lahore,Grocery,Sugar 1kg,Shan,5,180,10,810,750,60,Credit Card,Bilal,4.9
ORD10235,21/09/2025,Gulberg,C1284,Zain Butt,Male,Lahore,Stationery,Notebook,Dollar,2,180,15,306,240,66,Debit Card,Usman,4.6
ORD10236,07/05/2025,Wapda Town,C1648,Bilal Sheikh,Female,Lahore,Stationery,Pen,Dollar,4,60,5,228,140,88,Easypaisa,Ali,4.5
ORD10237,17/02/2025,Model Town,C1500,Hamza Khan,Male,Lahore,Home,Shampoo,Sunsilk,3,620,10,1674,1500,174,Easypaisa,Zain,4.8
ORD10238,01/10/2025,Model Town,C1275,Hamza Raza,Female,Lahore,Home,Detergent 1kg,Surf Excel,4,850,5,3230,2720,510,JazzCash,Usman,4.3
ORD10239,06/09/2025,Gulberg,C1642,Ayesha Khan,Male,Lahore,Electronics,Power Bank,Xiaomi,1,4500,0,4500,3600,900,Debit Card,Umar,4.2
ORD10240,08/08/2025,Johar Town,C1281,Ahmed Iqbal,Female,Lahore,Beverages,Nestle Water 1.5L,Nestle,2,90,10,162,120,42,Cash,Zain,4.5
ORD10241,29/11/2025,Johar Town,C1440,Zain Ahmed,Male,Lahore,Beverages,Pepsi 1.5L,Pepsi,4,220,10,792,680,112,Cash,Hassan,4.2
ORD10242,09/03/2025,Gulberg,C1009,Maryam Iqbal,Male,Lahore,Bakery,Bread,Dawn,5,120,15,510,400,110,Easypaisa,Usman,4.2
ORD10243,28/04/2025,DHA,C1377,Bilal Butt,Female,Lahore,Home,Detergent 1kg,Surf Excel,1,850,0,850,680,170,Debit Card,Usman,3.6
ORD10244,16/10/2025,Johar Town,C1644,Maryam Butt,Female,Lahore,Grocery,Cooking Oil 1L,Dalda,4,650,10,2340,2080,260,JazzCash,Umar,4.8
ORD10245,14/02/2025,Model Town,C1360,Umar Iqbal,Male,Lahore,Grocery,Cooking Oil 1L,Dalda,1,650,20,520,520,0,Debit Card,Bilal,4.5
ORD10246,08/05/2025,DHA,C1798,Maryam Khan,Female,Lahore,Bakery,Cake,Gourmet,5,900,20,3600,3500,100,Debit Card,Hassan,4.6
ORD10247,01/06/2025,Model Town,C1116,Hassan Chaudhry,Male,Lahore,Stationery,Notebook,Dollar,2,180,15,306,240,66,JazzCash,Ahmed,5
ORD10248,12/06/2025,DHA,C1560,Zain Butt,Female,Lahore,Beverages,Coca Cola 1.5L,Coca-Cola,5,220,15,935,850,85,Cash,Ahmed,4.4
ORD10249,08/01/2025,Model Town,C1519,Bilal Sheikh,Female,Lahore,Electronics,Mouse,Logitech,1,1800,0,1800,1400,400,Easypaisa,Ali,4.5
ORD10250,03/10/2025,DHA,C1081,Fatima Malik,Male,Lahore,Bakery,Bread,Dawn,3,120,0,360,240,120,JazzCash,Zain,4.1
ORD10251,21/11/2025,Model Town,C1748,Hassan Khan,Male,Lahore,Stationery,Marker,Dollar,1,120,10,108,80,28,Cash,Hamza,3.7
ORD10252,10/11/2025,Gulberg,C1013,Maryam Butt,Male,Lahore,Bakery,Bread,Dawn,3,120,5,342,240,102,Debit Card,Umar,4.9
ORD10253,25/09/2025,DHA,C1130,Maryam Raza,Male,Lahore,Bakery,Cake,Gourmet,3,900,5,2565,2100,465,Cash,Zain,4.7
ORD10254,20/05/2025,Gulberg,C1509,Ayesha Iqbal,Male,Lahore,Bakery,Bread,Dawn,3,120,20,288,240,48,Easypaisa,Usman,4.1
ORD10255,11/05/2025,Gulberg,C1046,Ali Malik,Male,Lahore,Grocery,Basmati Rice 5kg,Guard,2,3200,20,5120,5200,-80,Easypaisa,Zain,4.1
ORD10256,18/03/2025,Johar Town,C1330,Hassan Sheikh,Female,Lahore,Beverages,Pepsi 1.5L,Pepsi,5,220,15,935,850,85,Credit Card,Ali,4.4
ORD10257,03/03/2025,Johar Town,C1529,Ali Sheikh,Male,Lahore,Bakery,Cake,Gourmet,1,900,5,855,700,155,Easypaisa,Bilal,4.7
ORD10258,09/06/2025,Gulberg,C1378,Hassan Raza,Female,Lahore,Electronics,Mouse,Logitech,5,1800,15,7650,7000,650,JazzCash,Hassan,4.2
ORD10259,30/10/2025,Johar Town,C1007,Umar Khan,Male,Lahore,Home,Detergent 1kg,Surf Excel,5,850,5,4037.5,3400,637.5,JazzCash,Zain,4.5
ORD10260,22/12/2025,DHA,C1107,Hassan Malik,Female,Lahore,Grocery,Sugar 1kg,Shan,1,180,15,153,150,3,Easypaisa,Ahmed,5
ORD10261,14/03/2025,Johar Town,C1533,Umar Iqbal,Female,Lahore,Stationery,Pen,Dollar,1,60,0,60,35,25,Cash,Ali,4.3
ORD10262,23/11/2025,Gulberg,C1446,Zain Butt,Male,Lahore,Home,Detergent 1kg,Surf Excel,5,850,20,3400,3400,0,Credit Card,Bilal,4.8
ORD10263,21/07/2025,Model Town,C1279,Hassan Ahmed,Male,Lahore,Stationery,Marker,Dollar,3,120,10,324,240,84,Debit Card,Ali,3.7
ORD10264,26/03/2025,Gulberg,C1549,Hamza Malik,Female,Lahore,Home,Soap,Lux,3,180,15,459,390,69,Credit Card,Umar,3.9
ORD10265,03/03/2025,Gulberg,C1221,Hamza Butt,Male,Lahore,Grocery,Cooking Oil 1L,Dalda,3,650,20,1560,1560,0,Debit Card,Zain,4.1
ORD10266,26/01/2025,Gulberg,C1415,Ayesha Malik,Male,Lahore,Stationery,Pen,Dollar,3,60,5,171,105,66,Easypaisa,Ali,4.7
ORD10267,13/03/2025,Johar Town,C1203,Umar Iqbal,Male,Lahore,Grocery,Basmati Rice 5kg,Guard,1,3200,5,3040,2600,440,JazzCash,Bilal,4.9
ORD10268,08/02/2025,Johar Town,C1095,Hamza Ahmed,Male,Lahore,Grocery,Basmati Rice 5kg,Guard,2,3200,15,5440,5200,240,Easypaisa,Ahmed,3.8
ORD10269,21/10/2025,Gulberg,C1392,Zain Sheikh,Male,Lahore,Home,Shampoo,Sunsilk,4,620,15,2108,2000,108,Credit Card,Hassan,4.9
ORD10270,21/05/2025,Wapda Town,C1635,Sara Malik,Female,Lahore,Electronics,Keyboard,A4Tech,2,2800,0,5600,4400,1200,Easypaisa,Hamza,4.8
ORD10271,03/09/2025,Johar Town,C1430,Hassan Malik,Male,Lahore,Grocery,Basmati Rice 5kg,Guard,3,3200,15,8160,7800,360,Easypaisa,Zain,4.2
ORD10272,06/09/2025,Model Town,C1277,Usman Khan,Female,Lahore,Electronics,Power Bank,Xiaomi,5,4500,10,20250,18000,2250,JazzCash,Hassan,3.5
ORD10273,24/05/2025,Wapda Town,C1239,Usman Ahmed,Male,Lahore,Grocery,Tea 475g,Tapal,5,980,10,4410,4100,310,Debit Card,Bilal,4.3
ORD10274,29/01/2025,Johar Town,C1181,Hassan Iqbal,Female,Lahore,Beverages,Nestle Water 1.5L,Nestle,4,90,10,324,240,84,JazzCash,Ahmed,4.6
ORD10275,30/06/2025,Johar Town,C1505,Fatima Raza,Male,Lahore,Bakery,Cake,Gourmet,2,900,20,1440,1400,40,Easypaisa,Ahmed,3.6
ORD10276,30/04/2025,Model Town,C1001,Hamza Malik,Male,Lahore,Bakery,Bread,Dawn,1,120,20,96,80,16,Credit Card,Usman,4.9
ORD10277,15/06/2025,Johar Town,C1793,Ahmed Iqbal,Male,Lahore,Grocery,Basmati Rice 5kg,Guard,2,3200,20,5120,5200,-80,Credit Card,Hamza,4.4
ORD10278,22/06/2025,Model Town,C1655,Ayesha Iqbal,Male,Lahore,Electronics,Keyboard,A4Tech,2,2800,5,5320,4400,920,JazzCash,Zain,3.8
ORD10279,29/10/2025,Johar Town,C1182,Maryam Khan,Female,Lahore,Beverages,Coca Cola 1.5L,Coca-Cola,3,220,10,594,510,84,JazzCash,Ahmed,3.8
ORD10280,12/06/2025,Model Town,C1145,Hamza Ahmed,Male,Lahore,Bakery,Bread,Dawn,5,120,0,600,400,200,Credit Card,Zain,3.8
ORD10281,15/02/2025,Gulberg,C1272,Hassan Malik,Male,Lahore,Stationery,Marker,Dollar,3,120,15,306,240,66,Credit Card,Bilal,4.7
ORD10282,01/01/2025,Johar Town,C1424,Ayesha Sheikh,Female,Lahore,Grocery,Tea 475g,Tapal,4,980,15,3332,3280,52,JazzCash,Hamza,3.7
ORD10283,03/09/2025,Model Town,C1076,Ali Raza,Male,Lahore,Bakery,Cake,Gourmet,2,900,5,1710,1400,310,Credit Card,Bilal,4.9
ORD10284,07/02/2025,Gulberg,C1561,Ahmed Iqbal,Female,Lahore,Electronics,Mouse,Logitech,4,1800,5,6840,5600,1240,Cash,Hamza,4.9
ORD10285,26/03/2025,Gulberg,C1340,Hassan Malik,Female,Lahore,Bakery,Cookies,LU,2,250,0,500,360,140,JazzCash,Bilal,4.5
ORD10286,02/06/2025,Wapda Town,C1563,Ayesha Butt,Male,Lahore,Beverages,Pepsi 1.5L,Pepsi,1,220,15,187,170,17,Credit Card,Ahmed,4.1
ORD10287,31/05/2025,Johar Town,C1100,Ali Malik,Male,Lahore,Stationery,Marker,Dollar,5,120,15,510,400,110,Credit Card,Ali,4.2
ORD10288,01/03/2025,DHA,C1094,Zain Sheikh,Male,Lahore,Electronics,Keyboard,A4Tech,4,2800,15,9520,8800,720,Credit Card,Hamza,4.1
ORD10289,17/08/2025,DHA,C1232,Bilal Khan,Male,Lahore,Grocery,Sugar 1kg,Shan,4,180,15,612,600,12,Cash,Ali,4.5
ORD10290,05/10/2025,Gulberg,C1397,Fatima Sheikh,Female,Lahore,Home,Shampoo,Sunsilk,2,620,20,992,1000,-8,JazzCash,Hassan,4.2
ORD10291,10/02/2025,Wapda Town,C1530,Sara Butt,Male,Lahore,Home,Shampoo,Sunsilk,1,620,20,496,500,-4,Easypaisa,Usman,4.9
ORD10292,27/03/2025,Model Town,C1081,Zain Sheikh,Male,Lahore,Beverages,Pepsi 1.5L,Pepsi,2,220,0,440,340,100,Debit Card,Bilal,4
ORD10293,04/02/2025,Wapda Town,C1334,Bilal Chaudhry,Male,Lahore,Grocery,Tea 475g,Tapal,5,980,15,4165,4100,65,JazzCash,Hamza,3.7
ORD10294,18/03/2025,Gulberg,C1109,Sara Ahmed,Female,Lahore,Beverages,Nestle Water 1.5L,Nestle,5,90,20,360,300,60,JazzCash,Zain,4.8
ORD10295,16/05/2025,Wapda Town,C1485,Ali Butt,Female,Lahore,Home,Shampoo,Sunsilk,4,620,20,1984,2000,-16,Easypaisa,Usman,4.4
ORD10296,15/12/2025,DHA,C1708,Hassan Khan,Female,Lahore,Stationery,Pen,Dollar,1,60,15,51,35,16,Credit Card,Zain,3.5
ORD10297,05/06/2025,Johar Town,C1138,Bilal Chaudhry,Female,Lahore,Electronics,Keyboard,A4Tech,4,2800,0,11200,8800,2400,Credit Card,Hamza,4.4
ORD10298,15/02/2025,Model Town,C1778,Fatima Iqbal,Male,Lahore,Beverages,Coca Cola 1.5L,Coca-Cola,2,220,15,374,340,34,JazzCash,Usman,3.6
ORD10299,30/12/2025,Wapda Town,C1030,Usman Malik,Male,Lahore,Bakery,Cookies,LU,2,250,20,400,360,40,Cash,Hassan,3.5
ORD10300,26/01/2025,DHA,C1476,Fatima Sheikh,Male,Lahore,Electronics,Power Bank,Xiaomi,2,4500,10,8100,7200,900,Cash,Hassan,4.1
ORD10301,01/11/2025,Wapda Town,C1359,Hamza Butt,Female,Lahore,Home,Detergent 1kg,Surf Excel,4,850,20,2720,2720,0,Cash,Bilal,3.5
ORD10302,26/01/2025,Johar Town,C1694,Hassan Raza,Female,Lahore,Beverages,Nestle Water 1.5L,Nestle,2,90,5,171,120,51,JazzCash,Ahmed,4.8
ORD10303,16/12/2025,Wapda Town,C1009,Hassan Raza,Female,Lahore,Grocery,Tea 475g,Tapal,2,980,5,1862,1640,222,Credit Card,Hamza,4.8
ORD10304,28/06/2025,DHA,C1694,Fatima Sheikh,Male,Lahore,Home,Soap,Lux,2,180,15,306,260,46,Cash,Zain,4.3
ORD10305,01/11/2025,Model Town,C1066,Hamza Raza,Female,Lahore,Bakery,Cookies,LU,3,250,0,750,540,210,Credit Card,Bilal,4.5
ORD10306,30/11/2025,Johar Town,C1059,Sara Sheikh,Female,Lahore,Electronics,Mouse,Logitech,2,1800,20,2880,2800,80,Debit Card,Ahmed,4.5
ORD10307,01/06/2025,Gulberg,C1598,Maryam Malik,Female,Lahore,Electronics,Keyboard,A4Tech,4,2800,15,9520,8800,720,Debit Card,Umar,4.9
ORD10308,10/12/2025,Wapda Town,C1186,Bilal Ahmed,Female,Lahore,Electronics,Power Bank,Xiaomi,3,4500,5,12825,10800,2025,Debit Card,Bilal,4.6
ORD10309,14/10/2025,Johar Town,C1364,Hassan Raza,Female,Lahore,Beverages,Nestle Water 1.5L,Nestle,3,90,0,270,180,90,Credit Card,Zain,3.9
ORD10310,31/05/2025,Wapda Town,C1595,Sara Ahmed,Female,Lahore,Home,Detergent 1kg,Surf Excel,4,850,0,3400,2720,680,Debit Card,Ali,4.8
ORD10311,15/07/2025,Johar Town,C1141,Hassan Iqbal,Female,Lahore,Bakery,Cookies,LU,4,250,0,1000,720,280,JazzCash,Umar,3.7
ORD10312,03/04/2025,DHA,C1650,Ali Khan,Female,Lahore,Grocery,Tea 475g,Tapal,3,980,5,2793,2460,333,Credit Card,Hassan,4.6
ORD10313,28/03/2025,Johar Town,C1630,Umar Sheikh,Female,Lahore,Bakery,Bread,Dawn,4,120,0,480,320,160,Easypaisa,Umar,4.1
ORD10314,20/01/2025,DHA,C1776,Fatima Malik,Male,Lahore,Bakery,Bread,Dawn,3,120,0,360,240,120,Cash,Hassan,3.8
ORD10315,26/06/2025,Wapda Town,C1603,Bilal Butt,Male,Lahore,Electronics,Mouse,Logitech,1,1800,15,1530,1400,130,Cash,Bilal,4.9
ORD10316,22/08/2025,DHA,C1445,Zain Butt,Female,Lahore,Stationery,Marker,Dollar,5,120,20,480,400,80,Easypaisa,Zain,4.6
ORD10317,26/03/2025,Johar Town,C1217,Maryam Khan,Male,Lahore,Home,Detergent 1kg,Surf Excel,2,850,5,1615,1360,255,Cash,Zain,4.6
ORD10318,20/01/2025,Wapda Town,C1050,Sara Khan,Male,Lahore,Home,Shampoo,Sunsilk,3,620,20,1488,1500,-12,Cash,Ahmed,4.5
ORD10319,02/08/2025,DHA,C1486,Maryam Butt,Male,Lahore,Home,Soap,Lux,1,180,20,144,130,14,Cash,Bilal,4.1
ORD10320,21/02/2025,Wapda Town,C1718,Usman Sheikh,Male,Lahore,Stationery,Marker,Dollar,3,120,20,288,240,48,JazzCash,Ali,3.9
ORD10321,24/02/2025,DHA,C1536,Hassan Iqbal,Female,Lahore,Home,Detergent 1kg,Surf Excel,5,850,5,4037.5,3400,637.5,Credit Card,Usman,3.6
ORD10322,12/09/2025,Johar Town,C1003,Ali Ahmed,Male,Lahore,Beverages,Nestle Water 1.5L,Nestle,4,90,10,324,240,84,JazzCash,Umar,3.7
ORD10323,16/02/2025,Johar Town,C1468,Bilal Raza,Female,Lahore,Bakery,Bread,Dawn,1,120,10,108,80,28,Cash,Ali,4.7
ORD10324,21/01/2025,Gulberg,C1098,Ali Khan,Male,Lahore,Electronics,Keyboard,A4Tech,3,2800,15,7140,6600,540,Debit Card,Zain,4
ORD10325,13/08/2025,DHA,C1188,Ahmed Sheikh,Female,Lahore,Bakery,Cookies,LU,1,250,10,225,180,45,Easypaisa,Bilal,4.8
ORD10326,20/12/2025,Johar Town,C1713,Maryam Khan,Male,Lahore,Home,Soap,Lux,2,180,0,360,260,100,Cash,Hamza,4.9
ORD10327,05/09/2025,Wapda Town,C1389,Hamza Khan,Male,Lahore,Bakery,Cake,Gourmet,4,900,5,3420,2800,620,Easypaisa,Umar,3.7
ORD10328,30/07/2025,DHA,C1013,Maryam Malik,Female,Lahore,Home,Detergent 1kg,Surf Excel,1,850,10,765,680,85,JazzCash,Ali,4.1
ORD10329,08/05/2025,Wapda Town,C1628,Ali Khan,Male,Lahore,Home,Soap,Lux,4,180,5,684,520,164,JazzCash,Umar,4.8
ORD10330,26/03/2025,DHA,C1285,Ali Malik,Female,Lahore,Grocery,Tea 475g,Tapal,3,980,5,2793,2460,333,Easypaisa,Hassan,3.6
ORD10331,16/08/2025,Model Town,C1324,Ahmed Chaudhry,Male,Lahore,Bakery,Cookies,LU,1,250,15,212.5,180,32.5,Cash,Hamza,4.1
ORD10332,13/10/2025,Wapda Town,C1653,Bilal Malik,Female,Lahore,Bakery,Bread,Dawn,1,120,20,96,80,16,Credit Card,Zain,4.7
ORD10333,25/04/2025,Wapda Town,C1485,Maryam Iqbal,Female,Lahore,Home,Soap,Lux,5,180,20,720,650,70,Cash,Ali,4.6
ORD10334,24/04/2025,Wapda Town,C1535,Hamza Ahmed,Male,Lahore,Grocery,Sugar 1kg,Shan,3,180,10,486,450,36,Debit Card,Umar,3.7
ORD10335,29/07/2025,Johar Town,C1124,Umar Malik,Female,Lahore,Grocery,Sugar 1kg,Shan,5,180,5,855,750,105,Debit Card,Zain,3.7
ORD10336,01/08/2025,Wapda Town,C1517,Usman Chaudhry,Male,Lahore,Grocery,Basmati Rice 5kg,Guard,4,3200,15,10880,10400,480,JazzCash,Ahmed,4.3
ORD10337,10/08/2025,Wapda Town,C1178,Maryam Butt,Male,Lahore,Bakery,Cookies,LU,5,250,5,1187.5,900,287.5,Easypaisa,Zain,4.3
ORD10338,16/07/2025,Model Town,C1352,Bilal Chaudhry,Male,Lahore,Home,Shampoo,Sunsilk,2,620,10,1116,1000,116,Debit Card,Hamza,4.4
ORD10339,20/09/2025,Wapda Town,C1648,Hassan Malik,Male,Lahore,Electronics,Power Bank,Xiaomi,5,4500,10,20250,18000,2250,JazzCash,Bilal,4.5
ORD10340,11/12/2025,Wapda Town,C1711,Zain Iqbal,Male,Lahore,Beverages,Nestle Water 1.5L,Nestle,2,90,20,144,120,24,Credit Card,Umar,4.4
ORD10341,08/12/2025,Model Town,C1014,Fatima Ahmed,Male,Lahore,Stationery,Pen,Dollar,5,60,10,270,175,95,Easypaisa,Usman,3.6
ORD10342,29/01/2025,DHA,C1150,Ali Raza,Male,Lahore,Beverages,Coca Cola 1.5L,Coca-Cola,2,220,10,396,340,56,JazzCash,Ahmed,4
ORD10343,20/08/2025,Johar Town,C1524,Maryam Raza,Male,Lahore,Grocery,Cooking Oil 1L,Dalda,5,650,15,2762.5,2600,162.5,Easypaisa,Hamza,4.1
ORD10344,17/12/2025,DHA,C1208,Sara Chaudhry,Male,Lahore,Electronics,Power Bank,Xiaomi,1,4500,0,4500,3600,900,Credit Card,Hassan,4.7
ORD10345,10/04/2025,Johar Town,C1178,Maryam Ahmed,Female,Lahore,Electronics,Keyboard,A4Tech,2,2800,0,5600,4400,1200,Cash,Hamza,3.9
ORD10346,16/05/2025,Gulberg,C1339,Ayesha Butt,Male,Lahore,Beverages,Pepsi 1.5L,Pepsi,5,220,10,990,850,140,Debit Card,Zain,4.4
ORD10347,17/11/2025,Wapda Town,C1564,Hamza Ahmed,Female,Lahore,Bakery,Cake,Gourmet,3,900,15,2295,2100,195,JazzCash,Hassan,4.9
ORD10348,24/09/2025,Wapda Town,C1414,Ahmed Iqbal,Male,Lahore,Grocery,Cooking Oil 1L,Dalda,4,650,20,2080,2080,0,Debit Card,Zain,4
ORD10349,31/05/2025,Wapda Town,C1771,Zain Khan,Male,Lahore,Beverages,Nestle Water 1.5L,Nestle,5,90,15,382.5,300,82.5,Credit Card,Umar,3.9
ORD10350,25/11/2025,DHA,C1391,Ahmed Sheikh,Female,Lahore,Bakery,Cake,Gourmet,2,900,0,1800,1400,400,JazzCash,Bilal,3.5
ORD10351,22/09/2025,Model Town,C1045,Bilal Malik,Female,Lahore,Electronics,Power Bank,Xiaomi,5,4500,15,19125,18000,1125,JazzCash,Ali,4.9
ORD10352,27/03/2025,Johar Town,C1687,Zain Malik,Female,Lahore,Bakery,Cake,Gourmet,1,900,0,900,700,200,Cash,Hassan,4.3
ORD10353,26/12/2025,Gulberg,C1471,Maryam Iqbal,Male,Lahore,Stationery,Pen,Dollar,1,60,5,57,35,22,Cash,Ali,3.6
ORD10354,09/05/2025,DHA,C1418,Umar Chaudhry,Female,Lahore,Bakery,Bread,Dawn,5,120,5,570,400,170,Easypaisa,Zain,3.5
ORD10355,11/12/2025,Wapda Town,C1047,Maryam Ahmed,Female,Lahore,Grocery,Basmati Rice 5kg,Guard,5,3200,0,16000,13000,3000,JazzCash,Ali,3.9
ORD10356,18/12/2025,Model Town,C1391,Umar Khan,Female,Lahore,Electronics,Power Bank,Xiaomi,1,4500,10,4050,3600,450,Debit Card,Hassan,3.7
ORD10357,20/07/2025,DHA,C1012,Fatima Butt,Male,Lahore,Bakery,Cookies,LU,2,250,10,450,360,90,Cash,Ahmed,4.4
ORD10358,21/07/2025,Johar Town,C1767,Maryam Iqbal,Male,Lahore,Bakery,Cake,Gourmet,1,900,10,810,700,110,Easypaisa,Usman,3.7
ORD10359,24/04/2025,Johar Town,C1688,Sara Khan,Female,Lahore,Bakery,Cookies,LU,2,250,0,500,360,140,JazzCash,Ali,3.9
ORD10360,04/02/2025,Model Town,C1339,Hamza Butt,Male,Lahore,Electronics,Mouse,Logitech,2,1800,20,2880,2800,80,Cash,Bilal,4.4
ORD10361,10/04/2025,Wapda Town,C1676,Bilal Butt,Female,Lahore,Electronics,Keyboard,A4Tech,4,2800,10,10080,8800,1280,Credit Card,Hamza,3.8
ORD10362,10/06/2025,DHA,C1138,Zain Iqbal,Female,Lahore,Beverages,Pepsi 1.5L,Pepsi,4,220,10,792,680,112,Easypaisa,Umar,4
ORD10363,06/06/2025,Wapda Town,C1084,Bilal Butt,Male,Lahore,Home,Shampoo,Sunsilk,1,620,5,589,500,89,Credit Card,Ali,4.6
ORD10364,10/01/2025,Wapda Town,C1415,Sara Malik,Male,Lahore,Bakery,Cake,Gourmet,1,900,20,720,700,20,JazzCash,Bilal,4.3
ORD10365,04/10/2025,Model Town,C1229,Sara Raza,Male,Lahore,Home,Shampoo,Sunsilk,2,620,10,1116,1000,116,Easypaisa,Ali,4.1
ORD10366,15/09/2025,Wapda Town,C1144,Ayesha Butt,Male,Lahore,Grocery,Cooking Oil 1L,Dalda,5,650,5,3087.5,2600,487.5,JazzCash,Usman,4.6
ORD10367,05/09/2025,Johar Town,C1065,Bilal Iqbal,Male,Lahore,Electronics,Mouse,Logitech,2,1800,15,3060,2800,260,Cash,Hassan,4.3
ORD10368,04/07/2025,Gulberg,C1665,Hamza Ahmed,Female,Lahore,Home,Soap,Lux,4,180,0,720,520,200,Credit Card,Usman,4.1
ORD10369,13/07/2025,DHA,C1386,Hassan Sheikh,Female,Lahore,Electronics,Power Bank,Xiaomi,1,4500,20,3600,3600,0,Credit Card,Umar,4.7
ORD10370,06/11/2025,Johar Town,C1079,Fatima Raza,Male,Lahore,Grocery,Cooking Oil 1L,Dalda,4,650,5,2470,2080,390,Debit Card,Usman,3.7
ORD10371,05/11/2025,DHA,C1738,Ahmed Chaudhry,Female,Lahore,Stationery,Notebook,Dollar,2,180,15,306,240,66,Easypaisa,Hassan,4.4
ORD10372,28/11/2025,Johar Town,C1588,Sara Butt,Male,Lahore,Home,Detergent 1kg,Surf Excel,2,850,0,1700,1360,340,JazzCash,Ahmed,4.8
ORD10373,17/03/2025,Wapda Town,C1416,Sara Khan,Female,Lahore,Grocery,Cooking Oil 1L,Dalda,3,650,5,1852.5,1560,292.5,Cash,Hassan,4.2
ORD10374,30/08/2025,Wapda Town,C1147,Sara Butt,Female,Lahore,Home,Detergent 1kg,Surf Excel,2,850,15,1445,1360,85,Debit Card,Zain,4.9
ORD10375,02/11/2025,Model Town,C1136,Ahmed Khan,Male,Lahore,Bakery,Bread,Dawn,2,120,15,204,160,44,JazzCash,Hamza,4.7
ORD10376,07/11/2025,Wapda Town,C1040,Fatima Ahmed,Male,Lahore,Grocery,Cooking Oil 1L,Dalda,4,650,20,2080,2080,0,Easypaisa,Usman,4.9
ORD10377,04/10/2025,DHA,C1045,Maryam Sheikh,Male,Lahore,Grocery,Tea 475g,Tapal,5,980,15,4165,4100,65,Easypaisa,Hamza,4
ORD10378,23/12/2025,DHA,C1489,Hassan Ahmed,Female,Lahore,Bakery,Bread,Dawn,4,120,5,456,320,136,JazzCash,Hamza,3.9
ORD10379,03/01/2025,Wapda Town,C1121,Fatima Khan,Female,Lahore,Stationery,Marker,Dollar,1,120,20,96,80,16,Debit Card,Zain,4.1
ORD10380,24/02/2025,DHA,C1549,Umar Iqbal,Female,Lahore,Beverages,Coca Cola 1.5L,Coca-Cola,5,220,10,990,850,140,Easypaisa,Hassan,4.1
ORD10381,13/10/2025,Wapda Town,C1496,Bilal Raza,Female,Lahore,Home,Detergent 1kg,Surf Excel,3,850,20,2040,2040,0,Easypaisa,Usman,4.8
ORD10382,04/12/2025,Gulberg,C1220,Fatima Sheikh,Female,Lahore,Grocery,Cooking Oil 1L,Dalda,4,650,5,2470,2080,390,JazzCash,Ahmed,3.7
ORD10383,22/11/2025,Wapda Town,C1446,Ahmed Ahmed,Female,Lahore,Grocery,Basmati Rice 5kg,Guard,2,3200,15,5440,5200,240,Debit Card,Zain,3.6
ORD10384,20/01/2025,Wapda Town,C1294,Maryam Khan,Male,Lahore,Stationery,Pen,Dollar,4,60,20,192,140,52,Easypaisa,Umar,3.5
ORD10385,03/12/2025,Wapda Town,C1523,Fatima Malik,Male,Lahore,Bakery,Cookies,LU,2,250,0,500,360,140,Cash,Zain,3.9
ORD10386,01/01/2025,DHA,C1686,Umar Sheikh,Male,Lahore,Beverages,Pepsi 1.5L,Pepsi,3,220,15,561,510,51,JazzCash,Ahmed,4.6
ORD10387,05/02/2025,DHA,C1356,Bilal Malik,Male,Lahore,Grocery,Sugar 1kg,Shan,5,180,20,720,750,-30,Easypaisa,Hamza,4.4
ORD10388,14/05/2025,Wapda Town,C1075,Fatima Raza,Female,Lahore,Beverages,Coca Cola 1.5L,Coca-Cola,5,220,0,1100,850,250,Cash,Bilal,4.8
ORD10389,22/10/2025,Wapda Town,C1496,Hassan Iqbal,Female,Lahore,Electronics,Power Bank,Xiaomi,4,4500,15,15300,14400,900,Easypaisa,Ahmed,4.2
ORD10390,13/05/2025,DHA,C1423,Hamza Khan,Female,Lahore,Grocery,Tea 475g,Tapal,2,980,5,1862,1640,222,Debit Card,Bilal,3.6
ORD10391,11/12/2025,Johar Town,C1488,Hamza Iqbal,Male,Lahore,Stationery,Pen,Dollar,1,60,20,48,35,13,JazzCash,Bilal,3.8
ORD10392,16/12/2025,Johar Town,C1272,Hassan Malik,Male,Lahore,Beverages,Coca Cola 1.5L,Coca-Cola,2,220,5,418,340,78,Debit Card,Zain,3.7
ORD10393,24/02/2025,Gulberg,C1783,Fatima Khan,Female,Lahore,Grocery,Basmati Rice 5kg,Guard,4,3200,20,10240,10400,-160,Credit Card,Zain,4.2
ORD10394,22/10/2025,DHA,C1408,Hassan Butt,Male,Lahore,Electronics,Keyboard,A4Tech,2,2800,20,4480,4400,80,JazzCash,Hamza,4.2
ORD10395,04/10/2025,Model Town,C1124,Maryam Chaudhry,Female,Lahore,Grocery,Sugar 1kg,Shan,4,180,5,684,600,84,Cash,Ahmed,4.5
ORD10396,14/07/2025,Wapda Town,C1266,Usman Raza,Male,Lahore,Bakery,Bread,Dawn,3,120,10,324,240,84,Credit Card,Umar,4.9
ORD10397,25/06/2025,Johar Town,C1430,Maryam Iqbal,Female,Lahore,Electronics,Mouse,Logitech,4,1800,15,6120,5600,520,Easypaisa,Bilal,4.2
ORD10398,20/10/2025,DHA,C1242,Fatima Sheikh,Female,Lahore,Beverages,Nestle Water 1.5L,Nestle,2,90,0,180,120,60,Debit Card,Usman,4.7
ORD10399,18/03/2025,Model Town,C1138,Zain Iqbal,Female,Lahore,Home,Detergent 1kg,Surf Excel,2,850,15,1445,1360,85,Credit Card,Bilal,4.3
ORD10400,18/10/2025,Gulberg,C1221,Bilal Chaudhry,Male,Lahore,Grocery,Tea 475g,Tapal,1,980,5,931,820,111,Easypaisa,Zain,3.9
ORD10401,04/07/2025,Gulberg,C1422,Ahmed Iqbal,Male,Lahore,Bakery,Cake,Gourmet,3,900,10,2430,2100,330,JazzCash,Usman,5
ORD10402,26/05/2025,Model Town,C1081,Umar Raza,Female,Lahore,Electronics,Keyboard,A4Tech,5,2800,15,11900,11000,900,Debit Card,Usman,4.5
ORD10403,22/06/2025,Model Town,C1074,Ahmed Butt,Female,Lahore,Home,Shampoo,Sunsilk,5,620,20,2480,2500,-20,Debit Card,Zain,4
ORD10404,30/05/2025,DHA,C1456,Hamza Chaudhry,Female,Lahore,Stationery,Pen,Dollar,5,60,15,255,175,80,Debit Card,Usman,4.8
ORD10405,06/03/2025,Johar Town,C1171,Umar Ahmed,Male,Lahore,Stationery,Notebook,Dollar,3,180,0,540,360,180,Cash,Umar,4.3
ORD10406,14/01/2025,DHA,C1633,Usman Ahmed,Female,Lahore,Home,Shampoo,Sunsilk,1,620,0,620,500,120,Credit Card,Hassan,3.9
ORD10407,26/05/2025,Wapda Town,C1175,Ali Khan,Female,Lahore,Home,Shampoo,Sunsilk,2,620,5,1178,1000,178,Credit Card,Umar,4.2
ORD10408,04/10/2025,Wapda Town,C1182,Sara Chaudhry,Female,Lahore,Electronics,Power Bank,Xiaomi,4,4500,5,17100,14400,2700,JazzCash,Bilal,4.9
ORD10409,04/09/2025,DHA,C1375,Umar Raza,Male,Lahore,Bakery,Bread,Dawn,1,120,15,102,80,22,Credit Card,Ahmed,3.5
ORD10410,11/03/2025,Gulberg,C1705,Ayesha Chaudhry,Female,Lahore,Electronics,Keyboard,A4Tech,4,2800,20,8960,8800,160,Cash,Hamza,4.7
ORD10411,02/11/2025,Johar Town,C1422,Fatima Sheikh,Female,Lahore,Beverages,Pepsi 1.5L,Pepsi,5,220,10,990,850,140,Debit Card,Usman,4.6
ORD10412,27/11/2025,Gulberg,C1433,Zain Malik,Female,Lahore,Home,Soap,Lux,2,180,10,324,260,64,Credit Card,Bilal,4.1
ORD10413,05/02/2025,Model Town,C1633,Ayesha Raza,Female,Lahore,Beverages,Pepsi 1.5L,Pepsi,3,220,0,660,510,150,Debit Card,Zain,3.5
ORD10414,26/01/2025,DHA,C1276,Usman Chaudhry,Male,Lahore,Bakery,Bread,Dawn,2,120,0,240,160,80,Debit Card,Ali,3.7
ORD10415,10/09/2025,Model Town,C1381,Ayesha Khan,Female,Lahore,Beverages,Coca Cola 1.5L,Coca-Cola,4,220,10,792,680,112,Cash,Usman,3.6
ORD10416,20/07/2025,DHA,C1391,Ali Ahmed,Male,Lahore,Grocery,Tea 475g,Tapal,2,980,5,1862,1640,222,Easypaisa,Umar,3.9
ORD10417,18/01/2025,Johar Town,C1485,Umar Raza,Female,Lahore,Beverages,Coca Cola 1.5L,Coca-Cola,1,220,20,176,170,6,Debit Card,Ahmed,4.6
ORD10418,09/10/2025,DHA,C1204,Hamza Khan,Male,Lahore,Bakery,Bread,Dawn,3,120,15,306,240,66,Cash,Hassan,4.4
ORD10419,16/06/2025,Gulberg,C1406,Hassan Khan,Male,Lahore,Grocery,Cooking Oil 1L,Dalda,3,650,20,1560,1560,0,JazzCash,Umar,4.5
ORD10420,21/03/2025,Model Town,C1094,Zain Iqbal,Male,Lahore,Electronics,Mouse,Logitech,2,1800,5,3420,2800,620,Cash,Zain,4.5
ORD10421,26/12/2025,Johar Town,C1325,Fatima Iqbal,Female,Lahore,Bakery,Bread,Dawn,2,120,15,204,160,44,Debit Card,Ahmed,4.5
ORD10422,03/07/2025,Model Town,C1724,Ayesha Raza,Female,Lahore,Stationery,Notebook,Dollar,3,180,0,540,360,180,Debit Card,Usman,4.3
ORD10423,15/06/2025,Wapda Town,C1165,Ahmed Butt,Female,Lahore,Stationery,Pen,Dollar,3,60,20,144,105,39,Credit Card,Bilal,4.3
ORD10424,21/08/2025,Wapda Town,C1373,Sara Malik,Female,Lahore,Grocery,Tea 475g,Tapal,2,980,0,1960,1640,320,Cash,Hamza,3.8
ORD10425,16/12/2025,DHA,C1331,Umar Iqbal,Male,Lahore,Home,Shampoo,Sunsilk,2,620,20,992,1000,-8,Cash,Ali,3.6
ORD10426,08/03/2025,Model Town,C1197,Ahmed Khan,Female,Lahore,Beverages,Pepsi 1.5L,Pepsi,2,220,0,440,340,100,Easypaisa,Bilal,3.6
ORD10427,24/04/2025,Johar Town,C1672,Ayesha Ahmed,Female,Lahore,Bakery,Cake,Gourmet,1,900,0,900,700,200,Cash,Zain,4.3
ORD10428,01/08/2025,DHA,C1542,Ali Ahmed,Female,Lahore,Electronics,Power Bank,Xiaomi,1,4500,20,3600,3600,0,Cash,Hassan,4.9
ORD10429,19/02/2025,Johar Town,C1198,Fatima Malik,Male,Lahore,Grocery,Cooking Oil 1L,Dalda,5,650,15,2762.5,2600,162.5,JazzCash,Hamza,4.6
ORD10430,23/11/2025,Gulberg,C1171,Usman Sheikh,Female,Lahore,Bakery,Cookies,LU,4,250,15,850,720,130,Debit Card,Umar,4.9
ORD10431,11/06/2025,Model Town,C1744,Hamza Malik,Male,Lahore,Bakery,Cookies,LU,3,250,15,637.5,540,97.5,Easypaisa,Bilal,4
ORD10432,20/08/2025,DHA,C1611,Ali Butt,Female,Lahore,Home,Soap,Lux,1,180,0,180,130,50,Cash,Bilal,5
ORD10433,20/04/2025,Wapda Town,C1570,Sara Butt,Male,Lahore,Electronics,Mouse,Logitech,3,1800,20,4320,4200,120,Cash,Umar,4
ORD10434,12/03/2025,Johar Town,C1263,Bilal Ahmed,Female,Lahore,Electronics,Keyboard,A4Tech,5,2800,5,13300,11000,2300,JazzCash,Hassan,4.6
ORD10435,16/06/2025,Gulberg,C1610,Zain Raza,Male,Lahore,Home,Detergent 1kg,Surf Excel,4,850,20,2720,2720,0,JazzCash,Hamza,3.6
ORD10436,29/01/2025,Gulberg,C1789,Hassan Khan,Female,Lahore,Electronics,Keyboard,A4Tech,4,2800,15,9520,8800,720,Cash,Bilal,4.3
ORD10437,13/06/2025,Wapda Town,C1715,Hassan Butt,Male,Lahore,Bakery,Cake,Gourmet,2,900,10,1620,1400,220,Easypaisa,Umar,4.6
ORD10438,22/10/2025,DHA,C1404,Usman Butt,Female,Lahore,Bakery,Bread,Dawn,2,120,15,204,160,44,Cash,Umar,4.4
ORD10439,26/01/2025,Model Town,C1514,Umar Butt,Male,Lahore,Bakery,Cookies,LU,3,250,0,750,540,210,Easypaisa,Hassan,4.2
ORD10440,30/11/2025,Wapda Town,C1253,Hassan Ahmed,Female,Lahore,Bakery,Bread,Dawn,5,120,20,480,400,80,Easypaisa,Zain,4.5
ORD10441,22/10/2025,DHA,C1357,Hassan Iqbal,Female,Lahore,Grocery,Basmati Rice 5kg,Guard,4,3200,15,10880,10400,480,JazzCash,Ahmed,4.7
ORD10442,28/03/2025,Johar Town,C1452,Ali Malik,Male,Lahore,Electronics,Power Bank,Xiaomi,4,4500,20,14400,14400,0,Credit Card,Usman,4.6
ORD10443,13/02/2025,Johar Town,C1295,Ali Iqbal,Male,Lahore,Grocery,Basmati Rice 5kg,Guard,2,3200,20,5120,5200,-80,Credit Card,Umar,4.2
ORD10444,19/06/2025,Johar Town,C1560,Fatima Raza,Female,Lahore,Beverages,Nestle Water 1.5L,Nestle,5,90,5,427.5,300,127.5,JazzCash,Usman,4.5
ORD10445,09/12/2025,Gulberg,C1262,Usman Khan,Female,Lahore,Grocery,Tea 475g,Tapal,5,980,20,3920,4100,-180,Debit Card,Bilal,3.6
ORD10446,02/12/2025,DHA,C1111,Ali Raza,Female,Lahore,Grocery,Basmati Rice 5kg,Guard,4,3200,10,11520,10400,1120,Debit Card,Hamza,4.3
ORD10447,30/12/2025,Wapda Town,C1091,Usman Malik,Female,Lahore,Grocery,Sugar 1kg,Shan,4,180,20,576,600,-24,JazzCash,Ahmed,3.6
ORD10448,29/09/2025,Johar Town,C1019,Hamza Iqbal,Female,Lahore,Electronics,Keyboard,A4Tech,4,2800,15,9520,8800,720,Credit Card,Hassan,5
ORD10449,14/09/2025,Gulberg,C1569,Bilal Malik,Male,Lahore,Electronics,Mouse,Logitech,3,1800,15,4590,4200,390,Credit Card,Hamza,4.5
ORD10450,14/02/2025,Johar Town,C1428,Hassan Butt,Female,Lahore,Stationery,Pen,Dollar,5,60,20,240,175,65,Credit Card,Zain,4.2
ORD10451,09/03/2025,Wapda Town,C1701,Hassan Butt,Female,Lahore,Beverages,Nestle Water 1.5L,Nestle,2,90,20,144,120,24,JazzCash,Usman,4.1
ORD10452,16/03/2025,Gulberg,C1571,Fatima Ahmed,Male,Lahore,Stationery,Marker,Dollar,2,120,10,216,160,56,Credit Card,Usman,4.6
ORD10453,13/06/2025,DHA,C1156,Hassan Ahmed,Male,Lahore,Home,Soap,Lux,3,180,15,459,390,69,Debit Card,Ahmed,4.6
ORD10454,10/11/2025,Wapda Town,C1237,Sara Malik,Male,Lahore,Bakery,Cookies,LU,5,250,20,1000,900,100,Cash,Zain,3.6
ORD10455,02/09/2025,DHA,C1189,Umar Chaudhry,Female,Lahore,Beverages,Nestle Water 1.5L,Nestle,5,90,15,382.5,300,82.5,Debit Card,Usman,3.8
ORD10456,17/01/2025,Johar Town,C1761,Zain Malik,Male,Lahore,Home,Detergent 1kg,Surf Excel,3,850,15,2167.5,2040,127.5,Cash,Usman,4.9
ORD10457,13/08/2025,Johar Town,C1438,Umar Khan,Female,Lahore,Bakery,Cookies,LU,3,250,15,637.5,540,97.5,Credit Card,Hamza,4.4
ORD10458,20/10/2025,Wapda Town,C1112,Ayesha Chaudhry,Male,Lahore,Bakery,Cake,Gourmet,5,900,0,4500,3500,1000,Debit Card,Hamza,5
ORD10459,21/01/2025,Johar Town,C1299,Ayesha Sheikh,Female,Lahore,Bakery,Cookies,LU,5,250,0,1250,900,350,Credit Card,Umar,3.7
ORD10460,31/05/2025,Model Town,C1662,Ayesha Ahmed,Male,Lahore,Bakery,Bread,Dawn,5,120,5,570,400,170,Debit Card,Usman,4.1
ORD10461,15/06/2025,Wapda Town,C1730,Hassan Chaudhry,Male,Lahore,Home,Detergent 1kg,Surf Excel,2,850,15,1445,1360,85,Credit Card,Zain,4.5
ORD10462,31/12/2025,Gulberg,C1724,Ayesha Iqbal,Male,Lahore,Beverages,Nestle Water 1.5L,Nestle,1,90,0,90,60,30,JazzCash,Hamza,4.6
ORD10463,19/09/2025,Model Town,C1045,Usman Iqbal,Male,Lahore,Bakery,Bread,Dawn,4,120,20,384,320,64,Debit Card,Usman,3.8
ORD10464,31/12/2025,Model Town,C1296,Zain Butt,Male,Lahore,Grocery,Tea 475g,Tapal,3,980,10,2646,2460,186,Debit Card,Hassan,3.5
ORD10465,10/05/2025,Wapda Town,C1006,Sara Chaudhry,Male,Lahore,Grocery,Tea 475g,Tapal,4,980,15,3332,3280,52,Debit Card,Umar,4.2
ORD10466,15/08/2025,DHA,C1635,Zain Malik,Male,Lahore,Grocery,Basmati Rice 5kg,Guard,2,3200,20,5120,5200,-80,Debit Card,Usman,3.6
ORD10467,28/06/2025,Wapda Town,C1306,Hamza Ahmed,Male,Lahore,Grocery,Cooking Oil 1L,Dalda,1,650,20,520,520,0,Cash,Hamza,5
ORD10468,24/03/2025,Wapda Town,C1576,Usman Chaudhry,Female,Lahore,Stationery,Pen,Dollar,5,60,20,240,175,65,Cash,Ali,4.7
ORD10469,15/06/2025,Wapda Town,C1067,Bilal Chaudhry,Male,Lahore,Electronics,Keyboard,A4Tech,1,2800,15,2380,2200,180,Cash,Bilal,4
ORD10470,31/07/2025,Gulberg,C1112,Sara Ahmed,Female,Lahore,Bakery,Bread,Dawn,2,120,20,192,160,32,JazzCash,Bilal,4.1
ORD10471,12/06/2025,DHA,C1133,Sara Chaudhry,Female,Lahore,Electronics,Power Bank,Xiaomi,5,4500,20,18000,18000,0,Easypaisa,Usman,4.8
ORD10472,30/04/2025,Gulberg,C1025,Ayesha Ahmed,Male,Lahore,Stationery,Pen,Dollar,2,60,0,120,70,50,JazzCash,Hamza,4.1
ORD10473,20/06/2025,Johar Town,C1707,Bilal Raza,Male,Lahore,Electronics,Power Bank,Xiaomi,2,4500,0,9000,7200,1800,Credit Card,Bilal,4.3
ORD10474,15/06/2025,Model Town,C1742,Sara Khan,Male,Lahore,Grocery,Basmati Rice 5kg,Guard,3,3200,10,8640,7800,840,Debit Card,Zain,4.8
ORD10475,11/12/2025,Model Town,C1160,Zain Chaudhry,Female,Lahore,Home,Soap,Lux,1,180,5,171,130,41,Easypaisa,Hamza,4.9
ORD10476,29/01/2025,Wapda Town,C1549,Ali Malik,Female,Lahore,Bakery,Cookies,LU,5,250,10,1125,900,225,Credit Card,Ali,5
ORD10477,24/05/2025,Johar Town,C1585,Sara Sheikh,Male,Lahore,Grocery,Sugar 1kg,Shan,4,180,20,576,600,-24,JazzCash,Ali,4.8
ORD10478,07/06/2025,Model Town,C1089,Ayesha Malik,Female,Lahore,Stationery,Pen,Dollar,1,60,10,54,35,19,Easypaisa,Bilal,3.8
ORD10479,04/06/2025,Johar Town,C1095,Ayesha Khan,Female,Lahore,Beverages,Pepsi 1.5L,Pepsi,3,220,0,660,510,150,JazzCash,Usman,3.8
ORD10480,05/09/2025,Johar Town,C1788,Ahmed Butt,Male,Lahore,Stationery,Marker,Dollar,3,120,10,324,240,84,Cash,Umar,4.1
ORD10481,25/09/2025,Wapda Town,C1090,Hamza Chaudhry,Male,Lahore,Grocery,Basmati Rice 5kg,Guard,3,3200,0,9600,7800,1800,Cash,Bilal,3.5
ORD10482,09/06/2025,Johar Town,C1294,Bilal Iqbal,Female,Lahore,Stationery,Notebook,Dollar,3,180,5,513,360,153,Cash,Bilal,3.7
ORD10483,21/05/2025,Wapda Town,C1105,Hassan Iqbal,Female,Lahore,Grocery,Basmati Rice 5kg,Guard,5,3200,20,12800,13000,-200,Credit Card,Usman,4.9
ORD10484,26/05/2025,DHA,C1628,Hamza Chaudhry,Male,Lahore,Bakery,Bread,Dawn,2,120,0,240,160,80,Debit Card,Ahmed,4.2
ORD10485,12/12/2025,Gulberg,C1437,Umar Butt,Female,Lahore,Grocery,Basmati Rice 5kg,Guard,4,3200,0,12800,10400,2400,JazzCash,Zain,4
ORD10486,12/04/2025,Model Town,C1582,Usman Ahmed,Female,Lahore,Stationery,Marker,Dollar,5,120,0,600,400,200,Cash,Umar,4
ORD10487,26/11/2025,Johar Town,C1148,Sara Raza,Female,Lahore,Stationery,Pen,Dollar,4,60,5,228,140,88,Easypaisa,Usman,4.5
ORD10488,07/12/2025,Gulberg,C1067,Ayesha Ahmed,Female,Lahore,Electronics,Keyboard,A4Tech,4,2800,15,9520,8800,720,Easypaisa,Umar,4.8
ORD10489,25/05/2025,Wapda Town,C1106,Umar Ahmed,Female,Lahore,Electronics,Power Bank,Xiaomi,5,4500,5,21375,18000,3375,JazzCash,Ali,4.7
ORD10490,30/09/2025,Johar Town,C1636,Hassan Butt,Female,Lahore,Home,Soap,Lux,5,180,15,765,650,115,Easypaisa,Ali,4
ORD10491,22/12/2025,DHA,C1558,Maryam Malik,Male,Lahore,Bakery,Cookies,LU,4,250,20,800,720,80,Cash,Umar,3.7
ORD10492,02/11/2025,Model Town,C1181,Bilal Sheikh,Male,Lahore,Home,Soap,Lux,5,180,0,900,650,250,JazzCash,Ali,4.5
ORD10493,02/11/2025,Gulberg,C1223,Usman Khan,Male,Lahore,Home,Soap,Lux,4,180,0,720,520,200,Debit Card,Umar,4.3
ORD10494,19/07/2025,Johar Town,C1698,Hamza Raza,Female,Lahore,Bakery,Cake,Gourmet,4,900,5,3420,2800,620,Easypaisa,Zain,5
ORD10495,26/10/2025,Gulberg,C1379,Fatima Khan,Male,Lahore,Grocery,Tea 475g,Tapal,2,980,10,1764,1640,124,JazzCash,Zain,3.7
ORD10496,25/05/2025,Model Town,C1641,Hamza Sheikh,Female,Lahore,Grocery,Cooking Oil 1L,Dalda,4,650,20,2080,2080,0,Easypaisa,Hamza,4.3
ORD10497,06/12/2025,Wapda Town,C1394,Hamza Sheikh,Male,Lahore,Beverages,Coca Cola 1.5L,Coca-Cola,2,220,5,418,340,78,Credit Card,Usman,3.7
ORD10498,06/02/2025,Model Town,C1140,Ahmed Butt,Female,Lahore,Stationery,Notebook,Dollar,2,180,15,306,240,66,Easypaisa,Hamza,4.4
ORD10499,21/08/2025,Model Town,C1364,Hassan Butt,Female,Lahore,Bakery,Cookies,LU,5,250,15,1062.5,900,162.5,JazzCash,Ahmed,4.4
ORD10500,02/05/2025,Wapda Town,C1591,Hamza Khan,Male,Lahore,Stationery,Marker,Dollar,3,120,15,306,240,66,JazzCash,Umar,4.6
ORD10501,27/02/2025,Wapda Town,C1769,Bilal Chaudhry,Male,Lahore,Bakery,Cookies,LU,1,250,5,237.5,180,57.5,JazzCash,Ali,3.9
ORD10502,19/11/2025,Wapda Town,C1320,Sara Khan,Female,Lahore,Stationery,Marker,Dollar,1,120,20,96,80,16,JazzCash,Ahmed,4.2
ORD10503,20/09/2025,DHA,C1302,Bilal Butt,Male,Lahore,Home,Shampoo,Sunsilk,3,620,15,1581,1500,81,JazzCash,Bilal,4.6
ORD10504,16/10/2025,Johar Town,C1587,Ali Raza,Male,Lahore,Electronics,Mouse,Logitech,4,1800,20,5760,5600,160,Credit Card,Umar,3.6
ORD10505,16/09/2025,Wapda Town,C1288,Bilal Raza,Male,Lahore,Grocery,Sugar 1kg,Shan,3,180,5,513,450,63,Cash,Usman,4.9
ORD10506,19/03/2025,DHA,C1718,Hassan Chaudhry,Male,Lahore,Stationery,Pen,Dollar,3,60,5,171,105,66,JazzCash,Ahmed,4
ORD10507,13/02/2025,Model Town,C1789,Umar Malik,Female,Lahore,Beverages,Nestle Water 1.5L,Nestle,2,90,15,153,120,33,Debit Card,Hassan,4.4
ORD10508,26/06/2025,Johar Town,C1476,Umar Chaudhry,Female,Lahore,Grocery,Sugar 1kg,Shan,1,180,0,180,150,30,Easypaisa,Hassan,4.1
ORD10509,28/12/2025,Wapda Town,C1446,Ali Raza,Female,Lahore,Home,Soap,Lux,3,180,5,513,390,123,Easypaisa,Zain,4.9
ORD10510,16/12/2025,Model Town,C1626,Zain Raza,Female,Lahore,Grocery,Basmati Rice 5kg,Guard,5,3200,10,14400,13000,1400,Credit Card,Bilal,4.7
ORD10511,11/05/2025,Johar Town,C1752,Zain Malik,Female,Lahore,Stationery,Marker,Dollar,4,120,15,408,320,88,Debit Card,Zain,4.3
ORD10512,11/12/2025,Gulberg,C1538,Ahmed Chaudhry,Female,Lahore,Grocery,Basmati Rice 5kg,Guard,1,3200,15,2720,2600,120,Debit Card,Bilal,3.9
ORD10513,18/01/2025,Johar Town,C1614,Zain Ahmed,Male,Lahore,Grocery,Basmati Rice 5kg,Guard,1,3200,20,2560,2600,-40,Cash,Usman,4.1
ORD10514,28/11/2025,DHA,C1302,Ayesha Ahmed,Female,Lahore,Bakery,Bread,Dawn,1,120,5,114,80,34,Credit Card,Hamza,4.5
ORD10515,08/12/2025,DHA,C1796,Ali Sheikh,Female,Lahore,Electronics,Keyboard,A4Tech,2,2800,0,5600,4400,1200,Credit Card,Ahmed,3.9
ORD10516,16/05/2025,Johar Town,C1625,Umar Butt,Female,Lahore,Beverages,Coca Cola 1.5L,Coca-Cola,1,220,15,187,170,17,Cash,Usman,4.3
ORD10517,09/08/2025,DHA,C1106,Ali Ahmed,Male,Lahore,Beverages,Nestle Water 1.5L,Nestle,1,90,15,76.5,60,16.5,JazzCash,Bilal,4.7
ORD10518,10/01/2025,Model Town,C1273,Usman Iqbal,Female,Lahore,Home,Detergent 1kg,Surf Excel,1,850,0,850,680,170,JazzCash,Ahmed,4.3
ORD10519,09/09/2025,Wapda Town,C1232,Ali Sheikh,Female,Lahore,Home,Soap,Lux,4,180,0,720,520,200,Cash,Zain,4
ORD10520,05/06/2025,Wapda Town,C1349,Ahmed Chaudhry,Female,Lahore,Home,Detergent 1kg,Surf Excel,1,850,10,765,680,85,Debit Card,Usman,4.3
ORD10521,16/07/2025,Gulberg,C1646,Maryam Iqbal,Female,Lahore,Stationery,Notebook,Dollar,3,180,15,459,360,99,Cash,Umar,4.6
ORD10522,13/03/2025,Johar Town,C1501,Umar Ahmed,Female,Lahore,Grocery,Cooking Oil 1L,Dalda,1,650,20,520,520,0,Easypaisa,Umar,4.9
ORD10523,09/01/2025,Gulberg,C1416,Ahmed Malik,Female,Lahore,Grocery,Sugar 1kg,Shan,1,180,10,162,150,12,JazzCash,Usman,4.6
ORD10524,30/04/2025,Gulberg,C1483,Sara Khan,Male,Lahore,Grocery,Basmati Rice 5kg,Guard,2,3200,15,5440,5200,240,Debit Card,Ahmed,3.8
ORD10525,26/01/2025,Johar Town,C1606,Ahmed Ahmed,Male,Lahore,Electronics,Mouse,Logitech,4,1800,20,5760,5600,160,Easypaisa,Hassan,3.6
ORD10526,14/04/2025,Gulberg,C1701,Sara Butt,Female,Lahore,Home,Soap,Lux,4,180,10,648,520,128,Debit Card,Ahmed,4.4
ORD10527,21/06/2025,Model Town,C1173,Maryam Iqbal,Male,Lahore,Grocery,Basmati Rice 5kg,Guard,3,3200,5,9120,7800,1320,Easypaisa,Hassan,4.9
ORD10528,21/01/2025,Johar Town,C1017,Ayesha Ahmed,Male,Lahore,Beverages,Pepsi 1.5L,Pepsi,5,220,15,935,850,85,Cash,Usman,4.9
ORD10529,28/12/2025,Model Town,C1709,Usman Malik,Male,Lahore,Stationery,Marker,Dollar,3,120,15,306,240,66,Credit Card,Umar,4.1
ORD10530,31/03/2025,Johar Town,C1735,Ayesha Ahmed,Female,Lahore,Bakery,Cake,Gourmet,1,900,20,720,700,20,Credit Card,Hamza,3.5
ORD10531,01/05/2025,Wapda Town,C1371,Fatima Malik,Female,Lahore,Beverages,Pepsi 1.5L,Pepsi,5,220,0,1100,850,250,Debit Card,Bilal,3.6
ORD10532,27/02/2025,Johar Town,C1164,Zain Khan,Male,Lahore,Beverages,Nestle Water 1.5L,Nestle,4,90,15,306,240,66,Credit Card,Bilal,3.8
ORD10533,09/05/2025,Gulberg,C1759,Ali Butt,Male,Lahore,Electronics,Power Bank,Xiaomi,4,4500,0,18000,14400,3600,Cash,Umar,4.3
ORD10534,06/02/2025,Wapda Town,C1334,Umar Malik,Female,Lahore,Beverages,Nestle Water 1.5L,Nestle,4,90,20,288,240,48,Debit Card,Ali,4
ORD10535,20/02/2025,Model Town,C1226,Ahmed Chaudhry,Female,Lahore,Beverages,Nestle Water 1.5L,Nestle,4,90,5,342,240,102,Cash,Hamza,3.7
ORD10536,09/11/2025,Johar Town,C1469,Maryam Malik,Female,Lahore,Home,Detergent 1kg,Surf Excel,4,850,10,3060,2720,340,Credit Card,Hassan,4
ORD10537,17/01/2025,Johar Town,C1114,Ayesha Chaudhry,Female,Lahore,Stationery,Marker,Dollar,1,120,10,108,80,28,Debit Card,Zain,3.8
ORD10538,01/06/2025,Wapda Town,C1567,Hassan Ahmed,Female,Lahore,Bakery,Bread,Dawn,5,120,5,570,400,170,JazzCash,Umar,4.8
ORD10539,21/04/2025,Gulberg,C1748,Umar Malik,Male,Lahore,Bakery,Cookies,LU,4,250,10,900,720,180,Credit Card,Hamza,4.4
ORD10540,30/10/2025,Gulberg,C1042,Ayesha Khan,Female,Lahore,Beverages,Nestle Water 1.5L,Nestle,1,90,15,76.5,60,16.5,JazzCash,Hamza,4.2
ORD10541,23/12/2025,Gulberg,C1572,Ali Sheikh,Male,Lahore,Grocery,Tea 475g,Tapal,4,980,5,3724,3280,444,Debit Card,Zain,3.9
ORD10542,28/11/2025,Johar Town,C1721,Ayesha Khan,Female,Lahore,Grocery,Basmati Rice 5kg,Guard,4,3200,10,11520,10400,1120,Easypaisa,Usman,4.8
ORD10543,27/07/2025,Gulberg,C1395,Maryam Iqbal,Male,Lahore,Beverages,Coca Cola 1.5L,Coca-Cola,4,220,0,880,680,200,Credit Card,Hamza,4.6
ORD10544,24/12/2025,Gulberg,C1636,Hamza Khan,Female,Lahore,Bakery,Cake,Gourmet,5,900,5,4275,3500,775,Cash,Ali,4.1
ORD10545,27/08/2025,Johar Town,C1664,Fatima Ahmed,Male,Lahore,Bakery,Bread,Dawn,3,120,10,324,240,84,Debit Card,Zain,3.9
ORD10546,28/02/2025,Johar Town,C1329,Hamza Raza,Female,Lahore,Stationery,Pen,Dollar,5,60,5,285,175,110,Credit Card,Ahmed,3.6
ORD10547,26/06/2025,Gulberg,C1482,Maryam Raza,Female,Lahore,Home,Soap,Lux,5,180,20,720,650,70,JazzCash,Zain,4.7
ORD10548,21/12/2025,Gulberg,C1401,Usman Raza,Male,Lahore,Grocery,Cooking Oil 1L,Dalda,4,650,0,2600,2080,520,Cash,Usman,3.9
ORD10549,23/12/2025,Wapda Town,C1643,Ali Raza,Female,Lahore,Beverages,Coca Cola 1.5L,Coca-Cola,2,220,5,418,340,78,JazzCash,Usman,4.2
ORD10550,04/08/2025,Johar Town,C1065,Ali Malik,Female,Lahore,Home,Shampoo,Sunsilk,1,620,10,558,500,58,Easypaisa,Zain,4.5
ORD10551,17/06/2025,Model Town,C1469,Bilal Butt,Female,Lahore,Home,Shampoo,Sunsilk,5,620,20,2480,2500,-20,Debit Card,Bilal,3.8
ORD10552,10/07/2025,DHA,C1467,Usman Butt,Female,Lahore,Electronics,Mouse,Logitech,2,1800,10,3240,2800,440,Debit Card,Usman,4.8
ORD10553,21/12/2025,Gulberg,C1043,Hamza Butt,Female,Lahore,Stationery,Notebook,Dollar,2,180,5,342,240,102,Credit Card,Zain,3.8
ORD10554,15/10/2025,Johar Town,C1382,Ayesha Butt,Female,Lahore,Stationery,Notebook,Dollar,3,180,10,486,360,126,Cash,Ahmed,4.1
ORD10555,13/09/2025,Gulberg,C1757,Fatima Iqbal,Female,Lahore,Beverages,Coca Cola 1.5L,Coca-Cola,3,220,5,627,510,117,Easypaisa,Bilal,5
ORD10556,21/10/2025,DHA,C1706,Ahmed Chaudhry,Male,Lahore,Stationery,Notebook,Dollar,5,180,15,765,600,165,Debit Card,Ali,4
ORD10557,25/07/2025,Gulberg,C1335,Ali Malik,Male,Lahore,Bakery,Bread,Dawn,4,120,10,432,320,112,Credit Card,Hassan,3.5
ORD10558,03/10/2025,Model Town,C1200,Ayesha Iqbal,Male,Lahore,Home,Shampoo,Sunsilk,1,620,20,496,500,-4,Credit Card,Hamza,3.7
ORD10559,07/08/2025,DHA,C1354,Hamza Raza,Female,Lahore,Electronics,Keyboard,A4Tech,3,2800,0,8400,6600,1800,JazzCash,Ali,3.8
ORD10560,16/08/2025,Johar Town,C1746,Umar Sheikh,Male,Lahore,Stationery,Pen,Dollar,4,60,10,216,140,76,JazzCash,Ali,3.7
ORD10561,05/06/2025,Wapda Town,C1775,Umar Ahmed,Male,Lahore,Home,Shampoo,Sunsilk,3,620,0,1860,1500,360,Easypaisa,Bilal,4.1
ORD10562,12/10/2025,Johar Town,C1191,Umar Raza,Female,Lahore,Home,Shampoo,Sunsilk,5,620,5,2945,2500,445,Cash,Bilal,4.8
ORD10563,05/06/2025,Gulberg,C1003,Usman Raza,Female,Lahore,Home,Shampoo,Sunsilk,4,620,5,2356,2000,356,Easypaisa,Ali,4.5
ORD10564,28/05/2025,Gulberg,C1123,Bilal Chaudhry,Male,Lahore,Home,Detergent 1kg,Surf Excel,4,850,5,3230,2720,510,JazzCash,Zain,4.4
ORD10565,17/10/2025,DHA,C1525,Maryam Khan,Female,Lahore,Home,Soap,Lux,4,180,0,720,520,200,Debit Card,Ahmed,3.7
ORD10566,25/08/2025,Gulberg,C1280,Hamza Sheikh,Female,Lahore,Stationery,Notebook,Dollar,3,180,5,513,360,153,Cash,Bilal,3.9
ORD10567,24/11/2025,Wapda Town,C1771,Usman Iqbal,Female,Lahore,Grocery,Cooking Oil 1L,Dalda,2,650,0,1300,1040,260,Credit Card,Bilal,4.5
ORD10568,19/12/2025,DHA,C1148,Ali Butt,Female,Lahore,Electronics,Mouse,Logitech,5,1800,20,7200,7000,200,Credit Card,Umar,4.1
ORD10569,25/03/2025,Johar Town,C1193,Fatima Ahmed,Female,Lahore,Grocery,Cooking Oil 1L,Dalda,2,650,20,1040,1040,0,Easypaisa,Ali,3.7
ORD10570,09/03/2025,DHA,C1143,Ayesha Iqbal,Male,Lahore,Grocery,Tea 475g,Tapal,3,980,10,2646,2460,186,Credit Card,Ahmed,4.6
ORD10571,02/03/2025,DHA,C1129,Hassan Butt,Male,Lahore,Beverages,Pepsi 1.5L,Pepsi,2,220,5,418,340,78,Easypaisa,Ali,3.6
ORD10572,05/09/2025,Gulberg,C1676,Fatima Khan,Female,Lahore,Home,Detergent 1kg,Surf Excel,2,850,0,1700,1360,340,Cash,Bilal,3.6
ORD10573,04/06/2025,Wapda Town,C1211,Sara Malik,Male,Lahore,Stationery,Notebook,Dollar,1,180,0,180,120,60,Credit Card,Ahmed,3.6
ORD10574,23/05/2025,Wapda Town,C1800,Maryam Malik,Male,Lahore,Bakery,Cookies,LU,3,250,5,712.5,540,172.5,Cash,Ahmed,4.3
ORD10575,09/04/2025,Gulberg,C1220,Fatima Chaudhry,Female,Lahore,Electronics,Mouse,Logitech,5,1800,0,9000,7000,2000,JazzCash,Usman,4.2
ORD10576,24/02/2025,Johar Town,C1527,Hassan Sheikh,Male,Lahore,Beverages,Coca Cola 1.5L,Coca-Cola,4,220,15,748,680,68,Credit Card,Ali,4.2
ORD10577,24/09/2025,Wapda Town,C1740,Ali Ahmed,Female,Lahore,Beverages,Coca Cola 1.5L,Coca-Cola,3,220,10,594,510,84,Easypaisa,Ali,4.1
ORD10578,22/08/2025,Johar Town,C1568,Umar Raza,Female,Lahore,Bakery,Cake,Gourmet,3,900,15,2295,2100,195,Debit Card,Ali,4.8
ORD10579,01/09/2025,Model Town,C1689,Ahmed Sheikh,Female,Lahore,Stationery,Pen,Dollar,2,60,0,120,70,50,JazzCash,Ali,3.7
ORD10580,22/07/2025,Johar Town,C1067,Hamza Malik,Female,Lahore,Home,Shampoo,Sunsilk,5,620,0,3100,2500,600,Debit Card,Hamza,3.7
ORD10581,06/08/2025,Wapda Town,C1280,Zain Sheikh,Female,Lahore,Stationery,Pen,Dollar,3,60,20,144,105,39,Easypaisa,Hamza,5
ORD10582,19/09/2025,Gulberg,C1257,Ayesha Chaudhry,Male,Lahore,Electronics,Mouse,Logitech,4,1800,0,7200,5600,1600,Debit Card,Ahmed,3.6
ORD10583,28/01/2025,Model Town,C1620,Zain Iqbal,Male,Lahore,Grocery,Tea 475g,Tapal,1,980,5,931,820,111,Credit Card,Ali,4.6
ORD10584,05/12/2025,DHA,C1678,Ayesha Chaudhry,Female,Lahore,Bakery,Cookies,LU,4,250,5,950,720,230,JazzCash,Zain,4.7
ORD10585,04/10/2025,Gulberg,C1393,Ayesha Iqbal,Female,Lahore,Bakery,Bread,Dawn,1,120,15,102,80,22,Easypaisa,Umar,3.6
ORD10586,01/04/2025,Model Town,C1442,Usman Raza,Female,Lahore,Bakery,Cake,Gourmet,3,900,5,2565,2100,465,Easypaisa,Ali,4.4
ORD10587,09/09/2025,Model Town,C1488,Fatima Butt,Male,Lahore,Stationery,Marker,Dollar,5,120,20,480,400,80,Easypaisa,Bilal,4.2
ORD10588,13/07/2025,DHA,C1063,Ali Khan,Male,Lahore,Bakery,Cake,Gourmet,3,900,10,2430,2100,330,Credit Card,Zain,4.7
ORD10589,26/10/2025,Model Town,C1354,Hamza Sheikh,Female,Lahore,Grocery,Sugar 1kg,Shan,4,180,0,720,600,120,Cash,Hassan,3.9
ORD10590,28/11/2025,DHA,C1118,Hamza Butt,Male,Lahore,Electronics,Power Bank,Xiaomi,1,4500,0,4500,3600,900,JazzCash,Zain,3.6
ORD10591,03/12/2025,DHA,C1021,Maryam Chaudhry,Male,Lahore,Home,Shampoo,Sunsilk,5,620,15,2635,2500,135,Credit Card,Hamza,4.4
ORD10592,15/06/2025,Johar Town,C1345,Ayesha Iqbal,Male,Lahore,Bakery,Bread,Dawn,4,120,0,480,320,160,JazzCash,Bilal,4
ORD10593,12/08/2025,Johar Town,C1295,Bilal Khan,Female,Lahore,Beverages,Coca Cola 1.5L,Coca-Cola,1,220,20,176,170,6,JazzCash,Hamza,4.7
ORD10594,16/11/2025,Wapda Town,C1345,Bilal Ahmed,Female,Lahore,Stationery,Notebook,Dollar,5,180,0,900,600,300,Easypaisa,Hassan,4
ORD10595,09/02/2025,Model Town,C1680,Fatima Iqbal,Male,Lahore,Stationery,Pen,Dollar,5,60,10,270,175,95,Easypaisa,Hamza,3.9
ORD10596,21/09/2025,Gulberg,C1643,Maryam Butt,Female,Lahore,Home,Shampoo,Sunsilk,5,620,5,2945,2500,445,Debit Card,Umar,3.9
ORD10597,23/11/2025,Gulberg,C1535,Hassan Iqbal,Female,Lahore,Bakery,Cake,Gourmet,4,900,20,2880,2800,80,Debit Card,Hassan,3.7
ORD10598,17/12/2025,Gulberg,C1650,Hassan Sheikh,Female,Lahore,Electronics,Keyboard,A4Tech,4,2800,10,10080,8800,1280,Credit Card,Usman,3.9
ORD10599,04/11/2025,Johar Town,C1197,Ali Malik,Female,Lahore,Beverages,Coca Cola 1.5L,Coca-Cola,2,220,0,440,340,100,Easypaisa,Umar,4.3
ORD10600,12/08/2025,Johar Town,C1280,Usman Khan,Female,Lahore,Home,Shampoo,Sunsilk,1,620,5,589,500,89,Credit Card,Usman,4.5
ORD10601,22/01/2025,Gulberg,C1322,Sara Raza,Male,Lahore,Stationery,Pen,Dollar,1,60,0,60,35,25,Easypaisa,Zain,4.5
ORD10602,16/02/2025,Gulberg,C1585,Maryam Ahmed,Female,Lahore,Home,Shampoo,Sunsilk,2,620,5,1178,1000,178,Easypaisa,Ali,3.9
ORD10603,04/03/2025,Johar Town,C1434,Hassan Butt,Male,Lahore,Electronics,Keyboard,A4Tech,5,2800,15,11900,11000,900,Debit Card,Hassan,5
ORD10604,14/08/2025,Model Town,C1547,Hamza Ahmed,Female,Lahore,Home,Soap,Lux,5,180,0,900,650,250,JazzCash,Hamza,4.2
ORD10605,07/05/2025,DHA,C1316,Ali Khan,Male,Lahore,Electronics,Mouse,Logitech,3,1800,15,4590,4200,390,Debit Card,Bilal,4.3
ORD10606,08/06/2025,Wapda Town,C1243,Ayesha Sheikh,Male,Lahore,Stationery,Marker,Dollar,3,120,0,360,240,120,Easypaisa,Bilal,4
ORD10607,01/05/2025,DHA,C1786,Zain Sheikh,Male,Lahore,Electronics,Mouse,Logitech,2,1800,15,3060,2800,260,Credit Card,Ali,4.7
ORD10608,09/09/2025,Model Town,C1103,Usman Raza,Male,Lahore,Home,Shampoo,Sunsilk,4,620,10,2232,2000,232,Credit Card,Hamza,4.4
ORD10609,08/10/2025,Gulberg,C1657,Zain Butt,Female,Lahore,Stationery,Pen,Dollar,4,60,0,240,140,100,Debit Card,Ahmed,4.1
ORD10610,18/11/2025,Gulberg,C1162,Hassan Butt,Female,Lahore,Electronics,Keyboard,A4Tech,5,2800,0,14000,11000,3000,Credit Card,Umar,4.2
ORD10611,10/03/2025,DHA,C1204,Ahmed Sheikh,Female,Lahore,Electronics,Mouse,Logitech,5,1800,10,8100,7000,1100,Debit Card,Hamza,4.8
ORD10612,20/10/2025,Wapda Town,C1642,Hassan Ahmed,Female,Lahore,Beverages,Pepsi 1.5L,Pepsi,1,220,20,176,170,6,Debit Card,Bilal,4.6
ORD10613,28/03/2025,Wapda Town,C1267,Usman Ahmed,Female,Lahore,Grocery,Tea 475g,Tapal,5,980,15,4165,4100,65,Debit Card,Ali,3.5
ORD10614,27/09/2025,Johar Town,C1731,Hassan Malik,Female,Lahore,Home,Soap,Lux,4,180,0,720,520,200,Credit Card,Umar,4.1
ORD10615,09/08/2025,Johar Town,C1429,Usman Sheikh,Male,Lahore,Beverages,Nestle Water 1.5L,Nestle,2,90,10,162,120,42,Cash,Bilal,5
ORD10616,01/05/2025,Wapda Town,C1701,Zain Chaudhry,Male,Lahore,Bakery,Cookies,LU,2,250,10,450,360,90,Cash,Umar,3.7
ORD10617,15/06/2025,Model Town,C1754,Sara Raza,Male,Lahore,Stationery,Pen,Dollar,2,60,15,102,70,32,Cash,Ahmed,3.6
ORD10618,01/05/2025,Gulberg,C1006,Bilal Sheikh,Female,Lahore,Home,Soap,Lux,5,180,20,720,650,70,Easypaisa,Zain,3.7
ORD10619,14/10/2025,Wapda Town,C1505,Hamza Chaudhry,Male,Lahore,Grocery,Cooking Oil 1L,Dalda,3,650,5,1852.5,1560,292.5,Cash,Zain,4.6
ORD10620,10/08/2025,Gulberg,C1131,Ayesha Raza,Female,Lahore,Beverages,Coca Cola 1.5L,Coca-Cola,1,220,10,198,170,28,Easypaisa,Bilal,4.9
ORD10621,15/05/2025,Model Town,C1169,Hamza Chaudhry,Male,Lahore,Bakery,Cookies,LU,5,250,10,1125,900,225,JazzCash,Umar,3.6
ORD10622,18/03/2025,Model Town,C1267,Usman Chaudhry,Female,Lahore,Grocery,Cooking Oil 1L,Dalda,2,650,0,1300,1040,260,Cash,Umar,3.6
ORD10623,02/07/2025,Model Town,C1116,Maryam Butt,Male,Lahore,Stationery,Marker,Dollar,4,120,15,408,320,88,Credit Card,Ali,3.8
ORD10624,26/05/2025,Wapda Town,C1680,Sara Malik,Male,Lahore,Beverages,Pepsi 1.5L,Pepsi,5,220,10,990,850,140,JazzCash,Usman,4.1
ORD10625,09/02/2025,Gulberg,C1292,Zain Ahmed,Female,Lahore,Beverages,Coca Cola 1.5L,Coca-Cola,1,220,10,198,170,28,Credit Card,Ali,4.8
ORD10626,20/03/2025,Model Town,C1644,Bilal Khan,Female,Lahore,Grocery,Basmati Rice 5kg,Guard,4,3200,15,10880,10400,480,Cash,Umar,4
ORD10627,19/10/2025,DHA,C1057,Maryam Ahmed,Female,Lahore,Beverages,Pepsi 1.5L,Pepsi,1,220,10,198,170,28,Cash,Hamza,3.9
ORD10628,03/05/2025,Johar Town,C1398,Umar Raza,Male,Lahore,Home,Detergent 1kg,Surf Excel,1,850,5,807.5,680,127.5,Cash,Bilal,4.2
ORD10629,10/08/2025,DHA,C1682,Ahmed Iqbal,Male,Lahore,Stationery,Pen,Dollar,5,60,5,285,175,110,Easypaisa,Umar,4.8
ORD10630,01/09/2025,Gulberg,C1775,Umar Iqbal,Male,Lahore,Electronics,Power Bank,Xiaomi,5,4500,15,19125,18000,1125,Easypaisa,Hamza,3.6
ORD10631,20/09/2025,Model Town,C1540,Zain Ahmed,Female,Lahore,Electronics,Keyboard,A4Tech,2,2800,5,5320,4400,920,Easypaisa,Hamza,3.6
ORD10632,02/09/2025,Johar Town,C1536,Umar Raza,Male,Lahore,Electronics,Mouse,Logitech,2,1800,10,3240,2800,440,JazzCash,Ali,4.9
ORD10633,20/09/2025,Model Town,C1677,Maryam Raza,Female,Lahore,Grocery,Tea 475g,Tapal,4,980,0,3920,3280,640,Credit Card,Ali,4.7
ORD10634,09/01/2025,Model Town,C1047,Ahmed Sheikh,Female,Lahore,Grocery,Tea 475g,Tapal,2,980,5,1862,1640,222,Credit Card,Umar,4.6
ORD10635,19/08/2025,Johar Town,C1190,Ahmed Raza,Male,Lahore,Bakery,Cookies,LU,3,250,5,712.5,540,172.5,Easypaisa,Ahmed,3.5
ORD10636,01/03/2025,Model Town,C1674,Maryam Chaudhry,Female,Lahore,Grocery,Cooking Oil 1L,Dalda,4,650,15,2210,2080,130,JazzCash,Zain,4.5
ORD10637,20/12/2025,Johar Town,C1139,Ali Malik,Male,Lahore,Stationery,Pen,Dollar,3,60,0,180,105,75,Cash,Hassan,4.8
ORD10638,18/04/2025,Model Town,C1642,Fatima Malik,Male,Lahore,Home,Shampoo,Sunsilk,2,620,5,1178,1000,178,Credit Card,Umar,3.7
ORD10639,05/08/2025,Model Town,C1497,Ayesha Khan,Female,Lahore,Grocery,Basmati Rice 5kg,Guard,2,3200,5,6080,5200,880,JazzCash,Hassan,3.8
ORD10640,19/10/2025,Gulberg,C1646,Maryam Sheikh,Female,Lahore,Home,Detergent 1kg,Surf Excel,3,850,0,2550,2040,510,Easypaisa,Bilal,3.6
ORD10641,24/07/2025,Model Town,C1238,Maryam Khan,Male,Lahore,Home,Shampoo,Sunsilk,5,620,20,2480,2500,-20,Easypaisa,Zain,4.3
ORD10642,18/05/2025,Model Town,C1638,Zain Iqbal,Female,Lahore,Stationery,Pen,Dollar,4,60,0,240,140,100,Easypaisa,Ahmed,3.7
ORD10643,09/04/2025,Wapda Town,C1225,Sara Iqbal,Female,Lahore,Home,Soap,Lux,4,180,5,684,520,164,Debit Card,Bilal,4.6
ORD10644,19/07/2025,Johar Town,C1637,Hassan Raza,Male,Lahore,Home,Shampoo,Sunsilk,3,620,15,1581,1500,81,Easypaisa,Usman,3.8
ORD10645,22/03/2025,Model Town,C1311,Hassan Malik,Male,Lahore,Bakery,Cookies,LU,1,250,15,212.5,180,32.5,Cash,Zain,4.8
ORD10646,02/07/2025,Gulberg,C1066,Hamza Sheikh,Male,Lahore,Stationery,Notebook,Dollar,2,180,20,288,240,48,JazzCash,Hassan,3.7
ORD10647,25/04/2025,Gulberg,C1789,Fatima Raza,Male,Lahore,Home,Soap,Lux,3,180,10,486,390,96,JazzCash,Ali,4.6
ORD10648,13/08/2025,Wapda Town,C1105,Fatima Khan,Male,Lahore,Home,Detergent 1kg,Surf Excel,1,850,20,680,680,0,Debit Card,Ali,4.8
ORD10649,05/07/2025,Wapda Town,C1511,Maryam Ahmed,Male,Lahore,Beverages,Nestle Water 1.5L,Nestle,3,90,15,229.5,180,49.5,Credit Card,Zain,4.7
ORD10650,04/03/2025,Johar Town,C1486,Hamza Raza,Male,Lahore,Beverages,Coca Cola 1.5L,Coca-Cola,4,220,0,880,680,200,Cash,Bilal,4.1
ORD10651,01/08/2025,Wapda Town,C1432,Hassan Butt,Female,Lahore,Electronics,Power Bank,Xiaomi,2,4500,5,8550,7200,1350,Easypaisa,Hamza,4.8
ORD10652,22/09/2025,Johar Town,C1789,Ali Ahmed,Male,Lahore,Stationery,Pen,Dollar,1,60,15,51,35,16,Credit Card,Zain,4.1
ORD10653,26/03/2025,Johar Town,C1589,Ali Raza,Female,Lahore,Home,Detergent 1kg,Surf Excel,4,850,0,3400,2720,680,Easypaisa,Bilal,4.6
ORD10654,10/06/2025,Wapda Town,C1151,Maryam Sheikh,Female,Lahore,Electronics,Mouse,Logitech,3,1800,20,4320,4200,120,Debit Card,Umar,4.5
ORD10655,29/11/2025,Gulberg,C1551,Hamza Sheikh,Male,Lahore,Home,Detergent 1kg,Surf Excel,3,850,0,2550,2040,510,JazzCash,Bilal,3.8
ORD10656,19/09/2025,Johar Town,C1024,Ali Raza,Male,Lahore,Bakery,Cookies,LU,5,250,10,1125,900,225,Credit Card,Hamza,5
ORD10657,26/02/2025,Wapda Town,C1363,Ahmed Khan,Male,Lahore,Stationery,Notebook,Dollar,3,180,10,486,360,126,Easypaisa,Bilal,4.4
ORD10658,03/01/2025,Wapda Town,C1732,Zain Malik,Female,Lahore,Home,Soap,Lux,2,180,20,288,260,28,Credit Card,Bilal,4.5
ORD10659,21/10/2025,Johar Town,C1108,Hamza Malik,Female,Lahore,Stationery,Notebook,Dollar,4,180,20,576,480,96,Easypaisa,Ali,3.7
ORD10660,06/08/2025,Model Town,C1134,Ayesha Malik,Female,Lahore,Home,Detergent 1kg,Surf Excel,1,850,0,850,680,170,Cash,Zain,4.5
ORD10661,26/07/2025,DHA,C1599,Ayesha Sheikh,Female,Lahore,Bakery,Cake,Gourmet,5,900,15,3825,3500,325,Easypaisa,Hamza,4.7
ORD10662,15/03/2025,Johar Town,C1722,Fatima Ahmed,Male,Lahore,Bakery,Bread,Dawn,4,120,15,408,320,88,Easypaisa,Umar,3.5
ORD10663,22/03/2025,Model Town,C1113,Ahmed Iqbal,Female,Lahore,Bakery,Cookies,LU,1,250,20,200,180,20,Cash,Usman,3.7
ORD10664,06/06/2025,Gulberg,C1147,Usman Sheikh,Male,Lahore,Electronics,Keyboard,A4Tech,3,2800,15,7140,6600,540,Credit Card,Bilal,3.8
ORD10665,08/09/2025,Gulberg,C1046,Umar Chaudhry,Female,Lahore,Grocery,Basmati Rice 5kg,Guard,5,3200,10,14400,13000,1400,JazzCash,Umar,4.9
ORD10666,13/07/2025,Johar Town,C1517,Zain Chaudhry,Female,Lahore,Home,Shampoo,Sunsilk,5,620,5,2945,2500,445,Easypaisa,Usman,4.8
ORD10667,16/06/2025,Model Town,C1348,Fatima Khan,Female,Lahore,Grocery,Tea 475g,Tapal,4,980,5,3724,3280,444,Credit Card,Ali,4.8
ORD10668,29/12/2025,Wapda Town,C1088,Hassan Khan,Male,Lahore,Grocery,Sugar 1kg,Shan,5,180,0,900,750,150,Easypaisa,Ahmed,3.7
ORD10669,30/09/2025,Johar Town,C1723,Sara Chaudhry,Male,Lahore,Beverages,Pepsi 1.5L,Pepsi,3,220,5,627,510,117,JazzCash,Zain,4.1
ORD10670,24/01/2025,Johar Town,C1425,Ali Iqbal,Female,Lahore,Home,Detergent 1kg,Surf Excel,3,850,15,2167.5,2040,127.5,Credit Card,Ali,3.7
ORD10671,20/02/2025,Johar Town,C1262,Ahmed Butt,Female,Lahore,Bakery,Bread,Dawn,3,120,5,342,240,102,Easypaisa,Usman,3.6
ORD10672,16/06/2025,Model Town,C1102,Hamza Butt,Female,Lahore,Beverages,Pepsi 1.5L,Pepsi,1,220,10,198,170,28,Credit Card,Bilal,4.1
ORD10673,03/03/2025,Wapda Town,C1243,Ayesha Sheikh,Male,Lahore,Grocery,Cooking Oil 1L,Dalda,2,650,20,1040,1040,0,Credit Card,Ahmed,4
ORD10674,11/10/2025,Model Town,C1649,Hassan Khan,Female,Lahore,Home,Detergent 1kg,Surf Excel,4,850,0,3400,2720,680,JazzCash,Ali,3.9
ORD10675,12/10/2025,Model Town,C1457,Ahmed Malik,Male,Lahore,Stationery,Notebook,Dollar,3,180,20,432,360,72,Credit Card,Usman,4.7
ORD10676,03/10/2025,Gulberg,C1476,Sara Raza,Male,Lahore,Home,Shampoo,Sunsilk,4,620,0,2480,2000,480,Cash,Ahmed,4.9
ORD10677,04/09/2025,DHA,C1648,Hassan Raza,Male,Lahore,Electronics,Power Bank,Xiaomi,3,4500,15,11475,10800,675,Debit Card,Ali,4
ORD10678,22/07/2025,DHA,C1443,Hassan Iqbal,Female,Lahore,Stationery,Notebook,Dollar,2,180,20,288,240,48,Credit Card,Umar,3.9
ORD10679,06/12/2025,Wapda Town,C1337,Ali Butt,Male,Lahore,Electronics,Keyboard,A4Tech,2,2800,15,4760,4400,360,JazzCash,Umar,3.5
ORD10680,05/01/2025,Model Town,C1781,Umar Ahmed,Male,Lahore,Stationery,Notebook,Dollar,4,180,20,576,480,96,JazzCash,Ahmed,4.8
ORD10681,10/12/2025,Model Town,C1616,Hamza Sheikh,Male,Lahore,Home,Shampoo,Sunsilk,1,620,10,558,500,58,Cash,Ali,4.2
ORD10682,09/04/2025,DHA,C1697,Maryam Iqbal,Male,Lahore,Home,Detergent 1kg,Surf Excel,2,850,0,1700,1360,340,Cash,Bilal,4.7
ORD10683,24/04/2025,DHA,C1505,Maryam Malik,Male,Lahore,Beverages,Coca Cola 1.5L,Coca-Cola,3,220,0,660,510,150,Debit Card,Hamza,3.7
ORD10684,23/05/2025,Wapda Town,C1199,Zain Butt,Male,Lahore,Bakery,Cake,Gourmet,4,900,5,3420,2800,620,JazzCash,Usman,4.6
ORD10685,07/03/2025,DHA,C1197,Zain Khan,Female,Lahore,Electronics,Power Bank,Xiaomi,2,4500,20,7200,7200,0,JazzCash,Umar,3.5
ORD10686,07/08/2025,Model Town,C1417,Bilal Ahmed,Female,Lahore,Stationery,Marker,Dollar,1,120,10,108,80,28,Easypaisa,Zain,4.3
ORD10687,23/01/2025,Model Town,C1546,Ayesha Iqbal,Male,Lahore,Stationery,Notebook,Dollar,1,180,10,162,120,42,Easypaisa,Hassan,4
ORD10688,20/10/2025,Johar Town,C1202,Usman Iqbal,Female,Lahore,Grocery,Cooking Oil 1L,Dalda,4,650,0,2600,2080,520,Cash,Ali,3.5
ORD10689,10/08/2025,Gulberg,C1485,Hassan Iqbal,Male,Lahore,Grocery,Sugar 1kg,Shan,3,180,5,513,450,63,Credit Card,Hassan,4.9
ORD10690,04/11/2025,Wapda Town,C1128,Ahmed Khan,Male,Lahore,Bakery,Cookies,LU,1,250,15,212.5,180,32.5,Easypaisa,Zain,4.8
ORD10691,22/12/2025,Gulberg,C1309,Sara Sheikh,Male,Lahore,Grocery,Cooking Oil 1L,Dalda,1,650,15,552.5,520,32.5,Cash,Ahmed,4.3
ORD10692,31/05/2025,Model Town,C1239,Sara Khan,Female,Lahore,Home,Soap,Lux,1,180,20,144,130,14,Easypaisa,Umar,4.7
ORD10693,14/11/2025,Model Town,C1530,Hamza Malik,Male,Lahore,Bakery,Bread,Dawn,3,120,0,360,240,120,Cash,Ahmed,4.4
ORD10694,04/02/2025,Wapda Town,C1263,Hamza Sheikh,Female,Lahore,Bakery,Bread,Dawn,5,120,5,570,400,170,JazzCash,Umar,3.8
ORD10695,12/03/2025,Wapda Town,C1447,Fatima Iqbal,Female,Lahore,Grocery,Basmati Rice 5kg,Guard,2,3200,10,5760,5200,560,JazzCash,Usman,3.7
ORD10696,08/06/2025,Gulberg,C1531,Sara Butt,Male,Lahore,Bakery,Cookies,LU,3,250,10,675,540,135,Debit Card,Ahmed,4.1
ORD10697,11/04/2025,DHA,C1194,Zain Chaudhry,Female,Lahore,Beverages,Nestle Water 1.5L,Nestle,2,90,0,180,120,60,JazzCash,Zain,4.8
ORD10698,17/10/2025,DHA,C1167,Ahmed Chaudhry,Male,Lahore,Electronics,Power Bank,Xiaomi,3,4500,15,11475,10800,675,Easypaisa,Hassan,4.9
ORD10699,24/11/2025,Wapda Town,C1219,Hassan Chaudhry,Female,Lahore,Beverages,Nestle Water 1.5L,Nestle,2,90,15,153,120,33,Easypaisa,Hassan,4.1
ORD10700,04/01/2025,Gulberg,C1569,Ahmed Butt,Female,Lahore,Electronics,Mouse,Logitech,1,1800,10,1620,1400,220,Easypaisa,Hassan,4.4
ORD10701,04/07/2025,DHA,C1179,Hassan Raza,Male,Lahore,Grocery,Basmati Rice 5kg,Guard,2,3200,5,6080,5200,880,Credit Card,Hassan,3.8
ORD10702,12/01/2025,Johar Town,C1389,Zain Ahmed,Female,Lahore,Beverages,Coca Cola 1.5L,Coca-Cola,1,220,0,220,170,50,Debit Card,Bilal,4.2
ORD10703,09/07/2025,Wapda Town,C1445,Maryam Ahmed,Male,Lahore,Electronics,Power Bank,Xiaomi,2,4500,20,7200,7200,0,Debit Card,Usman,4.7
ORD10704,09/04/2025,Wapda Town,C1440,Zain Malik,Male,Lahore,Bakery,Cookies,LU,3,250,10,675,540,135,JazzCash,Hassan,4.8
ORD10705,31/05/2025,DHA,C1130,Fatima Chaudhry,Male,Lahore,Beverages,Coca Cola 1.5L,Coca-Cola,2,220,0,440,340,100,Cash,Umar,4.7
ORD10706,11/11/2025,Wapda Town,C1384,Ayesha Chaudhry,Male,Lahore,Grocery,Cooking Oil 1L,Dalda,5,650,15,2762.5,2600,162.5,Credit Card,Zain,4.3
ORD10707,05/09/2025,Wapda Town,C1411,Zain Khan,Male,Lahore,Stationery,Pen,Dollar,4,60,10,216,140,76,Debit Card,Hassan,4.2
ORD10708,01/05/2025,Model Town,C1586,Usman Iqbal,Female,Lahore,Home,Detergent 1kg,Surf Excel,3,850,15,2167.5,2040,127.5,JazzCash,Ali,3.7
ORD10709,13/02/2025,Johar Town,C1598,Ali Chaudhry,Female,Lahore,Electronics,Keyboard,A4Tech,5,2800,10,12600,11000,1600,Easypaisa,Umar,4.2
ORD10710,29/07/2025,Model Town,C1026,Usman Chaudhry,Male,Lahore,Electronics,Keyboard,A4Tech,3,2800,10,7560,6600,960,Credit Card,Ali,4
ORD10711,12/02/2025,Gulberg,C1284,Hassan Ahmed,Male,Lahore,Electronics,Power Bank,Xiaomi,5,4500,20,18000,18000,0,Cash,Zain,3.6
ORD10712,13/04/2025,DHA,C1764,Zain Raza,Male,Lahore,Electronics,Mouse,Logitech,3,1800,10,4860,4200,660,JazzCash,Usman,5
ORD10713,06/10/2025,DHA,C1414,Umar Khan,Female,Lahore,Electronics,Mouse,Logitech,3,1800,10,4860,4200,660,JazzCash,Usman,4.8
ORD10714,27/04/2025,Johar Town,C1529,Sara Chaudhry,Female,Lahore,Beverages,Nestle Water 1.5L,Nestle,2,90,15,153,120,33,Credit Card,Ali,4
ORD10715,07/04/2025,Model Town,C1461,Fatima Khan,Female,Lahore,Home,Shampoo,Sunsilk,4,620,5,2356,2000,356,Debit Card,Usman,4
ORD10716,05/01/2025,Johar Town,C1430,Umar Sheikh,Female,Lahore,Home,Shampoo,Sunsilk,3,620,10,1674,1500,174,Credit Card,Ahmed,4.4
ORD10717,17/01/2025,Wapda Town,C1623,Sara Sheikh,Female,Lahore,Beverages,Pepsi 1.5L,Pepsi,3,220,20,528,510,18,Debit Card,Hamza,3.6
ORD10718,17/07/2025,Wapda Town,C1463,Zain Raza,Male,Lahore,Beverages,Coca Cola 1.5L,Coca-Cola,1,220,10,198,170,28,Debit Card,Ali,4.5
ORD10719,01/04/2025,Johar Town,C1072,Umar Raza,Male,Lahore,Grocery,Tea 475g,Tapal,1,980,5,931,820,111,Debit Card,Bilal,4.5
ORD10720,05/02/2025,Gulberg,C1176,Hamza Sheikh,Female,Lahore,Home,Detergent 1kg,Surf Excel,3,850,20,2040,2040,0,Debit Card,Ali,3.7
ORD10721,03/08/2025,Johar Town,C1134,Hassan Raza,Female,Lahore,Home,Shampoo,Sunsilk,1,620,15,527,500,27,Easypaisa,Usman,4.4
ORD10722,08/06/2025,DHA,C1207,Ali Butt,Female,Lahore,Bakery,Bread,Dawn,5,120,15,510,400,110,Cash,Hamza,4.4
ORD10723,07/05/2025,Model Town,C1474,Sara Khan,Male,Lahore,Bakery,Cookies,LU,5,250,15,1062.5,900,162.5,Credit Card,Umar,4
ORD10724,31/12/2025,Model Town,C1256,Usman Sheikh,Female,Lahore,Electronics,Keyboard,A4Tech,5,2800,5,13300,11000,2300,Easypaisa,Usman,4.5
ORD10725,18/02/2025,Johar Town,C1281,Zain Raza,Male,Lahore,Home,Shampoo,Sunsilk,1,620,5,589,500,89,Debit Card,Umar,4.1
ORD10726,11/10/2025,Wapda Town,C1785,Hamza Sheikh,Female,Lahore,Grocery,Sugar 1kg,Shan,1,180,0,180,150,30,Debit Card,Bilal,3.8
ORD10727,23/01/2025,Model Town,C1352,Maryam Sheikh,Male,Lahore,Home,Detergent 1kg,Surf Excel,1,850,15,722.5,680,42.5,Easypaisa,Ahmed,3.5
ORD10728,28/02/2025,Model Town,C1473,Ahmed Ahmed,Male,Lahore,Stationery,Notebook,Dollar,3,180,15,459,360,99,Easypaisa,Usman,4.2
ORD10729,23/05/2025,Gulberg,C1182,Bilal Ahmed,Female,Lahore,Beverages,Pepsi 1.5L,Pepsi,1,220,20,176,170,6,Debit Card,Ali,4.5
ORD10730,06/01/2025,DHA,C1183,Hassan Khan,Male,Lahore,Stationery,Pen,Dollar,2,60,15,102,70,32,Easypaisa,Ahmed,4.8
ORD10731,25/09/2025,DHA,C1455,Ali Khan,Male,Lahore,Stationery,Marker,Dollar,1,120,15,102,80,22,Easypaisa,Hassan,4.9
ORD10732,11/07/2025,Model Town,C1029,Ali Iqbal,Male,Lahore,Beverages,Pepsi 1.5L,Pepsi,1,220,0,220,170,50,Cash,Hassan,4.9
ORD10733,19/02/2025,Model Town,C1525,Ahmed Iqbal,Female,Lahore,Stationery,Notebook,Dollar,2,180,0,360,240,120,JazzCash,Hassan,4.4
ORD10734,05/10/2025,Johar Town,C1109,Hamza Iqbal,Male,Lahore,Home,Soap,Lux,1,180,5,171,130,41,Cash,Hamza,4.5
ORD10735,07/01/2025,Gulberg,C1674,Bilal Iqbal,Male,Lahore,Home,Detergent 1kg,Surf Excel,4,850,5,3230,2720,510,Cash,Hassan,4.1
ORD10736,03/11/2025,Johar Town,C1258,Ahmed Iqbal,Female,Lahore,Home,Detergent 1kg,Surf Excel,5,850,20,3400,3400,0,Debit Card,Zain,3.8
ORD10737,19/12/2025,DHA,C1019,Sara Chaudhry,Female,Lahore,Electronics,Power Bank,Xiaomi,4,4500,0,18000,14400,3600,JazzCash,Hassan,4.3
ORD10738,27/12/2025,Gulberg,C1317,Hassan Sheikh,Male,Lahore,Grocery,Cooking Oil 1L,Dalda,1,650,20,520,520,0,JazzCash,Ali,3.6
ORD10739,11/07/2025,Model Town,C1210,Zain Khan,Male,Lahore,Home,Soap,Lux,2,180,5,342,260,82,JazzCash,Umar,4.6
ORD10740,18/06/2025,Wapda Town,C1425,Zain Raza,Male,Lahore,Beverages,Coca Cola 1.5L,Coca-Cola,3,220,0,660,510,150,Debit Card,Zain,4
ORD10741,16/04/2025,Wapda Town,C1391,Fatima Iqbal,Male,Lahore,Bakery,Bread,Dawn,2,120,5,228,160,68,Easypaisa,Ahmed,3.6
ORD10742,09/09/2025,Johar Town,C1129,Ahmed Butt,Male,Lahore,Grocery,Cooking Oil 1L,Dalda,1,650,5,617.5,520,97.5,Debit Card,Ali,4.1
ORD10743,28/08/2025,Model Town,C1181,Sara Malik,Female,Lahore,Electronics,Mouse,Logitech,2,1800,5,3420,2800,620,Credit Card,Umar,5
ORD10744,14/04/2025,Model Town,C1387,Usman Chaudhry,Female,Lahore,Electronics,Keyboard,A4Tech,1,2800,10,2520,2200,320,Easypaisa,Hamza,4.6
ORD10745,04/09/2025,DHA,C1610,Fatima Butt,Male,Lahore,Grocery,Tea 475g,Tapal,4,980,0,3920,3280,640,Credit Card,Hamza,4.2
ORD10746,21/08/2025,Model Town,C1074,Hamza Butt,Female,Lahore,Electronics,Keyboard,A4Tech,5,2800,20,11200,11000,200,Debit Card,Usman,4.9
ORD10747,03/01/2025,Model Town,C1405,Maryam Iqbal,Female,Lahore,Grocery,Sugar 1kg,Shan,4,180,15,612,600,12,Easypaisa,Bilal,4.5
ORD10748,29/10/2025,Model Town,C1580,Usman Malik,Female,Lahore,Grocery,Tea 475g,Tapal,1,980,0,980,820,160,Credit Card,Zain,4.3
ORD10749,08/09/2025,Model Town,C1435,Maryam Malik,Male,Lahore,Stationery,Marker,Dollar,3,120,0,360,240,120,Easypaisa,Ahmed,4.9
ORD10750,05/07/2025,DHA,C1620,Ayesha Butt,Female,Lahore,Stationery,Marker,Dollar,1,120,5,114,80,34,Debit Card,Usman,3.5
ORD10751,17/02/2025,Wapda Town,C1083,Fatima Malik,Female,Lahore,Stationery,Marker,Dollar,4,120,15,408,320,88,Debit Card,Hamza,3.9
ORD10752,04/06/2025,DHA,C1752,Umar Ahmed,Male,Lahore,Bakery,Cake,Gourmet,4,900,20,2880,2800,80,JazzCash,Zain,4.7
ORD10753,18/05/2025,Gulberg,C1173,Ayesha Khan,Male,Lahore,Stationery,Notebook,Dollar,4,180,10,648,480,168,Cash,Hamza,4.3
ORD10754,02/12/2025,Johar Town,C1384,Usman Butt,Male,Lahore,Electronics,Power Bank,Xiaomi,4,4500,5,17100,14400,2700,Easypaisa,Usman,4.3
ORD10755,26/02/2025,Johar Town,C1061,Maryam Butt,Male,Lahore,Home,Shampoo,Sunsilk,2,620,5,1178,1000,178,Credit Card,Hamza,4.2
ORD10756,16/11/2025,Gulberg,C1387,Ahmed Raza,Male,Lahore,Grocery,Cooking Oil 1L,Dalda,1,650,10,585,520,65,Credit Card,Ahmed,4.4
ORD10757,02/09/2025,Gulberg,C1273,Ali Khan,Male,Lahore,Home,Shampoo,Sunsilk,1,620,0,620,500,120,Debit Card,Ahmed,4.1
ORD10758,24/09/2025,Wapda Town,C1440,Hamza Iqbal,Female,Lahore,Electronics,Keyboard,A4Tech,4,2800,10,10080,8800,1280,Credit Card,Hassan,4.9
ORD10759,07/12/2025,DHA,C1339,Ahmed Khan,Female,Lahore,Home,Soap,Lux,5,180,0,900,650,250,Easypaisa,Usman,3.5
ORD10760,04/03/2025,Model Town,C1634,Zain Chaudhry,Female,Lahore,Bakery,Cookies,LU,2,250,10,450,360,90,Debit Card,Ahmed,5
ORD10761,14/06/2025,Model Town,C1240,Sara Chaudhry,Female,Lahore,Grocery,Sugar 1kg,Shan,1,180,10,162,150,12,JazzCash,Ali,4
ORD10762,01/09/2025,DHA,C1622,Hassan Butt,Male,Lahore,Stationery,Marker,Dollar,1,120,15,102,80,22,Debit Card,Umar,4.7
ORD10763,04/06/2025,Model Town,C1119,Ayesha Malik,Male,Lahore,Stationery,Marker,Dollar,4,120,5,456,320,136,Debit Card,Usman,4.6
ORD10764,04/12/2025,Gulberg,C1165,Hamza Sheikh,Female,Lahore,Stationery,Notebook,Dollar,1,180,15,153,120,33,Debit Card,Bilal,4.5
ORD10765,10/12/2025,Gulberg,C1709,Hamza Malik,Male,Lahore,Grocery,Cooking Oil 1L,Dalda,5,650,15,2762.5,2600,162.5,Credit Card,Hamza,4.9
ORD10766,15/07/2025,Johar Town,C1229,Bilal Ahmed,Female,Lahore,Stationery,Marker,Dollar,5,120,15,510,400,110,Cash,Ali,3.6
ORD10767,31/10/2025,DHA,C1131,Hamza Sheikh,Male,Lahore,Beverages,Nestle Water 1.5L,Nestle,1,90,20,72,60,12,Credit Card,Ahmed,4.4
ORD10768,08/04/2025,Johar Town,C1533,Zain Malik,Male,Lahore,Home,Soap,Lux,3,180,10,486,390,96,Easypaisa,Ahmed,4.3
ORD10769,24/08/2025,Model Town,C1697,Ayesha Butt,Female,Lahore,Electronics,Mouse,Logitech,3,1800,5,5130,4200,930,Debit Card,Ahmed,4.4
ORD10770,08/06/2025,Wapda Town,C1490,Zain Malik,Female,Lahore,Bakery,Cake,Gourmet,1,900,10,810,700,110,Credit Card,Hamza,3.6
ORD10771,20/06/2025,Gulberg,C1795,Usman Chaudhry,Female,Lahore,Beverages,Nestle Water 1.5L,Nestle,2,90,5,171,120,51,Credit Card,Usman,5
ORD10772,08/10/2025,DHA,C1776,Umar Sheikh,Male,Lahore,Home,Soap,Lux,4,180,15,612,520,92,JazzCash,Bilal,3.9
ORD10773,10/04/2025,Johar Town,C1332,Sara Khan,Female,Lahore,Stationery,Marker,Dollar,4,120,0,480,320,160,Easypaisa,Usman,4.4
ORD10774,15/08/2025,Johar Town,C1224,Maryam Malik,Male,Lahore,Stationery,Pen,Dollar,3,60,5,171,105,66,Credit Card,Ali,4.5
ORD10775,17/03/2025,Gulberg,C1365,Ayesha Butt,Male,Lahore,Home,Soap,Lux,2,180,0,360,260,100,Cash,Zain,4.4
ORD10776,18/03/2025,Gulberg,C1122,Hassan Sheikh,Female,Lahore,Stationery,Marker,Dollar,4,120,5,456,320,136,Credit Card,Usman,4.5
ORD10777,12/07/2025,Model Town,C1282,Zain Chaudhry,Female,Lahore,Stationery,Marker,Dollar,1,120,15,102,80,22,Cash,Ali,3.7
ORD10778,04/03/2025,Gulberg,C1601,Sara Chaudhry,Female,Lahore,Home,Shampoo,Sunsilk,5,620,5,2945,2500,445,Cash,Usman,4.1
ORD10779,27/11/2025,Johar Town,C1102,Hamza Ahmed,Male,Lahore,Stationery,Pen,Dollar,3,60,20,144,105,39,Easypaisa,Ahmed,4.1
ORD10780,02/10/2025,Wapda Town,C1552,Maryam Ahmed,Male,Lahore,Bakery,Cookies,LU,1,250,20,200,180,20,Cash,Usman,4.8
ORD10781,22/12/2025,DHA,C1126,Ali Butt,Male,Lahore,Beverages,Pepsi 1.5L,Pepsi,5,220,15,935,850,85,Debit Card,Ali,4.3
ORD10782,18/01/2025,DHA,C1558,Usman Sheikh,Male,Lahore,Grocery,Basmati Rice 5kg,Guard,5,3200,10,14400,13000,1400,Debit Card,Bilal,3.6
ORD10783,23/09/2025,Johar Town,C1591,Ayesha Iqbal,Female,Lahore,Electronics,Power Bank,Xiaomi,5,4500,15,19125,18000,1125,JazzCash,Hassan,4.5
ORD10784,06/12/2025,Johar Town,C1307,Hassan Butt,Male,Lahore,Grocery,Cooking Oil 1L,Dalda,1,650,5,617.5,520,97.5,JazzCash,Zain,3.9
ORD10785,15/11/2025,DHA,C1391,Zain Butt,Female,Lahore,Home,Detergent 1kg,Surf Excel,5,850,10,3825,3400,425,Easypaisa,Ali,4.9
ORD10786,13/12/2025,Johar Town,C1073,Zain Raza,Male,Lahore,Home,Shampoo,Sunsilk,2,620,20,992,1000,-8,Credit Card,Usman,4.1
ORD10787,20/03/2025,Wapda Town,C1254,Ahmed Raza,Male,Lahore,Electronics,Keyboard,A4Tech,4,2800,0,11200,8800,2400,JazzCash,Ali,4.5
ORD10788,28/07/2025,DHA,C1797,Bilal Butt,Male,Lahore,Grocery,Sugar 1kg,Shan,1,180,10,162,150,12,Credit Card,Ahmed,3.6
ORD10789,24/04/2025,Wapda Town,C1746,Bilal Chaudhry,Male,Lahore,Home,Detergent 1kg,Surf Excel,1,850,5,807.5,680,127.5,JazzCash,Zain,4.6
ORD10790,25/05/2025,Gulberg,C1175,Hamza Sheikh,Male,Lahore,Bakery,Cookies,LU,5,250,0,1250,900,350,Credit Card,Hamza,4.2
ORD10791,07/03/2025,Johar Town,C1147,Umar Raza,Male,Lahore,Electronics,Mouse,Logitech,5,1800,5,8550,7000,1550,Credit Card,Hassan,4.5
ORD10792,03/08/2025,DHA,C1480,Fatima Raza,Female,Lahore,Stationery,Pen,Dollar,2,60,15,102,70,32,Easypaisa,Hassan,4
ORD10793,14/02/2025,Gulberg,C1079,Maryam Malik,Male,Lahore,Electronics,Keyboard,A4Tech,3,2800,0,8400,6600,1800,Debit Card,Ahmed,3.6
ORD10794,27/05/2025,Wapda Town,C1749,Usman Chaudhry,Female,Lahore,Bakery,Cookies,LU,1,250,15,212.5,180,32.5,JazzCash,Ali,4.1
ORD10795,12/11/2025,Wapda Town,C1768,Hamza Malik,Male,Lahore,Beverages,Nestle Water 1.5L,Nestle,1,90,15,76.5,60,16.5,JazzCash,Umar,4.9
ORD10796,12/12/2025,DHA,C1137,Fatima Iqbal,Male,Lahore,Bakery,Bread,Dawn,2,120,0,240,160,80,Easypaisa,Umar,4.1
ORD10797,11/07/2025,Gulberg,C1298,Bilal Chaudhry,Female,Lahore,Grocery,Sugar 1kg,Shan,2,180,20,288,300,-12,Credit Card,Hassan,3.5
ORD10798,20/11/2025,Wapda Town,C1037,Ayesha Chaudhry,Male,Lahore,Bakery,Cookies,LU,2,250,10,450,360,90,Credit Card,Ahmed,4.4
ORD10799,18/06/2025,DHA,C1740,Usman Sheikh,Female,Lahore,Electronics,Keyboard,A4Tech,1,2800,0,2800,2200,600,Cash,Ali,4.1
ORD10800,12/04/2025,Model Town,C1008,Usman Raza,Male,Lahore,Grocery,Cooking Oil 1L,Dalda,4,650,0,2600,2080,520,Easypaisa,Hamza,4.1
ORD10801,06/07/2025,Gulberg,C1450,Zain Chaudhry,Male,Lahore,Home,Detergent 1kg,Surf Excel,5,850,10,3825,3400,425,Debit Card,Zain,4.6
ORD10802,03/01/2025,Johar Town,C1292,Ali Butt,Female,Lahore,Electronics,Power Bank,Xiaomi,2,4500,0,9000,7200,1800,Easypaisa,Zain,4.9
ORD10803,24/03/2025,Gulberg,C1432,Ayesha Chaudhry,Male,Lahore,Stationery,Notebook,Dollar,4,180,10,648,480,168,Credit Card,Hamza,4.3
ORD10804,19/07/2025,Johar Town,C1160,Hamza Khan,Male,Lahore,Beverages,Pepsi 1.5L,Pepsi,1,220,0,220,170,50,Cash,Zain,4.1
ORD10805,02/11/2025,DHA,C1289,Ayesha Ahmed,Female,Lahore,Stationery,Notebook,Dollar,4,180,15,612,480,132,Debit Card,Usman,4.6
ORD10806,06/04/2025,Johar Town,C1683,Umar Malik,Female,Lahore,Beverages,Coca Cola 1.5L,Coca-Cola,1,220,10,198,170,28,Cash,Usman,3.8
ORD10807,30/10/2025,Gulberg,C1136,Umar Khan,Female,Lahore,Stationery,Marker,Dollar,2,120,5,228,160,68,Debit Card,Usman,4.1
ORD10808,12/11/2025,Model Town,C1538,Bilal Malik,Male,Lahore,Beverages,Pepsi 1.5L,Pepsi,1,220,15,187,170,17,Credit Card,Hamza,4.2
ORD10809,19/09/2025,Gulberg,C1276,Hamza Raza,Female,Lahore,Home,Shampoo,Sunsilk,1,620,10,558,500,58,Easypaisa,Hassan,4
ORD10810,25/01/2025,DHA,C1218,Bilal Chaudhry,Female,Lahore,Beverages,Pepsi 1.5L,Pepsi,1,220,0,220,170,50,JazzCash,Ali,4.1
ORD10811,10/05/2025,Gulberg,C1100,Zain Khan,Male,Lahore,Home,Soap,Lux,3,180,10,486,390,96,Credit Card,Zain,4.6
ORD10812,05/07/2025,DHA,C1244,Zain Raza,Male,Lahore,Stationery,Marker,Dollar,5,120,20,480,400,80,JazzCash,Hamza,3.6
ORD10813,24/02/2025,Gulberg,C1601,Zain Malik,Male,Lahore,Beverages,Nestle Water 1.5L,Nestle,5,90,0,450,300,150,Easypaisa,Ali,3.6
ORD10814,07/10/2025,Johar Town,C1547,Maryam Butt,Male,Lahore,Bakery,Cookies,LU,3,250,15,637.5,540,97.5,Debit Card,Hassan,4.1
ORD10815,31/12/2025,Model Town,C1645,Maryam Ahmed,Female,Lahore,Electronics,Power Bank,Xiaomi,3,4500,10,12150,10800,1350,Cash,Umar,4.1
ORD10816,15/09/2025,Johar Town,C1297,Ali Khan,Male,Lahore,Grocery,Cooking Oil 1L,Dalda,5,650,10,2925,2600,325,Easypaisa,Umar,4.5
ORD10817,20/09/2025,Model Town,C1576,Umar Sheikh,Female,Lahore,Grocery,Cooking Oil 1L,Dalda,4,650,20,2080,2080,0,Debit Card,Usman,3.5
ORD10818,20/10/2025,Model Town,C1516,Maryam Raza,Female,Lahore,Beverages,Nestle Water 1.5L,Nestle,1,90,20,72,60,12,Debit Card,Bilal,4.6
ORD10819,10/10/2025,Wapda Town,C1244,Bilal Khan,Male,Lahore,Grocery,Cooking Oil 1L,Dalda,2,650,0,1300,1040,260,Credit Card,Usman,3.9
ORD10820,27/01/2025,Gulberg,C1002,Zain Iqbal,Female,Lahore,Stationery,Notebook,Dollar,2,180,20,288,240,48,Credit Card,Ali,4.9
ORD10821,09/10/2025,Wapda Town,C1302,Hamza Khan,Male,Lahore,Electronics,Power Bank,Xiaomi,2,4500,15,7650,7200,450,Credit Card,Hassan,4.6
ORD10822,24/05/2025,Wapda Town,C1109,Maryam Sheikh,Female,Lahore,Beverages,Coca Cola 1.5L,Coca-Cola,1,220,20,176,170,6,JazzCash,Hassan,4.7
ORD10823,23/04/2025,Model Town,C1160,Ayesha Malik,Female,Lahore,Electronics,Keyboard,A4Tech,2,2800,20,4480,4400,80,Credit Card,Usman,4.9
ORD10824,17/02/2025,Johar Town,C1194,Sara Chaudhry,Male,Lahore,Home,Detergent 1kg,Surf Excel,4,850,5,3230,2720,510,Credit Card,Ahmed,4
ORD10825,01/04/2025,Gulberg,C1147,Ahmed Sheikh,Male,Lahore,Home,Shampoo,Sunsilk,5,620,5,2945,2500,445,Easypaisa,Hamza,3.7
ORD10826,27/09/2025,Gulberg,C1387,Umar Khan,Male,Lahore,Beverages,Nestle Water 1.5L,Nestle,1,90,20,72,60,12,Cash,Ahmed,3.7
ORD10827,12/02/2025,Gulberg,C1109,Fatima Iqbal,Male,Lahore,Electronics,Mouse,Logitech,5,1800,0,9000,7000,2000,Debit Card,Usman,4.2
ORD10828,16/10/2025,Model Town,C1159,Hassan Khan,Female,Lahore,Home,Detergent 1kg,Surf Excel,3,850,10,2295,2040,255,JazzCash,Ali,3.5
ORD10829,23/01/2025,Model Town,C1146,Ali Malik,Male,Lahore,Grocery,Sugar 1kg,Shan,1,180,20,144,150,-6,Debit Card,Hamza,4.1
ORD10830,30/06/2025,Gulberg,C1504,Usman Ahmed,Male,Lahore,Stationery,Pen,Dollar,2,60,15,102,70,32,Cash,Bilal,4
ORD10831,12/11/2025,Gulberg,C1620,Usman Butt,Female,Lahore,Electronics,Mouse,Logitech,3,1800,0,5400,4200,1200,JazzCash,Zain,4.4
ORD10832,14/12/2025,DHA,C1357,Ahmed Raza,Female,Lahore,Home,Detergent 1kg,Surf Excel,3,850,20,2040,2040,0,Credit Card,Bilal,4.7
ORD10833,31/12/2025,DHA,C1152,Umar Chaudhry,Female,Lahore,Grocery,Basmati Rice 5kg,Guard,2,3200,5,6080,5200,880,Cash,Ali,4.4
ORD10834,23/05/2025,Johar Town,C1786,Umar Iqbal,Female,Lahore,Beverages,Pepsi 1.5L,Pepsi,3,220,5,627,510,117,Easypaisa,Hamza,4.2
ORD10835,31/07/2025,Johar Town,C1393,Umar Chaudhry,Female,Lahore,Bakery,Cake,Gourmet,3,900,5,2565,2100,465,JazzCash,Hassan,4.1
ORD10836,25/10/2025,Johar Town,C1720,Ahmed Malik,Female,Lahore,Stationery,Pen,Dollar,5,60,20,240,175,65,Cash,Hassan,5
ORD10837,09/01/2025,Gulberg,C1062,Hamza Iqbal,Male,Lahore,Electronics,Power Bank,Xiaomi,4,4500,5,17100,14400,2700,Credit Card,Umar,3.7
ORD10838,10/10/2025,Gulberg,C1765,Usman Ahmed,Male,Lahore,Home,Detergent 1kg,Surf Excel,2,850,5,1615,1360,255,Easypaisa,Ahmed,4.5
ORD10839,06/08/2025,Gulberg,C1489,Sara Butt,Male,Lahore,Electronics,Mouse,Logitech,1,1800,20,1440,1400,40,Debit Card,Zain,3.7
ORD10840,06/05/2025,Johar Town,C1784,Usman Chaudhry,Male,Lahore,Grocery,Basmati Rice 5kg,Guard,5,3200,15,13600,13000,600,JazzCash,Bilal,4.2
ORD10841,22/06/2025,Gulberg,C1160,Ali Khan,Male,Lahore,Home,Shampoo,Sunsilk,1,620,10,558,500,58,JazzCash,Usman,3.5
ORD10842,05/08/2025,Wapda Town,C1514,Bilal Malik,Female,Lahore,Stationery,Pen,Dollar,5,60,10,270,175,95,Debit Card,Bilal,5
ORD10843,25/09/2025,Wapda Town,C1058,Hassan Sheikh,Male,Lahore,Home,Detergent 1kg,Surf Excel,2,850,15,1445,1360,85,JazzCash,Ali,4.7
ORD10844,28/08/2025,Johar Town,C1056,Hamza Sheikh,Male,Lahore,Home,Soap,Lux,4,180,15,612,520,92,Credit Card,Ali,3.7
ORD10845,05/07/2025,DHA,C1167,Fatima Ahmed,Male,Lahore,Bakery,Cookies,LU,1,250,5,237.5,180,57.5,Debit Card,Ahmed,4.6
ORD10846,08/06/2025,Johar Town,C1276,Ahmed Khan,Female,Lahore,Beverages,Nestle Water 1.5L,Nestle,2,90,0,180,120,60,Cash,Ahmed,4
ORD10847,08/06/2025,Wapda Town,C1200,Hamza Sheikh,Female,Lahore,Grocery,Sugar 1kg,Shan,3,180,15,459,450,9,Debit Card,Ali,4
ORD10848,15/09/2025,Model Town,C1489,Sara Khan,Female,Lahore,Grocery,Cooking Oil 1L,Dalda,1,650,20,520,520,0,Debit Card,Usman,4.5
ORD10849,10/02/2025,Johar Town,C1788,Maryam Butt,Female,Lahore,Stationery,Notebook,Dollar,2,180,5,342,240,102,Easypaisa,Usman,4
ORD10850,04/07/2025,Johar Town,C1214,Sara Ahmed,Male,Lahore,Bakery,Cookies,LU,1,250,15,212.5,180,32.5,JazzCash,Umar,3.6
ORD10851,08/01/2025,Model Town,C1097,Ayesha Iqbal,Male,Lahore,Beverages,Coca Cola 1.5L,Coca-Cola,5,220,0,1100,850,250,Credit Card,Usman,3.6
ORD10852,23/10/2025,Johar Town,C1728,Ayesha Raza,Female,Lahore,Electronics,Keyboard,A4Tech,1,2800,0,2800,2200,600,Credit Card,Umar,4.5
ORD10853,13/03/2025,DHA,C1411,Umar Butt,Female,Lahore,Grocery,Tea 475g,Tapal,1,980,10,882,820,62,Credit Card,Zain,4.1
ORD10854,16/12/2025,Gulberg,C1636,Zain Khan,Male,Lahore,Home,Shampoo,Sunsilk,4,620,10,2232,2000,232,JazzCash,Ahmed,3.7
ORD10855,23/02/2025,Model Town,C1075,Hassan Sheikh,Female,Lahore,Electronics,Keyboard,A4Tech,2,2800,20,4480,4400,80,Cash,Zain,4.2
ORD10856,25/11/2025,Johar Town,C1750,Ahmed Sheikh,Female,Lahore,Bakery,Cookies,LU,1,250,0,250,180,70,Debit Card,Hamza,4
ORD10857,12/06/2025,Model Town,C1118,Bilal Chaudhry,Male,Lahore,Electronics,Power Bank,Xiaomi,4,4500,5,17100,14400,2700,JazzCash,Usman,4.9
ORD10858,16/03/2025,Gulberg,C1616,Umar Khan,Female,Lahore,Stationery,Notebook,Dollar,3,180,20,432,360,72,Easypaisa,Umar,3.8
ORD10859,19/04/2025,Johar Town,C1086,Usman Ahmed,Female,Lahore,Grocery,Tea 475g,Tapal,3,980,10,2646,2460,186,Easypaisa,Ali,3.9
ORD10860,31/12/2025,DHA,C1189,Ali Ahmed,Female,Lahore,Home,Soap,Lux,5,180,5,855,650,205,Credit Card,Bilal,3.7
ORD10861,28/06/2025,Johar Town,C1714,Umar Iqbal,Female,Lahore,Home,Soap,Lux,4,180,20,576,520,56,Cash,Hassan,3.6
ORD10862,08/12/2025,DHA,C1015,Usman Chaudhry,Male,Lahore,Bakery,Cake,Gourmet,2,900,10,1620,1400,220,Easypaisa,Zain,3.7
ORD10863,12/12/2025,Model Town,C1129,Zain Chaudhry,Male,Lahore,Home,Soap,Lux,5,180,0,900,650,250,Cash,Hassan,4.6
ORD10864,07/04/2025,Wapda Town,C1387,Hassan Iqbal,Male,Lahore,Home,Shampoo,Sunsilk,5,620,5,2945,2500,445,Debit Card,Ahmed,4.1
ORD10865,06/07/2025,Gulberg,C1717,Ayesha Chaudhry,Female,Lahore,Grocery,Sugar 1kg,Shan,3,180,20,432,450,-18,Easypaisa,Zain,4
ORD10866,05/10/2025,Johar Town,C1470,Umar Iqbal,Male,Lahore,Home,Shampoo,Sunsilk,3,620,0,1860,1500,360,JazzCash,Usman,4.3
ORD10867,15/07/2025,Wapda Town,C1102,Ahmed Ahmed,Male,Lahore,Electronics,Power Bank,Xiaomi,4,4500,10,16200,14400,1800,Cash,Hamza,3.7
ORD10868,16/11/2025,Wapda Town,C1034,Zain Raza,Female,Lahore,Bakery,Bread,Dawn,4,120,20,384,320,64,Debit Card,Hassan,4.7
ORD10869,10/10/2025,Gulberg,C1360,Ayesha Sheikh,Female,Lahore,Home,Detergent 1kg,Surf Excel,2,850,15,1445,1360,85,Cash,Zain,4.7
ORD10870,17/09/2025,Model Town,C1690,Hassan Khan,Female,Lahore,Electronics,Keyboard,A4Tech,3,2800,10,7560,6600,960,Cash,Ahmed,3.5
ORD10871,11/07/2025,DHA,C1175,Sara Sheikh,Male,Lahore,Bakery,Cake,Gourmet,5,900,10,4050,3500,550,JazzCash,Hamza,3.8
ORD10872,26/11/2025,Johar Town,C1652,Umar Butt,Female,Lahore,Home,Detergent 1kg,Surf Excel,5,850,15,3612.5,3400,212.5,Credit Card,Usman,4.2
ORD10873,20/02/2025,Wapda Town,C1402,Zain Raza,Male,Lahore,Stationery,Notebook,Dollar,5,180,0,900,600,300,Credit Card,Hassan,3.6
ORD10874,14/01/2025,Gulberg,C1633,Maryam Ahmed,Female,Lahore,Home,Detergent 1kg,Surf Excel,5,850,5,4037.5,3400,637.5,Cash,Usman,5
ORD10875,21/11/2025,Johar Town,C1305,Hassan Malik,Female,Lahore,Stationery,Pen,Dollar,2,60,5,114,70,44,Credit Card,Ahmed,3.9
ORD10876,15/03/2025,Gulberg,C1471,Sara Ahmed,Male,Lahore,Stationery,Notebook,Dollar,5,180,0,900,600,300,Debit Card,Bilal,3.9
ORD10877,03/04/2025,Johar Town,C1401,Ahmed Chaudhry,Male,Lahore,Grocery,Basmati Rice 5kg,Guard,4,3200,10,11520,10400,1120,Easypaisa,Ali,4.2
ORD10878,17/11/2025,DHA,C1649,Ayesha Butt,Male,Lahore,Grocery,Cooking Oil 1L,Dalda,4,650,15,2210,2080,130,Credit Card,Ahmed,4.9
ORD10879,04/12/2025,Gulberg,C1352,Hamza Chaudhry,Male,Lahore,Bakery,Cake,Gourmet,5,900,0,4500,3500,1000,Debit Card,Bilal,4.9
ORD10880,09/04/2025,Wapda Town,C1525,Usman Malik,Female,Lahore,Bakery,Bread,Dawn,5,120,0,600,400,200,Cash,Hassan,3.5
ORD10881,12/03/2025,DHA,C1494,Hassan Ahmed,Female,Lahore,Beverages,Pepsi 1.5L,Pepsi,2,220,10,396,340,56,JazzCash,Bilal,4.2
ORD10882,11/09/2025,DHA,C1178,Hassan Raza,Female,Lahore,Home,Shampoo,Sunsilk,4,620,5,2356,2000,356,Cash,Bilal,3.7
ORD10883,16/04/2025,Model Town,C1611,Maryam Raza,Female,Lahore,Stationery,Pen,Dollar,4,60,15,204,140,64,JazzCash,Ali,4.4
ORD10884,08/08/2025,Gulberg,C1461,Usman Khan,Female,Lahore,Beverages,Nestle Water 1.5L,Nestle,3,90,10,243,180,63,JazzCash,Hamza,3.9
ORD10885,27/11/2025,Gulberg,C1185,Hamza Sheikh,Male,Lahore,Bakery,Cookies,LU,4,250,0,1000,720,280,Credit Card,Hassan,3.6
ORD10886,03/12/2025,Gulberg,C1010,Hamza Khan,Female,Lahore,Electronics,Keyboard,A4Tech,2,2800,10,5040,4400,640,Debit Card,Umar,4.4
ORD10887,14/06/2025,DHA,C1617,Hassan Malik,Male,Lahore,Beverages,Nestle Water 1.5L,Nestle,1,90,15,76.5,60,16.5,JazzCash,Bilal,4.6
ORD10888,10/12/2025,DHA,C1203,Hassan Khan,Female,Lahore,Grocery,Tea 475g,Tapal,4,980,10,3528,3280,248,Easypaisa,Ahmed,5
ORD10889,04/08/2025,Wapda Town,C1335,Sara Sheikh,Male,Lahore,Grocery,Basmati Rice 5kg,Guard,4,3200,5,12160,10400,1760,JazzCash,Ahmed,3.9
ORD10890,26/11/2025,Johar Town,C1413,Ali Khan,Female,Lahore,Bakery,Bread,Dawn,4,120,10,432,320,112,Cash,Ali,4.2
ORD10891,01/08/2025,DHA,C1410,Ahmed Iqbal,Female,Lahore,Stationery,Pen,Dollar,3,60,10,162,105,57,JazzCash,Ahmed,4.1
ORD10892,23/12/2025,Wapda Town,C1106,Ali Malik,Male,Lahore,Home,Soap,Lux,1,180,10,162,130,32,Cash,Usman,3.7
ORD10893,15/06/2025,Johar Town,C1091,Hassan Iqbal,Male,Lahore,Stationery,Marker,Dollar,4,120,5,456,320,136,Cash,Bilal,4.8
ORD10894,23/01/2025,DHA,C1338,Maryam Sheikh,Female,Lahore,Grocery,Basmati Rice 5kg,Guard,3,3200,0,9600,7800,1800,Debit Card,Usman,4.4
ORD10895,03/03/2025,Model Town,C1653,Ayesha Ahmed,Male,Lahore,Beverages,Coca Cola 1.5L,Coca-Cola,2,220,20,352,340,12,JazzCash,Umar,4.5
ORD10896,24/05/2025,Gulberg,C1271,Bilal Ahmed,Female,Lahore,Electronics,Power Bank,Xiaomi,4,4500,5,17100,14400,2700,JazzCash,Hassan,4.5
ORD10897,16/04/2025,Gulberg,C1218,Ali Malik,Female,Lahore,Stationery,Notebook,Dollar,1,180,15,153,120,33,Easypaisa,Hassan,4.2
ORD10898,24/06/2025,DHA,C1779,Bilal Chaudhry,Male,Lahore,Beverages,Nestle Water 1.5L,Nestle,5,90,20,360,300,60,JazzCash,Ali,4.9
ORD10899,23/04/2025,Wapda Town,C1208,Umar Malik,Male,Lahore,Electronics,Keyboard,A4Tech,4,2800,20,8960,8800,160,Credit Card,Hamza,3.7
ORD10900,07/06/2025,Model Town,C1110,Maryam Ahmed,Male,Lahore,Bakery,Cake,Gourmet,1,900,5,855,700,155,Cash,Umar,3.8
ORD10901,15/01/2025,DHA,C1272,Ahmed Ahmed,Female,Lahore,Home,Shampoo,Sunsilk,5,620,15,2635,2500,135,Easypaisa,Hassan,3.7
ORD10902,15/09/2025,Model Town,C1280,Hamza Ahmed,Male,Lahore,Home,Shampoo,Sunsilk,3,620,0,1860,1500,360,Easypaisa,Hamza,3.8
ORD10903,07/04/2025,Wapda Town,C1623,Ayesha Sheikh,Male,Lahore,Home,Detergent 1kg,Surf Excel,5,850,10,3825,3400,425,Cash,Hassan,4.9
ORD10904,23/04/2025,DHA,C1245,Ahmed Ahmed,Female,Lahore,Grocery,Basmati Rice 5kg,Guard,1,3200,20,2560,2600,-40,Debit Card,Hamza,4.1
ORD10905,21/02/2025,Johar Town,C1176,Hassan Iqbal,Female,Lahore,Beverages,Nestle Water 1.5L,Nestle,3,90,15,229.5,180,49.5,JazzCash,Bilal,4.6
ORD10906,18/02/2025,DHA,C1705,Hassan Butt,Female,Lahore,Beverages,Nestle Water 1.5L,Nestle,5,90,15,382.5,300,82.5,Cash,Usman,3.8
ORD10907,22/08/2025,DHA,C1022,Usman Raza,Male,Lahore,Beverages,Pepsi 1.5L,Pepsi,4,220,15,748,680,68,Debit Card,Ahmed,4.4
ORD10908,31/08/2025,Model Town,C1113,Ali Khan,Female,Lahore,Bakery,Bread,Dawn,4,120,5,456,320,136,Debit Card,Usman,4.6
ORD10909,18/02/2025,Model Town,C1753,Hamza Raza,Female,Lahore,Grocery,Sugar 1kg,Shan,3,180,15,459,450,9,Credit Card,Zain,4.2
ORD10910,30/06/2025,Wapda Town,C1496,Ahmed Raza,Male,Lahore,Electronics,Power Bank,Xiaomi,3,4500,20,10800,10800,0,Debit Card,Hamza,4.8
ORD10911,04/12/2025,Johar Town,C1592,Maryam Sheikh,Female,Lahore,Beverages,Coca Cola 1.5L,Coca-Cola,4,220,0,880,680,200,Debit Card,Ali,3.8
ORD10912,13/07/2025,Model Town,C1540,Usman Raza,Female,Lahore,Stationery,Notebook,Dollar,3,180,20,432,360,72,Credit Card,Hamza,4.4
ORD10913,22/05/2025,Wapda Town,C1719,Hamza Ahmed,Female,Lahore,Electronics,Mouse,Logitech,1,1800,20,1440,1400,40,Easypaisa,Zain,3.9
ORD10914,05/01/2025,Johar Town,C1536,Bilal Butt,Female,Lahore,Home,Shampoo,Sunsilk,2,620,15,1054,1000,54,Easypaisa,Bilal,3.6
ORD10915,31/05/2025,DHA,C1608,Ahmed Khan,Female,Lahore,Grocery,Tea 475g,Tapal,1,980,5,931,820,111,Credit Card,Ahmed,4.1
ORD10916,05/12/2025,DHA,C1291,Fatima Butt,Male,Lahore,Grocery,Basmati Rice 5kg,Guard,3,3200,5,9120,7800,1320,Credit Card,Usman,5
ORD10917,11/04/2025,Johar Town,C1033,Ayesha Iqbal,Male,Lahore,Home,Shampoo,Sunsilk,1,620,10,558,500,58,Easypaisa,Hamza,4.1
ORD10918,20/02/2025,Johar Town,C1578,Umar Iqbal,Male,Lahore,Electronics,Keyboard,A4Tech,5,2800,10,12600,11000,1600,Debit Card,Bilal,3.7
ORD10919,11/10/2025,DHA,C1581,Zain Chaudhry,Male,Lahore,Beverages,Coca Cola 1.5L,Coca-Cola,3,220,0,660,510,150,Easypaisa,Hamza,3.6
ORD10920,27/09/2025,DHA,C1480,Hamza Sheikh,Female,Lahore,Home,Shampoo,Sunsilk,3,620,20,1488,1500,-12,Easypaisa,Hamza,4.2
ORD10921,14/10/2025,Wapda Town,C1310,Hassan Iqbal,Male,Lahore,Grocery,Tea 475g,Tapal,1,980,5,931,820,111,JazzCash,Bilal,3.6
ORD10922,21/07/2025,Wapda Town,C1472,Ali Ahmed,Male,Lahore,Beverages,Coca Cola 1.5L,Coca-Cola,1,220,15,187,170,17,Credit Card,Ali,4
ORD10923,19/02/2025,Gulberg,C1125,Maryam Khan,Male,Lahore,Electronics,Power Bank,Xiaomi,4,4500,10,16200,14400,1800,JazzCash,Usman,4.3
ORD10924,11/09/2025,DHA,C1737,Ali Chaudhry,Male,Lahore,Beverages,Pepsi 1.5L,Pepsi,2,220,10,396,340,56,Cash,Ali,3.5
ORD10925,06/11/2025,Gulberg,C1486,Ali Chaudhry,Female,Lahore,Grocery,Basmati Rice 5kg,Guard,2,3200,5,6080,5200,880,Cash,Ali,3.9
ORD10926,05/09/2025,Wapda Town,C1698,Ayesha Ahmed,Female,Lahore,Beverages,Pepsi 1.5L,Pepsi,5,220,10,990,850,140,Debit Card,Ahmed,3.8
ORD10927,03/12/2025,Johar Town,C1488,Ayesha Raza,Female,Lahore,Beverages,Pepsi 1.5L,Pepsi,5,220,20,880,850,30,Cash,Umar,4.1
ORD10928,21/05/2025,Model Town,C1436,Usman Khan,Female,Lahore,Home,Soap,Lux,1,180,15,153,130,23,Easypaisa,Ali,4.3
ORD10929,06/01/2025,Model Town,C1044,Hamza Butt,Female,Lahore,Bakery,Cookies,LU,1,250,20,200,180,20,Easypaisa,Bilal,3.5
ORD10930,23/03/2025,DHA,C1724,Fatima Sheikh,Male,Lahore,Electronics,Power Bank,Xiaomi,5,4500,5,21375,18000,3375,Debit Card,Usman,4
ORD10931,16/10/2025,DHA,C1404,Ahmed Chaudhry,Female,Lahore,Electronics,Keyboard,A4Tech,2,2800,10,5040,4400,640,Easypaisa,Usman,4.4
ORD10932,17/09/2025,DHA,C1603,Sara Iqbal,Female,Lahore,Stationery,Marker,Dollar,3,120,5,342,240,102,Cash,Ahmed,3.5
ORD10933,23/03/2025,Model Town,C1332,Hassan Malik,Male,Lahore,Beverages,Pepsi 1.5L,Pepsi,1,220,15,187,170,17,Debit Card,Hamza,4.6
ORD10934,04/08/2025,Gulberg,C1039,Maryam Ahmed,Female,Lahore,Grocery,Basmati Rice 5kg,Guard,5,3200,10,14400,13000,1400,Credit Card,Ahmed,4.9
ORD10935,14/06/2025,Wapda Town,C1570,Hassan Malik,Female,Lahore,Grocery,Tea 475g,Tapal,4,980,5,3724,3280,444,Easypaisa,Umar,4.5
ORD10936,26/04/2025,Wapda Town,C1197,Ahmed Khan,Male,Lahore,Beverages,Nestle Water 1.5L,Nestle,2,90,15,153,120,33,Debit Card,Ahmed,4.7
ORD10937,03/01/2025,Gulberg,C1349,Usman Chaudhry,Male,Lahore,Electronics,Keyboard,A4Tech,5,2800,20,11200,11000,200,Debit Card,Umar,4.3
ORD10938,02/07/2025,Model Town,C1438,Zain Sheikh,Male,Lahore,Bakery,Cake,Gourmet,2,900,0,1800,1400,400,JazzCash,Ali,3.7
ORD10939,22/09/2025,Johar Town,C1053,Sara Iqbal,Male,Lahore,Electronics,Mouse,Logitech,1,1800,15,1530,1400,130,Debit Card,Bilal,4.9
ORD10940,09/05/2025,Johar Town,C1295,Ahmed Malik,Female,Lahore,Home,Shampoo,Sunsilk,3,620,0,1860,1500,360,Easypaisa,Ahmed,4.3
ORD10941,26/02/2025,Gulberg,C1347,Umar Raza,Male,Lahore,Bakery,Cookies,LU,3,250,0,750,540,210,Credit Card,Ahmed,3.7
ORD10942,08/10/2025,Model Town,C1075,Sara Khan,Female,Lahore,Stationery,Pen,Dollar,1,60,5,57,35,22,Cash,Hamza,4.4
ORD10943,10/11/2025,Gulberg,C1107,Ali Chaudhry,Male,Lahore,Grocery,Tea 475g,Tapal,2,980,10,1764,1640,124,Credit Card,Hamza,4.2
ORD10944,27/04/2025,Wapda Town,C1623,Umar Khan,Female,Lahore,Grocery,Basmati Rice 5kg,Guard,1,3200,5,3040,2600,440,Cash,Hamza,4.6
ORD10945,23/12/2025,Johar Town,C1119,Ayesha Ahmed,Female,Lahore,Beverages,Coca Cola 1.5L,Coca-Cola,4,220,20,704,680,24,Credit Card,Hassan,4
ORD10946,30/01/2025,Gulberg,C1233,Umar Khan,Male,Lahore,Beverages,Pepsi 1.5L,Pepsi,1,220,20,176,170,6,Debit Card,Ahmed,3.6
ORD10947,06/03/2025,DHA,C1359,Sara Malik,Female,Lahore,Home,Detergent 1kg,Surf Excel,3,850,0,2550,2040,510,Debit Card,Hamza,4.2
ORD10948,04/03/2025,Wapda Town,C1211,Ayesha Iqbal,Male,Lahore,Stationery,Notebook,Dollar,1,180,10,162,120,42,Easypaisa,Bilal,4.9
ORD10949,10/10/2025,DHA,C1327,Maryam Ahmed,Male,Lahore,Electronics,Power Bank,Xiaomi,2,4500,20,7200,7200,0,Credit Card,Hamza,4.6
ORD10950,15/11/2025,Johar Town,C1534,Hassan Raza,Male,Lahore,Home,Soap,Lux,1,180,5,171,130,41,Cash,Zain,4.6
ORD10951,14/03/2025,Gulberg,C1022,Ayesha Khan,Female,Lahore,Grocery,Cooking Oil 1L,Dalda,4,650,15,2210,2080,130,Credit Card,Hamza,4
ORD10952,13/02/2025,Model Town,C1020,Umar Sheikh,Female,Lahore,Grocery,Sugar 1kg,Shan,5,180,15,765,750,15,Cash,Hassan,3.8
ORD10953,05/04/2025,DHA,C1033,Fatima Iqbal,Male,Lahore,Stationery,Pen,Dollar,5,60,0,300,175,125,JazzCash,Zain,4.9
ORD10954,15/05/2025,Wapda Town,C1445,Umar Khan,Male,Lahore,Bakery,Bread,Dawn,1,120,10,108,80,28,JazzCash,Hamza,4.9
ORD10955,14/12/2025,Wapda Town,C1737,Sara Raza,Male,Lahore,Electronics,Power Bank,Xiaomi,4,4500,15,15300,14400,900,Easypaisa,Umar,4.6
ORD10956,02/05/2025,Gulberg,C1256,Fatima Raza,Female,Lahore,Beverages,Pepsi 1.5L,Pepsi,3,220,10,594,510,84,JazzCash,Hamza,3.6
ORD10957,21/05/2025,Gulberg,C1128,Bilal Iqbal,Female,Lahore,Electronics,Keyboard,A4Tech,3,2800,20,6720,6600,120,Debit Card,Umar,4.2
ORD10958,14/08/2025,Model Town,C1654,Fatima Malik,Female,Lahore,Grocery,Tea 475g,Tapal,1,980,10,882,820,62,Cash,Ali,3.9
ORD10959,09/11/2025,Johar Town,C1265,Bilal Raza,Female,Lahore,Bakery,Cookies,LU,1,250,15,212.5,180,32.5,Debit Card,Hassan,4.4
ORD10960,17/03/2025,Gulberg,C1671,Ali Butt,Female,Lahore,Bakery,Cake,Gourmet,1,900,5,855,700,155,JazzCash,Zain,3.6
ORD10961,27/04/2025,DHA,C1554,Maryam Khan,Male,Lahore,Grocery,Sugar 1kg,Shan,3,180,0,540,450,90,Credit Card,Ali,3.6
ORD10962,16/08/2025,DHA,C1585,Hamza Sheikh,Male,Lahore,Grocery,Basmati Rice 5kg,Guard,2,3200,5,6080,5200,880,Easypaisa,Bilal,3.7
ORD10963,17/06/2025,DHA,C1482,Bilal Khan,Male,Lahore,Bakery,Cookies,LU,3,250,15,637.5,540,97.5,Credit Card,Ahmed,3.9
ORD10964,18/03/2025,Johar Town,C1321,Fatima Iqbal,Male,Lahore,Bakery,Bread,Dawn,1,120,20,96,80,16,Easypaisa,Ahmed,4.5
ORD10965,18/03/2025,Johar Town,C1579,Fatima Sheikh,Male,Lahore,Home,Shampoo,Sunsilk,1,620,0,620,500,120,JazzCash,Ahmed,4.4
ORD10966,04/12/2025,DHA,C1200,Sara Raza,Male,Lahore,Bakery,Cake,Gourmet,4,900,10,3240,2800,440,Credit Card,Hassan,4.7
ORD10967,05/07/2025,Johar Town,C1456,Maryam Sheikh,Female,Lahore,Beverages,Coca Cola 1.5L,Coca-Cola,3,220,0,660,510,150,Cash,Zain,4.3
ORD10968,09/02/2025,Johar Town,C1460,Umar Malik,Male,Lahore,Electronics,Power Bank,Xiaomi,4,4500,20,14400,14400,0,JazzCash,Hassan,4.7
ORD10969,28/07/2025,DHA,C1294,Hamza Iqbal,Male,Lahore,Stationery,Marker,Dollar,2,120,20,192,160,32,Cash,Hamza,4.1
ORD10970,17/03/2025,Model Town,C1016,Usman Ahmed,Female,Lahore,Bakery,Cookies,LU,2,250,5,475,360,115,Credit Card,Umar,4.6
ORD10971,06/03/2025,Gulberg,C1136,Fatima Sheikh,Female,Lahore,Grocery,Tea 475g,Tapal,1,980,5,931,820,111,Credit Card,Usman,4.1
ORD10972,13/10/2025,DHA,C1345,Sara Ahmed,Male,Lahore,Beverages,Nestle Water 1.5L,Nestle,3,90,0,270,180,90,Cash,Zain,4.9
ORD10973,29/07/2025,Model Town,C1717,Usman Butt,Male,Lahore,Stationery,Pen,Dollar,4,60,10,216,140,76,Debit Card,Ahmed,4.4
ORD10974,09/07/2025,DHA,C1450,Usman Raza,Male,Lahore,Stationery,Marker,Dollar,4,120,15,408,320,88,Debit Card,Bilal,4.2
ORD10975,25/01/2025,Wapda Town,C1437,Bilal Iqbal,Female,Lahore,Bakery,Cake,Gourmet,5,900,20,3600,3500,100,Credit Card,Usman,4.9
ORD10976,22/01/2025,Wapda Town,C1285,Sara Iqbal,Male,Lahore,Stationery,Marker,Dollar,2,120,15,204,160,44,Credit Card,Bilal,3.7
ORD10977,28/05/2025,Johar Town,C1296,Bilal Ahmed,Male,Lahore,Electronics,Keyboard,A4Tech,4,2800,5,10640,8800,1840,Credit Card,Usman,3.6
ORD10978,10/10/2025,Gulberg,C1553,Fatima Malik,Male,Lahore,Bakery,Bread,Dawn,1,120,20,96,80,16,Easypaisa,Ahmed,4.1
ORD10979,25/05/2025,Johar Town,C1465,Bilal Ahmed,Male,Lahore,Bakery,Cookies,LU,4,250,20,800,720,80,Easypaisa,Hamza,4.2
ORD10980,14/02/2025,Gulberg,C1763,Hassan Ahmed,Female,Lahore,Beverages,Coca Cola 1.5L,Coca-Cola,1,220,10,198,170,28,Debit Card,Zain,3.9
ORD10981,19/11/2025,Gulberg,C1444,Ahmed Iqbal,Male,Lahore,Stationery,Marker,Dollar,1,120,10,108,80,28,JazzCash,Ahmed,4.9
ORD10982,18/11/2025,Model Town,C1226,Zain Malik,Female,Lahore,Grocery,Cooking Oil 1L,Dalda,2,650,20,1040,1040,0,Easypaisa,Usman,4.2
ORD10983,06/04/2025,Johar Town,C1651,Ahmed Malik,Male,Lahore,Stationery,Pen,Dollar,3,60,5,171,105,66,Easypaisa,Ali,4.2
ORD10984,09/11/2025,Model Town,C1705,Bilal Sheikh,Male,Lahore,Beverages,Nestle Water 1.5L,Nestle,2,90,0,180,120,60,Credit Card,Umar,4.3
ORD10985,03/04/2025,Model Town,C1646,Umar Iqbal,Female,Lahore,Electronics,Mouse,Logitech,3,1800,15,4590,4200,390,Credit Card,Ali,3.8
ORD10986,28/05/2025,Model Town,C1119,Usman Chaudhry,Female,Lahore,Home,Soap,Lux,3,180,5,513,390,123,Cash,Zain,4.5
ORD10987,27/12/2025,Model Town,C1704,Hassan Khan,Female,Lahore,Beverages,Coca Cola 1.5L,Coca-Cola,4,220,20,704,680,24,Credit Card,Hassan,4.8
ORD10988,29/07/2025,Model Town,C1401,Ayesha Sheikh,Female,Lahore,Grocery,Sugar 1kg,Shan,3,180,10,486,450,36,Credit Card,Ahmed,3.9
ORD10989,23/04/2025,Model Town,C1420,Hassan Butt,Male,Lahore,Electronics,Power Bank,Xiaomi,1,4500,10,4050,3600,450,Cash,Zain,3.7
ORD10990,04/10/2025,DHA,C1362,Fatima Ahmed,Male,Lahore,Grocery,Basmati Rice 5kg,Guard,4,3200,0,12800,10400,2400,JazzCash,Hassan,4
ORD10991,12/04/2025,DHA,C1166,Hamza Iqbal,Female,Lahore,Beverages,Nestle Water 1.5L,Nestle,4,90,5,342,240,102,Debit Card,Hassan,4.9
ORD10992,19/01/2025,Model Town,C1044,Usman Raza,Female,Lahore,Grocery,Basmati Rice 5kg,Guard,5,3200,15,13600,13000,600,Cash,Hassan,4.4
ORD10993,19/12/2025,Model Town,C1672,Umar Butt,Female,Lahore,Beverages,Pepsi 1.5L,Pepsi,3,220,0,660,510,150,Cash,Ali,3.6
ORD10994,27/12/2025,Wapda Town,C1620,Usman Ahmed,Female,Lahore,Stationery,Pen,Dollar,1,60,0,60,35,25,Debit Card,Bilal,4.7
ORD10995,06/08/2025,DHA,C1470,Hassan Ahmed,Female,Lahore,Bakery,Cake,Gourmet,1,900,10,810,700,110,JazzCash,Umar,4.1
ORD10996,08/08/2025,DHA,C1495,Bilal Malik,Female,Lahore,Grocery,Cooking Oil 1L,Dalda,4,650,20,2080,2080,0,Cash,Umar,4.6
ORD10997,10/07/2025,Johar Town,C1592,Ali Sheikh,Male,Lahore,Bakery,Cake,Gourmet,1,900,15,765,700,65,Easypaisa,Zain,4.2
ORD10998,25/02/2025,Gulberg,C1098,Fatima Butt,Male,Lahore,Stationery,Pen,Dollar,3,60,5,171,105,66,Easypaisa,Hassan,3.6
ORD10999,26/07/2025,Johar Town,C1061,Ayesha Raza,Female,Lahore,Bakery,Cookies,LU,5,250,20,1000,900,100,Credit Card,Zain,4.8
ORD11000,19/01/2025,Model Town,C1006,Bilal Malik,Female,Lahore,Electronics,Power Bank,Xiaomi,5,4500,20,18000,18000,0,JazzCash,Umar,4
ORD11001,30/11/2025,Wapda Town,C1569,Maryam Ahmed,Male,Lahore,Beverages,Coca Cola 1.5L,Coca-Cola,4,220,15,748,680,68,Easypaisa,Ali,4.1
ORD11002,07/01/2025,Johar Town,C1449,Ahmed Khan,Female,Lahore,Beverages,Nestle Water 1.5L,Nestle,1,90,5,85.5,60,25.5,Easypaisa,Usman,4.4
ORD11003,26/09/2025,Model Town,C1010,Bilal Ahmed,Female,Lahore,Home,Detergent 1kg,Surf Excel,5,850,15,3612.5,3400,212.5,Credit Card,Bilal,4.3
ORD11004,11/11/2025,DHA,C1536,Zain Malik,Female,Lahore,Electronics,Power Bank,Xiaomi,2,4500,5,8550,7200,1350,JazzCash,Bilal,4.2
ORD11005,18/04/2025,Wapda Town,C1733,Ayesha Khan,Female,Lahore,Electronics,Power Bank,Xiaomi,2,4500,5,8550,7200,1350,Easypaisa,Usman,3.7
ORD11006,04/02/2025,Gulberg,C1551,Ayesha Iqbal,Male,Lahore,Grocery,Sugar 1kg,Shan,2,180,5,342,300,42,Cash,Umar,4.4
ORD11007,04/02/2025,DHA,C1644,Ali Malik,Female,Lahore,Electronics,Power Bank,Xiaomi,5,4500,5,21375,18000,3375,Credit Card,Hamza,4.4
ORD11008,06/06/2025,Wapda Town,C1555,Zain Malik,Male,Lahore,Electronics,Power Bank,Xiaomi,4,4500,10,16200,14400,1800,JazzCash,Usman,3.7
ORD11009,21/04/2025,Gulberg,C1130,Fatima Sheikh,Female,Lahore,Electronics,Mouse,Logitech,3,1800,20,4320,4200,120,JazzCash,Bilal,4.9
ORD11010,12/11/2025,Gulberg,C1238,Hassan Ahmed,Male,Lahore,Stationery,Pen,Dollar,2,60,5,114,70,44,Debit Card,Usman,4.2
ORD11011,01/01/2025,Wapda Town,C1451,Umar Chaudhry,Female,Lahore,Electronics,Mouse,Logitech,1,1800,5,1710,1400,310,Credit Card,Ali,3.9
ORD11012,21/07/2025,DHA,C1535,Hamza Ahmed,Male,Lahore,Home,Soap,Lux,4,180,10,648,520,128,Debit Card,Bilal,4.6
ORD11013,12/08/2025,Gulberg,C1572,Umar Iqbal,Male,Lahore,Bakery,Cookies,LU,4,250,10,900,720,180,Cash,Zain,4.8
ORD11014,10/12/2025,Wapda Town,C1574,Hassan Sheikh,Female,Lahore,Electronics,Power Bank,Xiaomi,4,4500,5,17100,14400,2700,Debit Card,Ahmed,3.8
ORD11015,04/07/2025,DHA,C1337,Ahmed Iqbal,Female,Lahore,Bakery,Bread,Dawn,1,120,20,96,80,16,JazzCash,Ahmed,4.4
ORD11016,18/01/2025,Gulberg,C1713,Maryam Raza,Female,Lahore,Stationery,Pen,Dollar,4,60,15,204,140,64,Cash,Ahmed,4.8
ORD11017,30/08/2025,Johar Town,C1485,Maryam Ahmed,Male,Lahore,Bakery,Cake,Gourmet,4,900,15,3060,2800,260,Credit Card,Ahmed,4.4
ORD11018,20/03/2025,Gulberg,C1430,Ahmed Khan,Female,Lahore,Stationery,Marker,Dollar,2,120,5,228,160,68,Cash,Zain,3.6
ORD11019,06/10/2025,DHA,C1689,Hamza Butt,Female,Lahore,Electronics,Mouse,Logitech,5,1800,0,9000,7000,2000,JazzCash,Ahmed,4.9
ORD11020,26/07/2025,Johar Town,C1780,Fatima Butt,Female,Lahore,Home,Shampoo,Sunsilk,1,620,0,620,500,120,Cash,Usman,4.2
ORD11021,22/05/2025,Johar Town,C1651,Maryam Khan,Female,Lahore,Bakery,Bread,Dawn,5,120,15,510,400,110,Credit Card,Zain,3.7
ORD11022,27/08/2025,Model Town,C1091,Ahmed Ahmed,Male,Lahore,Bakery,Cake,Gourmet,1,900,20,720,700,20,Cash,Usman,4
ORD11023,17/11/2025,DHA,C1472,Ahmed Malik,Female,Lahore,Grocery,Cooking Oil 1L,Dalda,1,650,5,617.5,520,97.5,Debit Card,Usman,4
ORD11024,14/07/2025,Johar Town,C1579,Hamza Sheikh,Male,Lahore,Stationery,Pen,Dollar,2,60,10,108,70,38,Debit Card,Bilal,4.8
ORD11025,01/04/2025,Gulberg,C1502,Hamza Iqbal,Female,Lahore,Electronics,Keyboard,A4Tech,4,2800,10,10080,8800,1280,JazzCash,Umar,4.7
ORD11026,18/12/2025,Johar Town,C1551,Sara Malik,Female,Lahore,Beverages,Pepsi 1.5L,Pepsi,5,220,15,935,850,85,Credit Card,Bilal,3.8
ORD11027,25/12/2025,Wapda Town,C1792,Hassan Raza,Male,Lahore,Bakery,Cake,Gourmet,3,900,0,2700,2100,600,Easypaisa,Bilal,3.5
ORD11028,01/03/2025,Johar Town,C1479,Sara Iqbal,Female,Lahore,Bakery,Cake,Gourmet,2,900,15,1530,1400,130,JazzCash,Hamza,4.5
ORD11029,18/01/2025,Gulberg,C1163,Umar Chaudhry,Female,Lahore,Electronics,Power Bank,Xiaomi,1,4500,10,4050,3600,450,Credit Card,Ali,3.8
ORD11030,03/07/2025,Johar Town,C1771,Ali Chaudhry,Female,Lahore,Electronics,Mouse,Logitech,4,1800,20,5760,5600,160,JazzCash,Hamza,4.6
ORD11031,31/08/2025,DHA,C1495,Zain Sheikh,Female,Lahore,Beverages,Coca Cola 1.5L,Coca-Cola,3,220,20,528,510,18,Cash,Hassan,4.6
ORD11032,17/09/2025,Wapda Town,C1411,Sara Khan,Male,Lahore,Grocery,Tea 475g,Tapal,4,980,10,3528,3280,248,JazzCash,Usman,4.9
ORD11033,02/11/2025,Johar Town,C1134,Zain Iqbal,Male,Lahore,Stationery,Marker,Dollar,2,120,20,192,160,32,Cash,Bilal,4.7
ORD11034,14/03/2025,Model Town,C1001,Zain Butt,Male,Lahore,Electronics,Keyboard,A4Tech,4,2800,5,10640,8800,1840,Debit Card,Bilal,4
ORD11035,05/04/2025,Johar Town,C1158,Zain Iqbal,Male,Lahore,Beverages,Pepsi 1.5L,Pepsi,4,220,0,880,680,200,Easypaisa,Usman,4
ORD11036,30/08/2025,Model Town,C1685,Umar Chaudhry,Male,Lahore,Bakery,Cake,Gourmet,4,900,5,3420,2800,620,Cash,Hamza,3.7
ORD11037,10/03/2025,Wapda Town,C1404,Fatima Ahmed,Female,Lahore,Home,Soap,Lux,3,180,15,459,390,69,Easypaisa,Ahmed,3.8
ORD11038,08/11/2025,DHA,C1514,Ali Sheikh,Male,Lahore,Beverages,Pepsi 1.5L,Pepsi,3,220,10,594,510,84,Debit Card,Usman,4.2
ORD11039,23/01/2025,DHA,C1394,Zain Butt,Female,Lahore,Beverages,Coca Cola 1.5L,Coca-Cola,4,220,0,880,680,200,Debit Card,Bilal,4
ORD11040,12/12/2025,Johar Town,C1168,Umar Ahmed,Female,Lahore,Home,Detergent 1kg,Surf Excel,3,850,15,2167.5,2040,127.5,Cash,Zain,4.5
ORD11041,21/02/2025,DHA,C1132,Sara Sheikh,Female,Lahore,Stationery,Pen,Dollar,1,60,5,57,35,22,Cash,Umar,4.5
ORD11042,10/12/2025,Model Town,C1265,Maryam Ahmed,Female,Lahore,Home,Soap,Lux,1,180,10,162,130,32,JazzCash,Zain,4.7
ORD11043,31/12/2025,Johar Town,C1435,Fatima Sheikh,Male,Lahore,Electronics,Power Bank,Xiaomi,3,4500,0,13500,10800,2700,Debit Card,Ahmed,4
ORD11044,29/12/2025,Wapda Town,C1746,Ayesha Sheikh,Male,Lahore,Bakery,Cookies,LU,2,250,20,400,360,40,Easypaisa,Bilal,3.6
ORD11045,08/09/2025,DHA,C1259,Umar Iqbal,Female,Lahore,Home,Soap,Lux,1,180,20,144,130,14,Cash,Bilal,3.8
ORD11046,02/07/2025,DHA,C1652,Ali Ahmed,Female,Lahore,Home,Detergent 1kg,Surf Excel,4,850,10,3060,2720,340,Cash,Hamza,3.9
ORD11047,13/02/2025,Model Town,C1442,Bilal Iqbal,Female,Lahore,Bakery,Bread,Dawn,2,120,5,228,160,68,JazzCash,Hassan,4.9
ORD11048,26/09/2025,DHA,C1382,Ali Butt,Male,Lahore,Bakery,Cookies,LU,1,250,0,250,180,70,Easypaisa,Ali,4
ORD11049,23/11/2025,Gulberg,C1189,Maryam Raza,Male,Lahore,Stationery,Pen,Dollar,4,60,15,204,140,64,Easypaisa,Ali,4.7
ORD11050,20/10/2025,Wapda Town,C1250,Maryam Khan,Female,Lahore,Electronics,Keyboard,A4Tech,5,2800,20,11200,11000,200,JazzCash,Umar,3.8
ORD11051,12/08/2025,Wapda Town,C1688,Ali Sheikh,Male,Lahore,Electronics,Power Bank,Xiaomi,2,4500,10,8100,7200,900,Credit Card,Bilal,3.5
ORD11052,17/04/2025,DHA,C1474,Sara Iqbal,Male,Lahore,Grocery,Tea 475g,Tapal,2,980,10,1764,1640,124,Debit Card,Hassan,3.5
ORD11053,16/06/2025,Wapda Town,C1472,Sara Sheikh,Female,Lahore,Beverages,Pepsi 1.5L,Pepsi,5,220,10,990,850,140,JazzCash,Hamza,4.2
ORD11054,13/10/2025,DHA,C1456,Usman Chaudhry,Female,Lahore,Grocery,Sugar 1kg,Shan,3,180,10,486,450,36,Debit Card,Usman,4.5
ORD11055,11/05/2025,Model Town,C1575,Hamza Ahmed,Male,Lahore,Home,Detergent 1kg,Surf Excel,5,850,0,4250,3400,850,JazzCash,Zain,4
ORD11056,11/06/2025,Johar Town,C1640,Sara Butt,Female,Lahore,Home,Shampoo,Sunsilk,4,620,0,2480,2000,480,JazzCash,Hamza,4.1
ORD11057,12/01/2025,Model Town,C1551,Usman Sheikh,Male,Lahore,Electronics,Power Bank,Xiaomi,4,4500,5,17100,14400,2700,Cash,Hamza,3.8
ORD11058,26/02/2025,Model Town,C1564,Umar Iqbal,Male,Lahore,Bakery,Cookies,LU,2,250,5,475,360,115,Easypaisa,Bilal,4
ORD11059,05/07/2025,Wapda Town,C1546,Umar Malik,Female,Lahore,Stationery,Notebook,Dollar,3,180,20,432,360,72,Easypaisa,Umar,3.9
ORD11060,19/08/2025,Gulberg,C1546,Hamza Chaudhry,Male,Lahore,Beverages,Pepsi 1.5L,Pepsi,4,220,10,792,680,112,Cash,Hamza,4.4
ORD11061,03/08/2025,Wapda Town,C1230,Usman Ahmed,Female,Lahore,Home,Soap,Lux,2,180,0,360,260,100,Cash,Zain,4.4
ORD11062,27/03/2025,DHA,C1024,Maryam Sheikh,Male,Lahore,Bakery,Cake,Gourmet,4,900,0,3600,2800,800,Debit Card,Umar,4.1
ORD11063,03/05/2025,Johar Town,C1301,Ahmed Khan,Male,Lahore,Beverages,Coca Cola 1.5L,Coca-Cola,2,220,10,396,340,56,JazzCash,Umar,4.2
ORD11064,17/12/2025,Model Town,C1513,Zain Ahmed,Female,Lahore,Bakery,Cookies,LU,2,250,5,475,360,115,Debit Card,Hassan,4.2
ORD11065,05/02/2025,Model Town,C1395,Ahmed Sheikh,Female,Lahore,Grocery,Basmati Rice 5kg,Guard,4,3200,20,10240,10400,-160,JazzCash,Ali,4.6
ORD11066,07/11/2025,Model Town,C1744,Ali Raza,Female,Lahore,Stationery,Marker,Dollar,1,120,15,102,80,22,Cash,Zain,4.1
ORD11067,19/09/2025,Gulberg,C1107,Usman Raza,Male,Lahore,Stationery,Marker,Dollar,4,120,15,408,320,88,Debit Card,Zain,4.1
ORD11068,23/06/2025,DHA,C1100,Hamza Ahmed,Female,Lahore,Beverages,Pepsi 1.5L,Pepsi,4,220,5,836,680,156,Easypaisa,Hassan,4.6
ORD11069,25/06/2025,Model Town,C1717,Bilal Raza,Male,Lahore,Electronics,Power Bank,Xiaomi,4,4500,10,16200,14400,1800,Debit Card,Usman,4.3
ORD11070,14/01/2025,DHA,C1315,Maryam Butt,Female,Lahore,Beverages,Coca Cola 1.5L,Coca-Cola,5,220,10,990,850,140,Easypaisa,Umar,4.5
ORD11071,21/03/2025,Wapda Town,C1300,Umar Raza,Male,Lahore,Stationery,Marker,Dollar,2,120,5,228,160,68,Cash,Hassan,4.4
ORD11072,17/03/2025,Wapda Town,C1764,Fatima Sheikh,Female,Lahore,Bakery,Bread,Dawn,3,120,10,324,240,84,JazzCash,Usman,5
ORD11073,26/11/2025,Wapda Town,C1384,Umar Chaudhry,Male,Lahore,Beverages,Nestle Water 1.5L,Nestle,5,90,10,405,300,105,JazzCash,Umar,3.8
ORD11074,14/07/2025,DHA,C1212,Hassan Butt,Female,Lahore,Grocery,Basmati Rice 5kg,Guard,3,3200,5,9120,7800,1320,JazzCash,Ali,4.5
ORD11075,02/07/2025,Wapda Town,C1234,Maryam Malik,Female,Lahore,Home,Soap,Lux,5,180,0,900,650,250,Cash,Hamza,4.4
ORD11076,18/06/2025,Wapda Town,C1760,Fatima Ahmed,Male,Lahore,Bakery,Bread,Dawn,3,120,20,288,240,48,Easypaisa,Hassan,3.9
ORD11077,04/04/2025,Model Town,C1182,Ali Raza,Female,Lahore,Stationery,Marker,Dollar,2,120,5,228,160,68,Cash,Hassan,4.6
ORD11078,02/02/2025,Johar Town,C1234,Hassan Chaudhry,Female,Lahore,Beverages,Nestle Water 1.5L,Nestle,3,90,0,270,180,90,Cash,Ahmed,4
ORD11079,21/11/2025,Model Town,C1086,Ayesha Malik,Male,Lahore,Grocery,Cooking Oil 1L,Dalda,4,650,0,2600,2080,520,JazzCash,Hassan,4.4
ORD11080,03/06/2025,Gulberg,C1738,Ayesha Malik,Female,Lahore,Bakery,Bread,Dawn,5,120,15,510,400,110,Cash,Bilal,4.6
ORD11081,04/11/2025,Wapda Town,C1495,Fatima Raza,Female,Lahore,Electronics,Keyboard,A4Tech,2,2800,10,5040,4400,640,Credit Card,Hassan,4
ORD11082,14/12/2025,Gulberg,C1775,Usman Chaudhry,Male,Lahore,Bakery,Cake,Gourmet,3,900,15,2295,2100,195,Credit Card,Umar,4.2
ORD11083,02/04/2025,Model Town,C1351,Zain Butt,Male,Lahore,Grocery,Tea 475g,Tapal,3,980,0,2940,2460,480,Cash,Hassan,3.8
ORD11084,14/09/2025,Gulberg,C1702,Bilal Malik,Male,Lahore,Electronics,Keyboard,A4Tech,5,2800,15,11900,11000,900,Credit Card,Usman,3.8
ORD11085,22/07/2025,DHA,C1529,Ayesha Sheikh,Female,Lahore,Beverages,Pepsi 1.5L,Pepsi,5,220,5,1045,850,195,Debit Card,Bilal,4.2
ORD11086,05/06/2025,DHA,C1764,Hamza Chaudhry,Female,Lahore,Electronics,Mouse,Logitech,3,1800,10,4860,4200,660,Easypaisa,Hamza,4.6
ORD11087,03/01/2025,Johar Town,C1468,Bilal Khan,Male,Lahore,Home,Detergent 1kg,Surf Excel,4,850,10,3060,2720,340,Debit Card,Bilal,3.9
ORD11088,11/07/2025,DHA,C1572,Fatima Malik,Male,Lahore,Grocery,Sugar 1kg,Shan,4,180,15,612,600,12,JazzCash,Umar,4.8
ORD11089,24/02/2025,Model Town,C1739,Sara Chaudhry,Male,Lahore,Grocery,Cooking Oil 1L,Dalda,2,650,10,1170,1040,130,Easypaisa,Umar,3.9
ORD11090,07/11/2025,Gulberg,C1655,Hamza Raza,Female,Lahore,Bakery,Cookies,LU,1,250,0,250,180,70,Easypaisa,Bilal,3.7
ORD11091,10/03/2025,Johar Town,C1155,Sara Raza,Male,Lahore,Stationery,Notebook,Dollar,3,180,15,459,360,99,JazzCash,Ali,4.2
ORD11092,17/06/2025,Wapda Town,C1299,Maryam Khan,Male,Lahore,Bakery,Cake,Gourmet,3,900,20,2160,2100,60,Cash,Zain,4.9
ORD11093,04/07/2025,DHA,C1480,Hassan Chaudhry,Female,Lahore,Home,Shampoo,Sunsilk,2,620,5,1178,1000,178,Credit Card,Hassan,4.5
ORD11094,27/12/2025,Johar Town,C1123,Zain Sheikh,Female,Lahore,Electronics,Keyboard,A4Tech,5,2800,0,14000,11000,3000,Easypaisa,Umar,4.7
ORD11095,28/09/2025,Model Town,C1033,Fatima Iqbal,Female,Lahore,Grocery,Sugar 1kg,Shan,1,180,20,144,150,-6,Credit Card,Zain,4.5
ORD11096,08/02/2025,Wapda Town,C1163,Fatima Ahmed,Female,Lahore,Bakery,Bread,Dawn,5,120,0,600,400,200,JazzCash,Hassan,4.6
ORD11097,17/12/2025,Johar Town,C1667,Hamza Ahmed,Male,Lahore,Home,Soap,Lux,4,180,15,612,520,92,JazzCash,Zain,4.2
ORD11098,21/12/2025,Wapda Town,C1301,Ali Sheikh,Male,Lahore,Stationery,Pen,Dollar,1,60,15,51,35,16,Cash,Hassan,4
ORD11099,19/03/2025,Wapda Town,C1469,Zain Malik,Female,Lahore,Electronics,Mouse,Logitech,5,1800,10,8100,7000,1100,JazzCash,Usman,3.8
ORD11100,17/03/2025,Gulberg,C1547,Sara Khan,Male,Lahore,Beverages,Coca Cola 1.5L,Coca-Cola,2,220,0,440,340,100,JazzCash,Zain,4.9
ORD11101,17/06/2025,DHA,C1168,Umar Raza,Male,Lahore,Electronics,Mouse,Logitech,2,1800,5,3420,2800,620,Debit Card,Zain,3.5
ORD11102,14/08/2025,Johar Town,C1390,Ali Chaudhry,Female,Lahore,Grocery,Tea 475g,Tapal,1,980,15,833,820,13,Easypaisa,Hassan,3.8
ORD11103,14/07/2025,Wapda Town,C1593,Maryam Ahmed,Male,Lahore,Bakery,Bread,Dawn,1,120,5,114,80,34,Debit Card,Ali,4.9
ORD11104,06/11/2025,Johar Town,C1216,Ahmed Iqbal,Female,Lahore,Electronics,Power Bank,Xiaomi,3,4500,15,11475,10800,675,Credit Card,Ali,4.9
ORD11105,09/01/2025,Gulberg,C1364,Hamza Raza,Male,Lahore,Grocery,Tea 475g,Tapal,4,980,15,3332,3280,52,Easypaisa,Bilal,3.8
ORD11106,26/12/2025,DHA,C1748,Zain Iqbal,Male,Lahore,Grocery,Tea 475g,Tapal,4,980,0,3920,3280,640,Debit Card,Hassan,3.8
ORD11107,05/01/2025,Model Town,C1781,Ali Khan,Male,Lahore,Beverages,Nestle Water 1.5L,Nestle,2,90,5,171,120,51,Credit Card,Zain,4.4
ORD11108,22/03/2025,Johar Town,C1760,Zain Butt,Female,Lahore,Home,Detergent 1kg,Surf Excel,2,850,20,1360,1360,0,Cash,Usman,3.5
ORD11109,15/04/2025,Wapda Town,C1329,Ali Khan,Female,Lahore,Electronics,Keyboard,A4Tech,3,2800,10,7560,6600,960,Cash,Umar,3.6
ORD11110,15/03/2025,Wapda Town,C1740,Fatima Butt,Male,Lahore,Home,Detergent 1kg,Surf Excel,5,850,15,3612.5,3400,212.5,Cash,Ahmed,4
ORD11111,25/04/2025,Model Town,C1476,Umar Chaudhry,Male,Lahore,Grocery,Tea 475g,Tapal,1,980,0,980,820,160,JazzCash,Ahmed,4
ORD11112,29/08/2025,DHA,C1629,Zain Ahmed,Female,Lahore,Electronics,Mouse,Logitech,3,1800,20,4320,4200,120,Easypaisa,Hassan,3.7
ORD11113,21/09/2025,Gulberg,C1735,Umar Raza,Male,Lahore,Beverages,Pepsi 1.5L,Pepsi,2,220,0,440,340,100,Debit Card,Hassan,3.9
ORD11114,04/12/2025,Wapda Town,C1530,Sara Raza,Male,Lahore,Electronics,Keyboard,A4Tech,4,2800,20,8960,8800,160,Credit Card,Hamza,4.1
ORD11115,16/03/2025,Gulberg,C1203,Usman Khan,Male,Lahore,Bakery,Cake,Gourmet,1,900,15,765,700,65,Cash,Hassan,3.7
ORD11116,15/06/2025,Johar Town,C1644,Sara Sheikh,Female,Lahore,Grocery,Tea 475g,Tapal,4,980,10,3528,3280,248,Debit Card,Umar,4.4
ORD11117,07/10/2025,DHA,C1346,Usman Raza,Female,Lahore,Home,Detergent 1kg,Surf Excel,3,850,20,2040,2040,0,Easypaisa,Umar,4.5
ORD11118,09/12/2025,DHA,C1437,Zain Khan,Male,Lahore,Electronics,Power Bank,Xiaomi,3,4500,0,13500,10800,2700,Cash,Hassan,5
ORD11119,26/02/2025,DHA,C1464,Umar Ahmed,Male,Lahore,Grocery,Sugar 1kg,Shan,2,180,10,324,300,24,Easypaisa,Hassan,3.7
ORD11120,15/12/2025,Wapda Town,C1616,Usman Khan,Female,Lahore,Beverages,Pepsi 1.5L,Pepsi,2,220,10,396,340,56,JazzCash,Hassan,4.5
ORD11121,29/09/2025,Johar Town,C1651,Zain Malik,Male,Lahore,Beverages,Coca Cola 1.5L,Coca-Cola,2,220,0,440,340,100,JazzCash,Hamza,4.8
ORD11122,23/05/2025,Wapda Town,C1432,Ayesha Chaudhry,Female,Lahore,Grocery,Tea 475g,Tapal,3,980,15,2499,2460,39,Debit Card,Bilal,3.5
ORD11123,09/05/2025,Wapda Town,C1609,Ahmed Khan,Female,Lahore,Stationery,Marker,Dollar,3,120,5,342,240,102,Debit Card,Usman,4.2
ORD11124,24/03/2025,Model Town,C1606,Hassan Malik,Female,Lahore,Beverages,Coca Cola 1.5L,Coca-Cola,2,220,15,374,340,34,Cash,Hassan,4.9
ORD11125,22/05/2025,Johar Town,C1211,Ayesha Butt,Female,Lahore,Beverages,Coca Cola 1.5L,Coca-Cola,1,220,20,176,170,6,Credit Card,Ahmed,4.5
ORD11126,24/09/2025,Model Town,C1238,Zain Chaudhry,Female,Lahore,Electronics,Power Bank,Xiaomi,1,4500,20,3600,3600,0,Cash,Umar,3.7
ORD11127,24/06/2025,Gulberg,C1642,Ayesha Sheikh,Male,Lahore,Electronics,Mouse,Logitech,4,1800,10,6480,5600,880,Easypaisa,Bilal,3.8
ORD11128,22/02/2025,Model Town,C1432,Ali Ahmed,Female,Lahore,Grocery,Sugar 1kg,Shan,2,180,15,306,300,6,Credit Card,Bilal,4.5
ORD11129,18/06/2025,Gulberg,C1014,Ahmed Chaudhry,Male,Lahore,Home,Shampoo,Sunsilk,3,620,10,1674,1500,174,JazzCash,Umar,3.8
ORD11130,11/08/2025,Wapda Town,C1622,Sara Sheikh,Female,Lahore,Stationery,Pen,Dollar,1,60,15,51,35,16,Cash,Ali,4.4
ORD11131,26/11/2025,DHA,C1595,Zain Sheikh,Female,Lahore,Grocery,Basmati Rice 5kg,Guard,1,3200,5,3040,2600,440,Cash,Zain,4.5
ORD11132,14/08/2025,Model Town,C1644,Maryam Sheikh,Male,Lahore,Home,Shampoo,Sunsilk,5,620,0,3100,2500,600,Debit Card,Usman,3.5
ORD11133,18/06/2025,Model Town,C1260,Hamza Iqbal,Female,Lahore,Grocery,Sugar 1kg,Shan,4,180,0,720,600,120,Debit Card,Bilal,4.2
ORD11134,25/01/2025,Johar Town,C1572,Fatima Iqbal,Female,Lahore,Electronics,Keyboard,A4Tech,3,2800,5,7980,6600,1380,Credit Card,Usman,4.8
ORD11135,15/02/2025,Johar Town,C1325,Bilal Ahmed,Male,Lahore,Electronics,Keyboard,A4Tech,5,2800,20,11200,11000,200,Easypaisa,Zain,4.4
ORD11136,24/11/2025,Model Town,C1360,Hamza Chaudhry,Female,Lahore,Beverages,Coca Cola 1.5L,Coca-Cola,2,220,10,396,340,56,Debit Card,Usman,4
ORD11137,27/02/2025,Wapda Town,C1304,Fatima Butt,Female,Lahore,Beverages,Nestle Water 1.5L,Nestle,3,90,20,216,180,36,JazzCash,Ali,3.8
ORD11138,16/02/2025,Johar Town,C1734,Hamza Iqbal,Female,Lahore,Stationery,Marker,Dollar,4,120,10,432,320,112,Debit Card,Hamza,3.7
ORD11139,31/05/2025,Johar Town,C1454,Ali Malik,Male,Lahore,Bakery,Cake,Gourmet,1,900,10,810,700,110,Credit Card,Ahmed,4.2
ORD11140,22/12/2025,Johar Town,C1149,Ali Raza,Male,Lahore,Beverages,Pepsi 1.5L,Pepsi,2,220,15,374,340,34,Cash,Umar,4.8
ORD11141,01/08/2025,Model Town,C1191,Fatima Sheikh,Female,Lahore,Bakery,Cake,Gourmet,5,900,5,4275,3500,775,Credit Card,Zain,4.7
ORD11142,15/05/2025,DHA,C1554,Hamza Ahmed,Male,Lahore,Home,Soap,Lux,3,180,5,513,390,123,Credit Card,Hassan,4.7
ORD11143,24/10/2025,Wapda Town,C1322,Ahmed Malik,Female,Lahore,Beverages,Pepsi 1.5L,Pepsi,5,220,15,935,850,85,JazzCash,Hassan,4.2
ORD11144,22/10/2025,Model Town,C1606,Umar Ahmed,Male,Lahore,Grocery,Tea 475g,Tapal,5,980,15,4165,4100,65,Cash,Umar,4.3
ORD11145,30/01/2025,DHA,C1067,Maryam Raza,Female,Lahore,Electronics,Keyboard,A4Tech,2,2800,0,5600,4400,1200,Cash,Umar,4.1
ORD11146,10/03/2025,Wapda Town,C1714,Zain Raza,Female,Lahore,Home,Detergent 1kg,Surf Excel,4,850,10,3060,2720,340,Debit Card,Hamza,3.7
ORD11147,04/10/2025,Wapda Town,C1055,Maryam Iqbal,Male,Lahore,Stationery,Marker,Dollar,3,120,0,360,240,120,Cash,Ali,4.3
ORD11148,24/03/2025,Johar Town,C1186,Ali Chaudhry,Male,Lahore,Stationery,Notebook,Dollar,2,180,20,288,240,48,Credit Card,Ali,3.6
ORD11149,26/07/2025,Model Town,C1714,Ayesha Butt,Female,Lahore,Bakery,Cake,Gourmet,4,900,15,3060,2800,260,Debit Card,Ali,4
ORD11150,01/04/2025,Gulberg,C1189,Bilal Sheikh,Male,Lahore,Stationery,Pen,Dollar,3,60,15,153,105,48,Debit Card,Zain,5
ORD11151,21/11/2025,Wapda Town,C1264,Ali Khan,Male,Lahore,Grocery,Sugar 1kg,Shan,4,180,0,720,600,120,Credit Card,Ali,3.8
ORD11152,28/09/2025,DHA,C1029,Sara Iqbal,Male,Lahore,Grocery,Basmati Rice 5kg,Guard,3,3200,15,8160,7800,360,Debit Card,Hassan,4.5
ORD11153,13/09/2025,Gulberg,C1700,Usman Iqbal,Male,Lahore,Beverages,Nestle Water 1.5L,Nestle,2,90,10,162,120,42,Easypaisa,Usman,4.3
ORD11154,16/08/2025,DHA,C1299,Ahmed Iqbal,Male,Lahore,Grocery,Basmati Rice 5kg,Guard,5,3200,0,16000,13000,3000,JazzCash,Usman,4.9
ORD11155,12/09/2025,DHA,C1466,Zain Sheikh,Female,Lahore,Beverages,Nestle Water 1.5L,Nestle,2,90,20,144,120,24,Cash,Ali,4
ORD11156,07/07/2025,Model Town,C1043,Hamza Khan,Female,Lahore,Beverages,Pepsi 1.5L,Pepsi,4,220,5,836,680,156,JazzCash,Ali,4.8
ORD11157,16/02/2025,Wapda Town,C1589,Maryam Sheikh,Male,Lahore,Stationery,Marker,Dollar,3,120,20,288,240,48,Credit Card,Zain,3.7
ORD11158,12/04/2025,Model Town,C1387,Ahmed Chaudhry,Male,Lahore,Electronics,Power Bank,Xiaomi,4,4500,15,15300,14400,900,Easypaisa,Ali,4
ORD11159,05/09/2025,DHA,C1790,Zain Khan,Male,Lahore,Bakery,Cookies,LU,3,250,15,637.5,540,97.5,Debit Card,Ali,4
ORD11160,28/10/2025,DHA,C1757,Ali Khan,Male,Lahore,Stationery,Marker,Dollar,5,120,5,570,400,170,Credit Card,Hamza,3.8
ORD11161,03/10/2025,Johar Town,C1521,Hamza Khan,Male,Lahore,Grocery,Tea 475g,Tapal,5,980,20,3920,4100,-180,Cash,Umar,4.9
ORD11162,24/04/2025,Model Town,C1212,Sara Khan,Male,Lahore,Stationery,Pen,Dollar,1,60,5,57,35,22,Easypaisa,Hassan,4.9
ORD11163,01/03/2025,Johar Town,C1400,Hassan Iqbal,Female,Lahore,Electronics,Mouse,Logitech,2,1800,10,3240,2800,440,Cash,Usman,3.7
ORD11164,07/05/2025,Wapda Town,C1728,Zain Raza,Male,Lahore,Bakery,Cake,Gourmet,3,900,15,2295,2100,195,Credit Card,Hamza,4.5
ORD11165,01/08/2025,Model Town,C1260,Sara Khan,Female,Lahore,Home,Soap,Lux,3,180,5,513,390,123,Cash,Umar,3.7
ORD11166,20/12/2025,Johar Town,C1501,Ahmed Butt,Female,Lahore,Beverages,Pepsi 1.5L,Pepsi,1,220,0,220,170,50,Debit Card,Bilal,4.9
ORD11167,22/12/2025,DHA,C1584,Bilal Ahmed,Male,Lahore,Home,Soap,Lux,5,180,10,810,650,160,Easypaisa,Hassan,4.9
ORD11168,12/10/2025,Gulberg,C1481,Ayesha Ahmed,Male,Lahore,Home,Detergent 1kg,Surf Excel,2,850,20,1360,1360,0,Debit Card,Ahmed,4.7
ORD11169,05/04/2025,Wapda Town,C1380,Ayesha Butt,Female,Lahore,Grocery,Basmati Rice 5kg,Guard,2,3200,15,5440,5200,240,JazzCash,Ahmed,4.5
ORD11170,15/09/2025,Wapda Town,C1015,Usman Iqbal,Female,Lahore,Beverages,Pepsi 1.5L,Pepsi,3,220,0,660,510,150,Debit Card,Zain,4.2
ORD11171,26/11/2025,DHA,C1518,Ahmed Malik,Male,Lahore,Grocery,Tea 475g,Tapal,4,980,5,3724,3280,444,Debit Card,Zain,4.5
ORD11172,13/08/2025,Wapda Town,C1542,Bilal Butt,Male,Lahore,Grocery,Tea 475g,Tapal,1,980,5,931,820,111,JazzCash,Zain,3.6
ORD11173,17/12/2025,Gulberg,C1634,Maryam Butt,Female,Lahore,Grocery,Tea 475g,Tapal,5,980,20,3920,4100,-180,Credit Card,Ahmed,3.7
ORD11174,23/02/2025,Gulberg,C1577,Ali Sheikh,Male,Lahore,Stationery,Notebook,Dollar,1,180,15,153,120,33,Debit Card,Ahmed,4.3
ORD11175,07/02/2025,DHA,C1703,Sara Sheikh,Female,Lahore,Grocery,Tea 475g,Tapal,5,980,15,4165,4100,65,Debit Card,Umar,4.4
ORD11176,26/06/2025,Model Town,C1550,Hamza Malik,Male,Lahore,Stationery,Pen,Dollar,4,60,5,228,140,88,Credit Card,Usman,4.9
ORD11177,18/07/2025,Model Town,C1308,Usman Khan,Female,Lahore,Electronics,Mouse,Logitech,3,1800,0,5400,4200,1200,Easypaisa,Hassan,5
ORD11178,06/03/2025,Model Town,C1428,Ayesha Chaudhry,Female,Lahore,Stationery,Pen,Dollar,2,60,15,102,70,32,Easypaisa,Umar,4
ORD11179,16/06/2025,Johar Town,C1252,Hassan Malik,Male,Lahore,Stationery,Pen,Dollar,2,60,20,96,70,26,JazzCash,Zain,4.9
ORD11180,08/10/2025,Model Town,C1145,Ayesha Ahmed,Female,Lahore,Home,Soap,Lux,3,180,5,513,390,123,Credit Card,Hamza,3.6
ORD11181,22/04/2025,Wapda Town,C1443,Usman Chaudhry,Male,Lahore,Electronics,Power Bank,Xiaomi,2,4500,15,7650,7200,450,Debit Card,Hamza,4.4
ORD11182,30/03/2025,Model Town,C1589,Hassan Butt,Female,Lahore,Electronics,Power Bank,Xiaomi,5,4500,5,21375,18000,3375,Credit Card,Umar,3.9
ORD11183,08/03/2025,Wapda Town,C1753,Zain Khan,Male,Lahore,Home,Soap,Lux,5,180,20,720,650,70,Cash,Ali,3.5
ORD11184,28/01/2025,Johar Town,C1762,Usman Malik,Female,Lahore,Electronics,Mouse,Logitech,3,1800,10,4860,4200,660,Cash,Zain,4.4
ORD11185,11/06/2025,Johar Town,C1297,Bilal Ahmed,Male,Lahore,Bakery,Cookies,LU,4,250,10,900,720,180,Debit Card,Usman,4.1
ORD11186,30/09/2025,Wapda Town,C1644,Ayesha Raza,Male,Lahore,Bakery,Cookies,LU,2,250,20,400,360,40,Cash,Usman,4.9
ORD11187,19/02/2025,Model Town,C1489,Usman Khan,Female,Lahore,Grocery,Cooking Oil 1L,Dalda,4,650,15,2210,2080,130,Easypaisa,Usman,4.2
ORD11188,11/01/2025,DHA,C1088,Hamza Ahmed,Male,Lahore,Home,Shampoo,Sunsilk,5,620,10,2790,2500,290,Debit Card,Bilal,4.5
ORD11189,18/03/2025,Gulberg,C1364,Sara Chaudhry,Male,Lahore,Grocery,Cooking Oil 1L,Dalda,3,650,10,1755,1560,195,JazzCash,Hamza,5
ORD11190,06/07/2025,Wapda Town,C1025,Ayesha Iqbal,Male,Lahore,Electronics,Mouse,Logitech,5,1800,10,8100,7000,1100,Cash,Hassan,4.6
ORD11191,15/05/2025,DHA,C1768,Zain Chaudhry,Male,Lahore,Home,Soap,Lux,3,180,0,540,390,150,Credit Card,Ahmed,3.7
ORD11192,16/11/2025,Johar Town,C1482,Umar Sheikh,Male,Lahore,Grocery,Basmati Rice 5kg,Guard,3,3200,15,8160,7800,360,Credit Card,Hamza,4
ORD11193,20/09/2025,DHA,C1737,Bilal Malik,Female,Lahore,Home,Soap,Lux,3,180,5,513,390,123,Credit Card,Bilal,3.6
ORD11194,19/08/2025,Gulberg,C1024,Usman Ahmed,Male,Lahore,Stationery,Notebook,Dollar,3,180,20,432,360,72,Cash,Usman,4.1
ORD11195,20/03/2025,Gulberg,C1741,Ali Iqbal,Male,Lahore,Bakery,Bread,Dawn,1,120,0,120,80,40,Debit Card,Umar,4.4
ORD11196,19/06/2025,Gulberg,C1722,Usman Malik,Male,Lahore,Stationery,Notebook,Dollar,5,180,0,900,600,300,Debit Card,Ali,4.6
ORD11197,16/02/2025,Gulberg,C1735,Ahmed Sheikh,Female,Lahore,Grocery,Tea 475g,Tapal,2,980,5,1862,1640,222,JazzCash,Hassan,4.2
ORD11198,12/04/2025,Model Town,C1295,Maryam Khan,Female,Lahore,Stationery,Pen,Dollar,5,60,5,285,175,110,Debit Card,Ahmed,3.6
ORD11199,12/04/2025,Johar Town,C1717,Ahmed Ahmed,Male,Lahore,Electronics,Mouse,Logitech,5,1800,20,7200,7000,200,Debit Card,Zain,4.6
ORD11200,27/04/2025,Wapda Town,C1423,Fatima Raza,Male,Lahore,Beverages,Coca Cola 1.5L,Coca-Cola,5,220,10,990,850,140,Easypaisa,Bilal,4.7
ORD11201,04/05/2025,Johar Town,C1067,Ali Ahmed,Female,Lahore,Bakery,Bread,Dawn,3,120,10,324,240,84,Credit Card,Ahmed,4.4
ORD11202,09/08/2025,DHA,C1603,Hamza Ahmed,Female,Lahore,Grocery,Tea 475g,Tapal,1,980,0,980,820,160,Credit Card,Umar,4
ORD11203,03/09/2025,DHA,C1560,Maryam Malik,Male,Lahore,Electronics,Keyboard,A4Tech,3,2800,15,7140,6600,540,JazzCash,Usman,3.6
ORD11204,30/06/2025,Model Town,C1475,Ayesha Chaudhry,Male,Lahore,Home,Soap,Lux,4,180,10,648,520,128,Debit Card,Hamza,4.1
ORD11205,13/01/2025,Model Town,C1375,Ali Sheikh,Male,Lahore,Beverages,Coca Cola 1.5L,Coca-Cola,4,220,5,836,680,156,Debit Card,Usman,3.8
ORD11206,09/01/2025,DHA,C1203,Ali Chaudhry,Female,Lahore,Home,Soap,Lux,2,180,10,324,260,64,Debit Card,Bilal,4.7
ORD11207,09/10/2025,Wapda Town,C1742,Ayesha Sheikh,Female,Lahore,Electronics,Mouse,Logitech,2,1800,15,3060,2800,260,Debit Card,Umar,5
ORD11208,31/01/2025,Model Town,C1623,Bilal Butt,Male,Lahore,Electronics,Mouse,Logitech,1,1800,10,1620,1400,220,JazzCash,Umar,4.7
ORD11209,02/08/2025,DHA,C1646,Bilal Sheikh,Male,Lahore,Home,Detergent 1kg,Surf Excel,3,850,5,2422.5,2040,382.5,JazzCash,Usman,4.3
ORD11210,24/06/2025,Wapda Town,C1485,Ahmed Khan,Female,Lahore,Stationery,Pen,Dollar,2,60,10,108,70,38,Credit Card,Hamza,3.9
ORD11211,17/06/2025,DHA,C1569,Hamza Iqbal,Male,Lahore,Stationery,Notebook,Dollar,3,180,15,459,360,99,Debit Card,Zain,4.7
ORD11212,21/10/2025,Johar Town,C1256,Ayesha Chaudhry,Male,Lahore,Beverages,Nestle Water 1.5L,Nestle,5,90,20,360,300,60,Credit Card,Ali,4.1
ORD11213,17/03/2025,Model Town,C1474,Sara Raza,Male,Lahore,Bakery,Cookies,LU,1,250,20,200,180,20,Easypaisa,Hamza,4.7
ORD11214,22/05/2025,Model Town,C1253,Hassan Khan,Female,Lahore,Stationery,Notebook,Dollar,3,180,0,540,360,180,Credit Card,Umar,4.3
ORD11215,20/05/2025,Wapda Town,C1205,Zain Malik,Male,Lahore,Electronics,Keyboard,A4Tech,3,2800,20,6720,6600,120,Credit Card,Ahmed,4.6
ORD11216,10/04/2025,Model Town,C1434,Maryam Khan,Female,Lahore,Bakery,Cake,Gourmet,3,900,5,2565,2100,465,Credit Card,Hassan,3.7
ORD11217,13/01/2025,Model Town,C1795,Usman Chaudhry,Female,Lahore,Grocery,Tea 475g,Tapal,1,980,10,882,820,62,JazzCash,Usman,4.4
ORD11218,10/06/2025,Johar Town,C1724,Sara Chaudhry,Female,Lahore,Grocery,Sugar 1kg,Shan,4,180,10,648,600,48,Debit Card,Usman,4
ORD11219,09/01/2025,Model Town,C1378,Usman Iqbal,Female,Lahore,Grocery,Basmati Rice 5kg,Guard,3,3200,20,7680,7800,-120,JazzCash,Ahmed,4.4
ORD11220,27/11/2025,Wapda Town,C1779,Ali Raza,Female,Lahore,Electronics,Keyboard,A4Tech,2,2800,10,5040,4400,640,JazzCash,Ahmed,4.8
ORD11221,29/01/2025,Gulberg,C1070,Usman Butt,Male,Lahore,Stationery,Marker,Dollar,2,120,15,204,160,44,JazzCash,Usman,4.9
ORD11222,01/05/2025,Gulberg,C1423,Hamza Ahmed,Female,Lahore,Grocery,Sugar 1kg,Shan,3,180,10,486,450,36,Easypaisa,Ahmed,4.3
ORD11223,25/11/2025,Gulberg,C1213,Ayesha Butt,Male,Lahore,Home,Shampoo,Sunsilk,2,620,20,992,1000,-8,Credit Card,Hassan,3.9
ORD11224,27/11/2025,Johar Town,C1491,Ali Khan,Male,Lahore,Stationery,Marker,Dollar,1,120,0,120,80,40,Debit Card,Usman,4.9
ORD11225,12/03/2025,Model Town,C1020,Fatima Raza,Female,Lahore,Bakery,Cookies,LU,3,250,15,637.5,540,97.5,Cash,Hamza,4.3
ORD11226,21/01/2025,Johar Town,C1597,Ayesha Khan,Female,Lahore,Beverages,Nestle Water 1.5L,Nestle,1,90,5,85.5,60,25.5,Cash,Zain,4.3
ORD11227,26/03/2025,Gulberg,C1643,Maryam Raza,Female,Lahore,Home,Detergent 1kg,Surf Excel,2,850,20,1360,1360,0,JazzCash,Zain,4.3
ORD11228,23/03/2025,Johar Town,C1335,Bilal Sheikh,Male,Lahore,Beverages,Nestle Water 1.5L,Nestle,3,90,10,243,180,63,Credit Card,Umar,3.5
ORD11229,05/11/2025,Johar Town,C1190,Ahmed Khan,Female,Lahore,Stationery,Marker,Dollar,5,120,15,510,400,110,Cash,Hassan,3.8
ORD11230,19/10/2025,Wapda Town,C1311,Hamza Chaudhry,Male,Lahore,Stationery,Marker,Dollar,3,120,5,342,240,102,Debit Card,Bilal,3.8
ORD11231,13/01/2025,DHA,C1212,Ayesha Sheikh,Female,Lahore,Electronics,Mouse,Logitech,2,1800,5,3420,2800,620,Easypaisa,Hamza,4.4
ORD11232,26/03/2025,DHA,C1684,Hassan Ahmed,Male,Lahore,Home,Soap,Lux,5,180,20,720,650,70,Cash,Ahmed,4.4
ORD11233,06/01/2025,Model Town,C1747,Sara Butt,Male,Lahore,Electronics,Mouse,Logitech,3,1800,15,4590,4200,390,Cash,Zain,3.8
ORD11234,08/04/2025,DHA,C1428,Zain Khan,Female,Lahore,Home,Shampoo,Sunsilk,3,620,0,1860,1500,360,Cash,Ali,4
ORD11235,15/05/2025,Model Town,C1179,Ali Ahmed,Male,Lahore,Home,Detergent 1kg,Surf Excel,1,850,0,850,680,170,Debit Card,Umar,4.8
ORD11236,24/10/2025,Gulberg,C1720,Sara Chaudhry,Male,Lahore,Stationery,Marker,Dollar,3,120,10,324,240,84,Debit Card,Hassan,3.6
ORD11237,14/12/2025,Model Town,C1477,Umar Butt,Male,Lahore,Home,Detergent 1kg,Surf Excel,1,850,15,722.5,680,42.5,JazzCash,Ahmed,4.5
ORD11238,24/05/2025,DHA,C1025,Zain Raza,Male,Lahore,Stationery,Pen,Dollar,4,60,5,228,140,88,Debit Card,Umar,4.7
ORD11239,29/11/2025,Johar Town,C1733,Maryam Khan,Female,Lahore,Grocery,Tea 475g,Tapal,5,980,15,4165,4100,65,Credit Card,Ali,4.4
ORD11240,22/08/2025,DHA,C1744,Fatima Butt,Female,Lahore,Home,Shampoo,Sunsilk,2,620,10,1116,1000,116,Credit Card,Hamza,3.8
ORD11241,25/07/2025,Johar Town,C1689,Ayesha Sheikh,Female,Lahore,Electronics,Keyboard,A4Tech,3,2800,10,7560,6600,960,Easypaisa,Ali,4.4
ORD11242,12/03/2025,Wapda Town,C1697,Usman Khan,Female,Lahore,Electronics,Keyboard,A4Tech,4,2800,15,9520,8800,720,JazzCash,Usman,4.4
ORD11243,04/10/2025,Johar Town,C1211,Maryam Sheikh,Male,Lahore,Stationery,Marker,Dollar,2,120,20,192,160,32,Easypaisa,Ali,5
ORD11244,06/10/2025,DHA,C1564,Zain Butt,Male,Lahore,Grocery,Basmati Rice 5kg,Guard,5,3200,0,16000,13000,3000,Credit Card,Umar,3.7
ORD11245,11/07/2025,Johar Town,C1591,Hamza Sheikh,Male,Lahore,Bakery,Cookies,LU,5,250,15,1062.5,900,162.5,Debit Card,Umar,3.7
ORD11246,22/12/2025,Gulberg,C1508,Usman Ahmed,Female,Lahore,Beverages,Nestle Water 1.5L,Nestle,1,90,20,72,60,12,Debit Card,Hamza,4
ORD11247,18/04/2025,Gulberg,C1017,Ali Raza,Male,Lahore,Bakery,Cake,Gourmet,1,900,5,855,700,155,Debit Card,Usman,4.7
ORD11248,15/12/2025,Gulberg,C1433,Hamza Sheikh,Male,Lahore,Grocery,Basmati Rice 5kg,Guard,3,3200,15,8160,7800,360,JazzCash,Bilal,4
ORD11249,11/07/2025,Wapda Town,C1490,Zain Khan,Female,Lahore,Beverages,Coca Cola 1.5L,Coca-Cola,4,220,20,704,680,24,Cash,Umar,4
ORD11250,16/01/2025,Wapda Town,C1789,Ahmed Sheikh,Female,Lahore,Electronics,Power Bank,Xiaomi,4,4500,15,15300,14400,900,Easypaisa,Ahmed,4.1
ORD11251,07/09/2025,Gulberg,C1085,Hassan Ahmed,Female,Lahore,Grocery,Tea 475g,Tapal,3,980,20,2352,2460,-108,Easypaisa,Zain,3.9
ORD11252,29/08/2025,Model Town,C1222,Sara Sheikh,Male,Lahore,Grocery,Sugar 1kg,Shan,3,180,20,432,450,-18,Cash,Usman,4.4
ORD11253,12/12/2025,Johar Town,C1475,Bilal Sheikh,Male,Lahore,Grocery,Tea 475g,Tapal,1,980,20,784,820,-36,Credit Card,Ali,4.5
ORD11254,09/09/2025,Gulberg,C1298,Sara Iqbal,Female,Lahore,Beverages,Coca Cola 1.5L,Coca-Cola,3,220,5,627,510,117,Cash,Usman,5
ORD11255,09/02/2025,Gulberg,C1397,Maryam Butt,Female,Lahore,Beverages,Coca Cola 1.5L,Coca-Cola,4,220,5,836,680,156,Cash,Bilal,3.8
ORD11256,24/06/2025,Model Town,C1718,Ahmed Ahmed,Male,Lahore,Stationery,Marker,Dollar,4,120,5,456,320,136,Debit Card,Usman,4.6
ORD11257,06/11/2025,DHA,C1716,Umar Khan,Female,Lahore,Bakery,Bread,Dawn,4,120,15,408,320,88,JazzCash,Ali,4.1
ORD11258,18/01/2025,Gulberg,C1067,Ahmed Raza,Female,Lahore,Electronics,Keyboard,A4Tech,5,2800,15,11900,11000,900,Easypaisa,Hamza,4.3
ORD11259,05/05/2025,Gulberg,C1585,Usman Malik,Female,Lahore,Beverages,Pepsi 1.5L,Pepsi,1,220,5,209,170,39,JazzCash,Zain,4.3
ORD11260,02/09/2025,Gulberg,C1574,Ali Malik,Male,Lahore,Grocery,Cooking Oil 1L,Dalda,5,650,15,2762.5,2600,162.5,Debit Card,Bilal,3.7
ORD11261,26/12/2025,Wapda Town,C1013,Ahmed Raza,Male,Lahore,Home,Detergent 1kg,Surf Excel,3,850,0,2550,2040,510,Credit Card,Usman,4
ORD11262,05/05/2025,Model Town,C1491,Hassan Ahmed,Male,Lahore,Home,Detergent 1kg,Surf Excel,2,850,15,1445,1360,85,Easypaisa,Ali,3.7
ORD11263,07/03/2025,Wapda Town,C1075,Sara Butt,Male,Lahore,Bakery,Bread,Dawn,1,120,15,102,80,22,Easypaisa,Zain,4.9
ORD11264,15/05/2025,DHA,C1800,Umar Khan,Male,Lahore,Home,Detergent 1kg,Surf Excel,4,850,0,3400,2720,680,Credit Card,Hamza,4.2
ORD11265,26/04/2025,Wapda Town,C1417,Zain Butt,Male,Lahore,Stationery,Notebook,Dollar,4,180,20,576,480,96,JazzCash,Bilal,4.2
ORD11266,08/02/2025,Gulberg,C1576,Ahmed Butt,Male,Lahore,Home,Shampoo,Sunsilk,1,620,15,527,500,27,Credit Card,Bilal,4.1
ORD11267,26/08/2025,Wapda Town,C1335,Bilal Chaudhry,Female,Lahore,Stationery,Pen,Dollar,3,60,20,144,105,39,Easypaisa,Usman,4.2
ORD11268,16/02/2025,Wapda Town,C1632,Zain Ahmed,Female,Lahore,Stationery,Pen,Dollar,3,60,20,144,105,39,Credit Card,Bilal,4.8
ORD11269,01/11/2025,Johar Town,C1580,Hassan Iqbal,Female,Lahore,Bakery,Bread,Dawn,3,120,10,324,240,84,Debit Card,Zain,4.3
ORD11270,30/07/2025,Johar Town,C1787,Sara Butt,Female,Lahore,Electronics,Keyboard,A4Tech,5,2800,15,11900,11000,900,Debit Card,Zain,4.6
ORD11271,11/10/2025,Wapda Town,C1178,Ahmed Raza,Male,Lahore,Electronics,Mouse,Logitech,4,1800,20,5760,5600,160,Debit Card,Zain,3.8
ORD11272,28/11/2025,Model Town,C1735,Bilal Chaudhry,Female,Lahore,Home,Soap,Lux,2,180,15,306,260,46,Debit Card,Bilal,4.4
ORD11273,10/05/2025,Gulberg,C1069,Hassan Raza,Female,Lahore,Grocery,Tea 475g,Tapal,5,980,15,4165,4100,65,Easypaisa,Bilal,4.3
ORD11274,04/08/2025,Model Town,C1610,Ahmed Chaudhry,Female,Lahore,Beverages,Coca Cola 1.5L,Coca-Cola,1,220,15,187,170,17,Easypaisa,Zain,3.7
ORD11275,03/04/2025,Gulberg,C1285,Ahmed Raza,Male,Lahore,Grocery,Sugar 1kg,Shan,1,180,0,180,150,30,Cash,Hamza,3.8
ORD11276,05/12/2025,DHA,C1640,Maryam Raza,Female,Lahore,Bakery,Bread,Dawn,1,120,0,120,80,40,Easypaisa,Hassan,3.8
ORD11277,13/11/2025,DHA,C1243,Usman Khan,Female,Lahore,Bakery,Cake,Gourmet,3,900,20,2160,2100,60,Debit Card,Usman,4.7
ORD11278,16/07/2025,Johar Town,C1094,Sara Raza,Female,Lahore,Beverages,Nestle Water 1.5L,Nestle,5,90,0,450,300,150,Cash,Ali,3.9
ORD11279,28/07/2025,Johar Town,C1178,Hassan Raza,Male,Lahore,Beverages,Pepsi 1.5L,Pepsi,4,220,20,704,680,24,Cash,Hassan,4.5
ORD11280,11/08/2025,Johar Town,C1238,Ahmed Ahmed,Female,Lahore,Bakery,Cake,Gourmet,4,900,15,3060,2800,260,Easypaisa,Umar,3.7
ORD11281,16/07/2025,DHA,C1211,Zain Chaudhry,Female,Lahore,Bakery,Cookies,LU,1,250,20,200,180,20,JazzCash,Zain,4
ORD11282,13/09/2025,Wapda Town,C1211,Hamza Butt,Male,Lahore,Bakery,Cake,Gourmet,4,900,15,3060,2800,260,JazzCash,Hamza,3.8
ORD11283,26/07/2025,Model Town,C1281,Hassan Raza,Male,Lahore,Beverages,Pepsi 1.5L,Pepsi,3,220,10,594,510,84,Easypaisa,Umar,4.9
ORD11284,18/12/2025,Gulberg,C1399,Sara Iqbal,Female,Lahore,Bakery,Bread,Dawn,1,120,15,102,80,22,Easypaisa,Ahmed,4.2
ORD11285,17/08/2025,DHA,C1235,Bilal Iqbal,Female,Lahore,Home,Detergent 1kg,Surf Excel,4,850,10,3060,2720,340,Easypaisa,Usman,3.8
ORD11286,27/10/2025,Johar Town,C1038,Umar Iqbal,Male,Lahore,Stationery,Marker,Dollar,5,120,20,480,400,80,Debit Card,Ali,4.6
ORD11287,23/03/2025,Wapda Town,C1262,Ayesha Butt,Female,Lahore,Grocery,Basmati Rice 5kg,Guard,3,3200,0,9600,7800,1800,Debit Card,Hamza,3.9
ORD11288,06/04/2025,Wapda Town,C1069,Hassan Ahmed,Male,Lahore,Beverages,Coca Cola 1.5L,Coca-Cola,3,220,5,627,510,117,JazzCash,Usman,3.9
ORD11289,29/08/2025,Johar Town,C1618,Maryam Ahmed,Male,Lahore,Home,Detergent 1kg,Surf Excel,2,850,0,1700,1360,340,Cash,Bilal,4.7
ORD11290,02/04/2025,DHA,C1741,Usman Butt,Male,Lahore,Bakery,Bread,Dawn,4,120,20,384,320,64,Debit Card,Ahmed,4
ORD11291,29/03/2025,Wapda Town,C1059,Umar Butt,Male,Lahore,Electronics,Power Bank,Xiaomi,1,4500,20,3600,3600,0,Cash,Umar,3.7
ORD11292,09/03/2025,DHA,C1474,Hassan Chaudhry,Male,Lahore,Beverages,Nestle Water 1.5L,Nestle,3,90,20,216,180,36,Cash,Hassan,3.7
ORD11293,07/11/2025,Gulberg,C1295,Ayesha Chaudhry,Female,Lahore,Grocery,Basmati Rice 5kg,Guard,4,3200,5,12160,10400,1760,JazzCash,Hamza,4.8
ORD11294,27/08/2025,Wapda Town,C1736,Maryam Sheikh,Female,Lahore,Stationery,Marker,Dollar,3,120,20,288,240,48,JazzCash,Hamza,3.8
ORD11295,13/09/2025,Wapda Town,C1377,Bilal Ahmed,Female,Lahore,Beverages,Pepsi 1.5L,Pepsi,2,220,0,440,340,100,Easypaisa,Hamza,3.9
ORD11296,13/01/2025,Johar Town,C1446,Zain Butt,Female,Lahore,Electronics,Keyboard,A4Tech,2,2800,0,5600,4400,1200,JazzCash,Usman,4.5
ORD11297,04/06/2025,Johar Town,C1450,Bilal Chaudhry,Female,Lahore,Home,Detergent 1kg,Surf Excel,2,850,0,1700,1360,340,Easypaisa,Umar,4.1
ORD11298,15/04/2025,Johar Town,C1150,Zain Ahmed,Female,Lahore,Home,Detergent 1kg,Surf Excel,4,850,0,3400,2720,680,Credit Card,Ahmed,4
ORD11299,17/07/2025,DHA,C1364,Fatima Chaudhry,Male,Lahore,Stationery,Pen,Dollar,1,60,20,48,35,13,Easypaisa,Ali,4
ORD11300,10/04/2025,Gulberg,C1150,Maryam Raza,Male,Lahore,Electronics,Power Bank,Xiaomi,2,4500,0,9000,7200,1800,Cash,Hassan,4.4
ORD11301,10/07/2025,Wapda Town,C1472,Hamza Iqbal,Female,Lahore,Grocery,Tea 475g,Tapal,4,980,10,3528,3280,248,Credit Card,Ahmed,4.7
ORD11302,27/10/2025,Wapda Town,C1038,Zain Ahmed,Male,Lahore,Grocery,Tea 475g,Tapal,4,980,15,3332,3280,52,Easypaisa,Zain,4.5
ORD11303,14/08/2025,Johar Town,C1781,Hassan Ahmed,Female,Lahore,Stationery,Marker,Dollar,3,120,5,342,240,102,Credit Card,Hamza,3.8
ORD11304,23/01/2025,Model Town,C1583,Hassan Sheikh,Male,Lahore,Electronics,Mouse,Logitech,2,1800,5,3420,2800,620,Easypaisa,Bilal,5
ORD11305,18/04/2025,DHA,C1745,Ayesha Ahmed,Male,Lahore,Grocery,Basmati Rice 5kg,Guard,2,3200,0,6400,5200,1200,Easypaisa,Usman,4.9
ORD11306,10/09/2025,Wapda Town,C1746,Hamza Chaudhry,Female,Lahore,Grocery,Basmati Rice 5kg,Guard,4,3200,10,11520,10400,1120,JazzCash,Zain,4.4
ORD11307,17/06/2025,DHA,C1609,Hassan Malik,Male,Lahore,Bakery,Bread,Dawn,5,120,20,480,400,80,Easypaisa,Umar,3.9
ORD11308,18/09/2025,Wapda Town,C1308,Bilal Ahmed,Male,Lahore,Electronics,Keyboard,A4Tech,4,2800,0,11200,8800,2400,JazzCash,Hassan,4.8
ORD11309,23/04/2025,Wapda Town,C1518,Hamza Sheikh,Female,Lahore,Beverages,Coca Cola 1.5L,Coca-Cola,2,220,0,440,340,100,Easypaisa,Zain,3.9
ORD11310,05/05/2025,DHA,C1059,Umar Sheikh,Female,Lahore,Beverages,Nestle Water 1.5L,Nestle,4,90,0,360,240,120,Debit Card,Hamza,4.2
ORD11311,16/01/2025,Johar Town,C1499,Ayesha Sheikh,Male,Lahore,Electronics,Keyboard,A4Tech,1,2800,10,2520,2200,320,Easypaisa,Hamza,4.8
ORD11312,27/05/2025,Johar Town,C1613,Hamza Sheikh,Male,Lahore,Beverages,Nestle Water 1.5L,Nestle,2,90,10,162,120,42,Cash,Ali,3.6
ORD11313,05/01/2025,Gulberg,C1715,Zain Butt,Male,Lahore,Beverages,Nestle Water 1.5L,Nestle,4,90,15,306,240,66,Cash,Umar,3.8
ORD11314,10/03/2025,Gulberg,C1042,Usman Raza,Female,Lahore,Electronics,Keyboard,A4Tech,3,2800,20,6720,6600,120,Cash,Ahmed,5
ORD11315,12/02/2025,Model Town,C1503,Ahmed Raza,Female,Lahore,Grocery,Basmati Rice 5kg,Guard,2,3200,5,6080,5200,880,JazzCash,Ali,4.7
ORD11316,26/05/2025,DHA,C1162,Zain Ahmed,Female,Lahore,Beverages,Pepsi 1.5L,Pepsi,4,220,20,704,680,24,JazzCash,Hassan,4.5
ORD11317,17/01/2025,Model Town,C1368,Fatima Raza,Female,Lahore,Home,Soap,Lux,2,180,15,306,260,46,Easypaisa,Hamza,4.7
ORD11318,01/05/2025,Johar Town,C1473,Usman Butt,Male,Lahore,Electronics,Power Bank,Xiaomi,3,4500,5,12825,10800,2025,Cash,Ahmed,4.4
ORD11319,02/03/2025,Johar Town,C1741,Ahmed Raza,Female,Lahore,Beverages,Pepsi 1.5L,Pepsi,4,220,5,836,680,156,Credit Card,Hassan,4.6
ORD11320,11/08/2025,DHA,C1727,Hassan Chaudhry,Male,Lahore,Home,Detergent 1kg,Surf Excel,5,850,20,3400,3400,0,Credit Card,Usman,4.1
ORD11321,26/06/2025,Model Town,C1192,Ayesha Chaudhry,Female,Lahore,Grocery,Basmati Rice 5kg,Guard,1,3200,10,2880,2600,280,Credit Card,Umar,3.7
ORD11322,17/06/2025,Wapda Town,C1717,Usman Khan,Male,Lahore,Stationery,Marker,Dollar,4,120,10,432,320,112,Credit Card,Hamza,3.6
ORD11323,21/06/2025,Wapda Town,C1619,Ayesha Raza,Male,Lahore,Beverages,Pepsi 1.5L,Pepsi,2,220,5,418,340,78,Debit Card,Hamza,3.6
ORD11324,05/01/2025,DHA,C1346,Ali Ahmed,Female,Lahore,Stationery,Pen,Dollar,3,60,20,144,105,39,JazzCash,Hassan,3.8
ORD11325,20/06/2025,Wapda Town,C1401,Fatima Malik,Female,Lahore,Stationery,Marker,Dollar,5,120,10,540,400,140,Cash,Umar,4.9
ORD11326,30/10/2025,Gulberg,C1292,Hamza Khan,Female,Lahore,Bakery,Cookies,LU,5,250,15,1062.5,900,162.5,JazzCash,Ali,4.2
ORD11327,02/08/2025,DHA,C1606,Hassan Chaudhry,Female,Lahore,Home,Shampoo,Sunsilk,5,620,5,2945,2500,445,Credit Card,Ahmed,4.7
ORD11328,09/12/2025,Gulberg,C1544,Hassan Khan,Male,Lahore,Bakery,Cookies,LU,4,250,10,900,720,180,Easypaisa,Hassan,4.1
ORD11329,09/08/2025,Wapda Town,C1427,Ali Raza,Male,Lahore,Grocery,Basmati Rice 5kg,Guard,3,3200,20,7680,7800,-120,Easypaisa,Hassan,4.3
ORD11330,10/10/2025,Wapda Town,C1744,Hamza Butt,Male,Lahore,Electronics,Mouse,Logitech,2,1800,15,3060,2800,260,Cash,Hamza,3.6
ORD11331,28/11/2025,Johar Town,C1768,Maryam Raza,Male,Lahore,Beverages,Coca Cola 1.5L,Coca-Cola,1,220,0,220,170,50,Credit Card,Bilal,4.1
ORD11332,07/08/2025,Gulberg,C1784,Bilal Raza,Male,Lahore,Beverages,Nestle Water 1.5L,Nestle,2,90,10,162,120,42,Cash,Usman,4.8
ORD11333,02/01/2025,Gulberg,C1784,Ayesha Iqbal,Male,Lahore,Beverages,Pepsi 1.5L,Pepsi,3,220,5,627,510,117,JazzCash,Umar,4.3
ORD11334,04/09/2025,DHA,C1095,Hamza Butt,Female,Lahore,Stationery,Marker,Dollar,3,120,0,360,240,120,Debit Card,Bilal,4.6
ORD11335,14/11/2025,DHA,C1165,Fatima Malik,Female,Lahore,Grocery,Basmati Rice 5kg,Guard,2,3200,5,6080,5200,880,Credit Card,Ahmed,4
ORD11336,19/07/2025,Johar Town,C1172,Hassan Chaudhry,Male,Lahore,Home,Detergent 1kg,Surf Excel,5,850,15,3612.5,3400,212.5,Debit Card,Umar,4.3
ORD11337,23/08/2025,Gulberg,C1038,Ayesha Malik,Male,Lahore,Home,Soap,Lux,3,180,5,513,390,123,JazzCash,Zain,3.5
ORD11338,07/12/2025,Gulberg,C1323,Ayesha Ahmed,Male,Lahore,Electronics,Power Bank,Xiaomi,3,4500,15,11475,10800,675,Cash,Ali,4.4
ORD11339,31/08/2025,Gulberg,C1640,Ali Iqbal,Male,Lahore,Home,Shampoo,Sunsilk,5,620,10,2790,2500,290,Credit Card,Hamza,3.9
ORD11340,24/02/2025,Model Town,C1157,Bilal Iqbal,Female,Lahore,Grocery,Sugar 1kg,Shan,2,180,10,324,300,24,Cash,Zain,3.6
ORD11341,07/06/2025,Gulberg,C1292,Hamza Butt,Male,Lahore,Stationery,Pen,Dollar,4,60,0,240,140,100,Debit Card,Ali,4
ORD11342,18/02/2025,Johar Town,C1591,Hassan Ahmed,Male,Lahore,Electronics,Keyboard,A4Tech,3,2800,0,8400,6600,1800,Cash,Bilal,4
ORD11343,09/10/2025,Wapda Town,C1305,Fatima Raza,Male,Lahore,Bakery,Bread,Dawn,5,120,20,480,400,80,Easypaisa,Ahmed,4
ORD11344,04/08/2025,Johar Town,C1071,Ahmed Khan,Male,Lahore,Grocery,Sugar 1kg,Shan,3,180,0,540,450,90,Easypaisa,Ahmed,4.2
ORD11345,04/07/2025,Johar Town,C1606,Fatima Malik,Male,Lahore,Home,Shampoo,Sunsilk,1,620,10,558,500,58,Credit Card,Usman,3.8
ORD11346,19/10/2025,Johar Town,C1747,Maryam Butt,Male,Lahore,Stationery,Notebook,Dollar,1,180,15,153,120,33,JazzCash,Hassan,5
ORD11347,03/01/2025,Johar Town,C1505,Fatima Malik,Male,Lahore,Stationery,Marker,Dollar,3,120,20,288,240,48,Easypaisa,Hassan,4.4
ORD11348,18/07/2025,Johar Town,C1415,Sara Sheikh,Female,Lahore,Beverages,Nestle Water 1.5L,Nestle,3,90,10,243,180,63,Credit Card,Hassan,4.4
ORD11349,05/03/2025,Model Town,C1002,Ahmed Sheikh,Male,Lahore,Stationery,Pen,Dollar,3,60,20,144,105,39,Credit Card,Usman,4.4
ORD11350,25/11/2025,Gulberg,C1237,Hassan Khan,Male,Lahore,Bakery,Bread,Dawn,2,120,5,228,160,68,Easypaisa,Usman,4.9
ORD11351,22/05/2025,Gulberg,C1424,Ahmed Iqbal,Male,Lahore,Grocery,Basmati Rice 5kg,Guard,2,3200,0,6400,5200,1200,Easypaisa,Usman,3.7
ORD11352,28/11/2025,Model Town,C1676,Fatima Raza,Female,Lahore,Grocery,Sugar 1kg,Shan,3,180,15,459,450,9,Debit Card,Usman,3.8
ORD11353,30/06/2025,Model Town,C1281,Umar Khan,Female,Lahore,Beverages,Nestle Water 1.5L,Nestle,2,90,15,153,120,33,Cash,Hamza,4.2
ORD11354,01/02/2025,Johar Town,C1424,Ahmed Raza,Male,Lahore,Grocery,Tea 475g,Tapal,5,980,10,4410,4100,310,Credit Card,Bilal,3.8
ORD11355,08/01/2025,Model Town,C1357,Bilal Malik,Female,Lahore,Home,Shampoo,Sunsilk,1,620,20,496,500,-4,Debit Card,Bilal,4.8
ORD11356,19/07/2025,Model Town,C1137,Ali Malik,Female,Lahore,Electronics,Mouse,Logitech,4,1800,5,6840,5600,1240,Easypaisa,Hassan,5
ORD11357,10/10/2025,DHA,C1739,Hamza Raza,Male,Lahore,Bakery,Cake,Gourmet,2,900,0,1800,1400,400,Credit Card,Bilal,4.6
ORD11358,11/01/2025,DHA,C1251,Zain Butt,Female,Lahore,Grocery,Basmati Rice 5kg,Guard,2,3200,10,5760,5200,560,JazzCash,Ahmed,3.7
ORD11359,11/01/2025,Wapda Town,C1350,Ali Chaudhry,Male,Lahore,Electronics,Power Bank,Xiaomi,5,4500,15,19125,18000,1125,Debit Card,Ali,4.6
ORD11360,06/08/2025,Johar Town,C1644,Umar Iqbal,Male,Lahore,Electronics,Power Bank,Xiaomi,3,4500,20,10800,10800,0,Easypaisa,Umar,4.4
ORD11361,06/05/2025,Model Town,C1778,Hassan Iqbal,Female,Lahore,Electronics,Mouse,Logitech,3,1800,10,4860,4200,660,Debit Card,Hamza,4.9
ORD11362,09/01/2025,Johar Town,C1237,Umar Khan,Male,Lahore,Stationery,Notebook,Dollar,1,180,20,144,120,24,Easypaisa,Hamza,4.3
ORD11363,07/02/2025,Johar Town,C1224,Hamza Ahmed,Male,Lahore,Grocery,Tea 475g,Tapal,2,980,5,1862,1640,222,Credit Card,Ahmed,4.9
ORD11364,29/07/2025,Johar Town,C1096,Hamza Malik,Male,Lahore,Grocery,Sugar 1kg,Shan,5,180,15,765,750,15,Cash,Bilal,4.7
ORD11365,02/10/2025,Model Town,C1706,Bilal Butt,Male,Lahore,Stationery,Marker,Dollar,2,120,0,240,160,80,Easypaisa,Hassan,4.7
ORD11366,19/06/2025,Johar Town,C1590,Bilal Khan,Female,Lahore,Grocery,Basmati Rice 5kg,Guard,5,3200,20,12800,13000,-200,Credit Card,Zain,4.6
ORD11367,12/10/2025,Wapda Town,C1022,Zain Raza,Male,Lahore,Stationery,Notebook,Dollar,1,180,0,180,120,60,Debit Card,Usman,3.9
ORD11368,24/01/2025,Johar Town,C1136,Bilal Chaudhry,Male,Lahore,Stationery,Notebook,Dollar,2,180,5,342,240,102,Easypaisa,Hassan,4.4
ORD11369,17/01/2025,Model Town,C1158,Maryam Ahmed,Male,Lahore,Grocery,Cooking Oil 1L,Dalda,3,650,10,1755,1560,195,Easypaisa,Hamza,3.5
ORD11370,11/07/2025,Gulberg,C1783,Usman Malik,Male,Lahore,Grocery,Cooking Oil 1L,Dalda,4,650,0,2600,2080,520,Debit Card,Hamza,3.7
ORD11371,28/04/2025,Wapda Town,C1694,Fatima Iqbal,Female,Lahore,Stationery,Notebook,Dollar,3,180,20,432,360,72,Debit Card,Hassan,4.9
ORD11372,06/08/2025,DHA,C1267,Sara Malik,Male,Lahore,Beverages,Nestle Water 1.5L,Nestle,4,90,10,324,240,84,Debit Card,Hamza,3.9
ORD11373,02/10/2025,Johar Town,C1056,Hassan Ahmed,Female,Lahore,Home,Detergent 1kg,Surf Excel,5,850,0,4250,3400,850,Easypaisa,Usman,3.6
ORD11374,03/04/2025,Gulberg,C1521,Sara Ahmed,Male,Lahore,Bakery,Bread,Dawn,2,120,5,228,160,68,JazzCash,Ali,4
ORD11375,03/10/2025,Wapda Town,C1140,Usman Khan,Female,Lahore,Grocery,Sugar 1kg,Shan,3,180,10,486,450,36,Easypaisa,Hassan,3.7
ORD11376,23/04/2025,Johar Town,C1640,Ayesha Ahmed,Female,Lahore,Stationery,Marker,Dollar,1,120,20,96,80,16,JazzCash,Ali,4.6
ORD11377,14/06/2025,Gulberg,C1034,Ali Khan,Male,Lahore,Home,Detergent 1kg,Surf Excel,3,850,10,2295,2040,255,Cash,Ali,4
ORD11378,23/11/2025,Model Town,C1101,Ayesha Iqbal,Male,Lahore,Bakery,Bread,Dawn,1,120,5,114,80,34,JazzCash,Ahmed,4.6
ORD11379,30/06/2025,DHA,C1771,Bilal Raza,Male,Lahore,Electronics,Keyboard,A4Tech,1,2800,20,2240,2200,40,Cash,Usman,4.4
ORD11380,23/10/2025,Wapda Town,C1787,Ahmed Butt,Male,Lahore,Bakery,Cookies,LU,3,250,15,637.5,540,97.5,Credit Card,Ahmed,4
ORD11381,29/08/2025,Gulberg,C1614,Ali Khan,Female,Lahore,Grocery,Tea 475g,Tapal,4,980,0,3920,3280,640,Debit Card,Hamza,4
ORD11382,24/06/2025,Wapda Town,C1154,Umar Sheikh,Male,Lahore,Grocery,Sugar 1kg,Shan,5,180,10,810,750,60,Debit Card,Hamza,3.7
ORD11383,18/05/2025,Gulberg,C1375,Bilal Butt,Female,Lahore,Bakery,Bread,Dawn,3,120,10,324,240,84,Cash,Ahmed,4.4
ORD11384,28/01/2025,Wapda Town,C1629,Fatima Chaudhry,Female,Lahore,Home,Detergent 1kg,Surf Excel,2,850,15,1445,1360,85,Cash,Usman,3.7
ORD11385,01/02/2025,DHA,C1542,Ahmed Khan,Female,Lahore,Electronics,Mouse,Logitech,1,1800,15,1530,1400,130,Credit Card,Usman,4.3
ORD11386,31/08/2025,Model Town,C1736,Hassan Ahmed,Female,Lahore,Home,Detergent 1kg,Surf Excel,5,850,5,4037.5,3400,637.5,Credit Card,Hassan,3.7
ORD11387,03/02/2025,DHA,C1744,Usman Raza,Female,Lahore,Beverages,Nestle Water 1.5L,Nestle,4,90,20,288,240,48,Credit Card,Usman,3.5
ORD11388,03/08/2025,Model Town,C1220,Ahmed Raza,Female,Lahore,Stationery,Notebook,Dollar,3,180,20,432,360,72,Cash,Umar,4.8
ORD11389,19/07/2025,DHA,C1769,Hamza Raza,Male,Lahore,Electronics,Power Bank,Xiaomi,4,4500,5,17100,14400,2700,Debit Card,Hamza,4.7
ORD11390,12/12/2025,DHA,C1197,Maryam Khan,Male,Lahore,Electronics,Keyboard,A4Tech,5,2800,5,13300,11000,2300,Easypaisa,Hamza,4
ORD11391,24/05/2025,Wapda Town,C1024,Hassan Ahmed,Female,Lahore,Electronics,Power Bank,Xiaomi,5,4500,20,18000,18000,0,Debit Card,Usman,4.7
ORD11392,22/05/2025,Wapda Town,C1714,Ali Iqbal,Male,Lahore,Electronics,Power Bank,Xiaomi,2,4500,15,7650,7200,450,Credit Card,Ahmed,5
ORD11393,30/05/2025,DHA,C1199,Fatima Raza,Female,Lahore,Beverages,Pepsi 1.5L,Pepsi,2,220,5,418,340,78,Cash,Hamza,4.6
ORD11394,14/03/2025,Model Town,C1539,Ayesha Ahmed,Male,Lahore,Grocery,Basmati Rice 5kg,Guard,1,3200,20,2560,2600,-40,JazzCash,Hassan,3.9
ORD11395,16/02/2025,Johar Town,C1138,Umar Iqbal,Male,Lahore,Stationery,Marker,Dollar,2,120,15,204,160,44,Cash,Hamza,4.8
ORD11396,09/02/2025,Gulberg,C1473,Fatima Sheikh,Male,Lahore,Grocery,Tea 475g,Tapal,3,980,15,2499,2460,39,Cash,Usman,3.8
ORD11397,14/01/2025,Gulberg,C1563,Usman Khan,Male,Lahore,Grocery,Basmati Rice 5kg,Guard,3,3200,15,8160,7800,360,Easypaisa,Zain,4.2
ORD11398,26/12/2025,Gulberg,C1743,Umar Khan,Male,Lahore,Home,Soap,Lux,3,180,20,432,390,42,Easypaisa,Zain,4.4
ORD11399,27/06/2025,Wapda Town,C1073,Ahmed Raza,Male,Lahore,Beverages,Pepsi 1.5L,Pepsi,1,220,10,198,170,28,JazzCash,Bilal,3.8
ORD11400,23/07/2025,Wapda Town,C1143,Umar Malik,Male,Lahore,Bakery,Cookies,LU,3,250,0,750,540,210,Debit Card,Hassan,4.4
ORD11401,16/09/2025,DHA,C1344,Hamza Sheikh,Male,Lahore,Beverages,Pepsi 1.5L,Pepsi,2,220,15,374,340,34,Cash,Bilal,4.9
ORD11402,23/12/2025,Wapda Town,C1549,Umar Khan,Female,Lahore,Stationery,Marker,Dollar,3,120,5,342,240,102,Cash,Zain,3.9
ORD11403,22/07/2025,Gulberg,C1120,Maryam Butt,Female,Lahore,Home,Soap,Lux,1,180,20,144,130,14,Cash,Ahmed,4.9
ORD11404,29/01/2025,Model Town,C1623,Ahmed Khan,Female,Lahore,Bakery,Bread,Dawn,3,120,15,306,240,66,Debit Card,Umar,3.6
ORD11405,19/04/2025,DHA,C1365,Ali Sheikh,Male,Lahore,Grocery,Cooking Oil 1L,Dalda,2,650,10,1170,1040,130,Easypaisa,Ali,4.2
ORD11406,06/09/2025,Johar Town,C1538,Bilal Raza,Male,Lahore,Home,Shampoo,Sunsilk,2,620,20,992,1000,-8,Cash,Hassan,4
ORD11407,11/10/2025,DHA,C1244,Ayesha Butt,Female,Lahore,Grocery,Tea 475g,Tapal,2,980,10,1764,1640,124,Cash,Hassan,3.9
ORD11408,11/07/2025,Gulberg,C1684,Hamza Chaudhry,Male,Lahore,Bakery,Cake,Gourmet,1,900,0,900,700,200,JazzCash,Ahmed,4.3
ORD11409,17/10/2025,DHA,C1588,Usman Khan,Female,Lahore,Bakery,Cake,Gourmet,1,900,10,810,700,110,Credit Card,Usman,4.1
ORD11410,03/11/2025,Wapda Town,C1587,Umar Raza,Female,Lahore,Stationery,Marker,Dollar,5,120,15,510,400,110,Cash,Bilal,3.7
ORD11411,07/07/2025,Johar Town,C1339,Sara Ahmed,Female,Lahore,Bakery,Cookies,LU,5,250,5,1187.5,900,287.5,Cash,Bilal,4.4
ORD11412,10/04/2025,Johar Town,C1302,Usman Sheikh,Female,Lahore,Beverages,Pepsi 1.5L,Pepsi,1,220,5,209,170,39,JazzCash,Ahmed,4.1
ORD11413,25/12/2025,Gulberg,C1469,Umar Khan,Female,Lahore,Grocery,Tea 475g,Tapal,2,980,15,1666,1640,26,Debit Card,Hassan,4
ORD11414,27/04/2025,Wapda Town,C1371,Zain Malik,Male,Lahore,Bakery,Cake,Gourmet,2,900,10,1620,1400,220,JazzCash,Ahmed,4.8
ORD11415,26/05/2025,Johar Town,C1712,Sara Sheikh,Female,Lahore,Grocery,Sugar 1kg,Shan,4,180,0,720,600,120,Cash,Usman,4.1
ORD11416,03/07/2025,DHA,C1096,Fatima Sheikh,Female,Lahore,Bakery,Cake,Gourmet,2,900,15,1530,1400,130,Credit Card,Hamza,4.4
ORD11417,21/04/2025,Johar Town,C1785,Hassan Iqbal,Female,Lahore,Grocery,Tea 475g,Tapal,4,980,0,3920,3280,640,Cash,Bilal,4.8
ORD11418,17/05/2025,Wapda Town,C1792,Bilal Raza,Male,Lahore,Home,Shampoo,Sunsilk,2,620,5,1178,1000,178,Cash,Usman,4.2
ORD11419,25/04/2025,Wapda Town,C1401,Umar Ahmed,Male,Lahore,Grocery,Basmati Rice 5kg,Guard,5,3200,15,13600,13000,600,Cash,Hamza,4.3
ORD11420,08/02/2025,Gulberg,C1050,Ahmed Sheikh,Male,Lahore,Grocery,Cooking Oil 1L,Dalda,5,650,10,2925,2600,325,JazzCash,Bilal,3.6
ORD11421,19/11/2025,Model Town,C1418,Usman Malik,Female,Lahore,Bakery,Bread,Dawn,3,120,0,360,240,120,Easypaisa,Usman,3.6
ORD11422,08/07/2025,Gulberg,C1508,Ayesha Chaudhry,Female,Lahore,Beverages,Nestle Water 1.5L,Nestle,3,90,10,243,180,63,Easypaisa,Usman,3.6
ORD11423,18/08/2025,Johar Town,C1611,Usman Iqbal,Male,Lahore,Beverages,Nestle Water 1.5L,Nestle,4,90,15,306,240,66,JazzCash,Ali,4.6
ORD11424,09/09/2025,Gulberg,C1165,Sara Ahmed,Female,Lahore,Stationery,Marker,Dollar,4,120,15,408,320,88,Cash,Hamza,4.9
ORD11425,12/12/2025,Johar Town,C1208,Ayesha Malik,Male,Lahore,Bakery,Cookies,LU,1,250,5,237.5,180,57.5,Debit Card,Zain,4
ORD11426,29/03/2025,Model Town,C1558,Ahmed Chaudhry,Male,Lahore,Beverages,Coca Cola 1.5L,Coca-Cola,4,220,0,880,680,200,Debit Card,Usman,4.5
ORD11427,10/02/2025,Gulberg,C1225,Umar Malik,Female,Lahore,Bakery,Bread,Dawn,1,120,15,102,80,22,Debit Card,Umar,4.2
ORD11428,21/10/2025,Johar Town,C1459,Ahmed Raza,Female,Lahore,Electronics,Keyboard,A4Tech,1,2800,5,2660,2200,460,Credit Card,Ahmed,4.6
ORD11429,28/03/2025,Model Town,C1302,Fatima Khan,Male,Lahore,Bakery,Cookies,LU,1,250,5,237.5,180,57.5,Easypaisa,Bilal,3.9
ORD11430,28/01/2025,Gulberg,C1408,Ayesha Ahmed,Male,Lahore,Beverages,Coca Cola 1.5L,Coca-Cola,2,220,10,396,340,56,Easypaisa,Umar,4.5
ORD11431,29/03/2025,Gulberg,C1504,Sara Butt,Male,Lahore,Beverages,Pepsi 1.5L,Pepsi,1,220,5,209,170,39,Debit Card,Bilal,4.3
ORD11432,03/08/2025,Model Town,C1749,Zain Chaudhry,Male,Lahore,Beverages,Nestle Water 1.5L,Nestle,5,90,10,405,300,105,Easypaisa,Hassan,4.8
ORD11433,04/10/2025,Wapda Town,C1698,Hamza Sheikh,Male,Lahore,Beverages,Pepsi 1.5L,Pepsi,5,220,5,1045,850,195,Credit Card,Hassan,4.4
ORD11434,19/08/2025,Wapda Town,C1737,Zain Sheikh,Female,Lahore,Stationery,Notebook,Dollar,4,180,20,576,480,96,Cash,Umar,4.2
ORD11435,01/02/2025,Wapda Town,C1799,Usman Khan,Female,Lahore,Home,Soap,Lux,2,180,15,306,260,46,Cash,Hamza,4.3
ORD11436,13/02/2025,DHA,C1336,Zain Butt,Male,Lahore,Stationery,Notebook,Dollar,2,180,5,342,240,102,Easypaisa,Zain,3.5
ORD11437,21/06/2025,Model Town,C1584,Usman Ahmed,Male,Lahore,Bakery,Cookies,LU,1,250,10,225,180,45,Cash,Usman,4
ORD11438,23/07/2025,Wapda Town,C1548,Zain Raza,Male,Lahore,Home,Shampoo,Sunsilk,1,620,20,496,500,-4,Easypaisa,Bilal,4.7
ORD11439,09/01/2025,Gulberg,C1620,Maryam Malik,Female,Lahore,Beverages,Pepsi 1.5L,Pepsi,1,220,10,198,170,28,JazzCash,Bilal,4.3
ORD11440,30/05/2025,DHA,C1754,Sara Ahmed,Male,Lahore,Stationery,Notebook,Dollar,3,180,20,432,360,72,Credit Card,Zain,4.2
ORD11441,07/10/2025,Gulberg,C1366,Usman Malik,Female,Lahore,Bakery,Cookies,LU,1,250,15,212.5,180,32.5,Easypaisa,Hamza,4.2
ORD11442,04/10/2025,Model Town,C1282,Umar Ahmed,Male,Lahore,Stationery,Notebook,Dollar,1,180,20,144,120,24,Easypaisa,Umar,4.4
ORD11443,10/09/2025,Wapda Town,C1447,Fatima Chaudhry,Male,Lahore,Home,Shampoo,Sunsilk,2,620,20,992,1000,-8,Debit Card,Zain,4.3
ORD11444,11/04/2025,DHA,C1698,Fatima Khan,Female,Lahore,Home,Shampoo,Sunsilk,1,620,20,496,500,-4,Debit Card,Hassan,4.1
ORD11445,23/12/2025,Model Town,C1746,Sara Iqbal,Female,Lahore,Electronics,Mouse,Logitech,3,1800,15,4590,4200,390,JazzCash,Ahmed,3.5
ORD11446,05/03/2025,DHA,C1384,Bilal Raza,Male,Lahore,Beverages,Coca Cola 1.5L,Coca-Cola,5,220,5,1045,850,195,JazzCash,Hamza,4.2
ORD11447,21/07/2025,DHA,C1191,Zain Malik,Male,Lahore,Beverages,Pepsi 1.5L,Pepsi,3,220,20,528,510,18,JazzCash,Bilal,4.7
ORD11448,24/04/2025,DHA,C1415,Usman Raza,Male,Lahore,Beverages,Nestle Water 1.5L,Nestle,5,90,0,450,300,150,Credit Card,Usman,4.3
ORD11449,22/06/2025,Model Town,C1172,Sara Butt,Female,Lahore,Stationery,Pen,Dollar,2,60,10,108,70,38,JazzCash,Hassan,4.8
ORD11450,24/04/2025,Gulberg,C1229,Fatima Ahmed,Female,Lahore,Electronics,Power Bank,Xiaomi,5,4500,10,20250,18000,2250,Credit Card,Zain,3.5
ORD11451,27/11/2025,Wapda Town,C1333,Ali Iqbal,Female,Lahore,Home,Shampoo,Sunsilk,3,620,15,1581,1500,81,Credit Card,Bilal,3.8
ORD11452,10/04/2025,Wapda Town,C1591,Ahmed Ahmed,Female,Lahore,Electronics,Power Bank,Xiaomi,5,4500,0,22500,18000,4500,JazzCash,Umar,3.7
ORD11453,12/04/2025,Johar Town,C1276,Ali Ahmed,Female,Lahore,Bakery,Cake,Gourmet,3,900,20,2160,2100,60,Debit Card,Hamza,4
ORD11454,16/06/2025,DHA,C1208,Ahmed Malik,Male,Lahore,Electronics,Keyboard,A4Tech,1,2800,10,2520,2200,320,Credit Card,Hassan,4.7
ORD11455,01/09/2025,Model Town,C1459,Hamza Khan,Male,Lahore,Stationery,Marker,Dollar,1,120,5,114,80,34,JazzCash,Bilal,4.9
ORD11456,18/03/2025,Gulberg,C1037,Hamza Butt,Female,Lahore,Stationery,Marker,Dollar,1,120,10,108,80,28,Easypaisa,Ali,4.5
ORD11457,26/09/2025,Johar Town,C1776,Ayesha Khan,Female,Lahore,Home,Shampoo,Sunsilk,1,620,20,496,500,-4,Credit Card,Usman,3.9
ORD11458,21/09/2025,Johar Town,C1141,Hamza Sheikh,Female,Lahore,Bakery,Cake,Gourmet,3,900,15,2295,2100,195,Cash,Zain,4.8
ORD11459,26/10/2025,Model Town,C1287,Bilal Butt,Male,Lahore,Bakery,Cookies,LU,4,250,20,800,720,80,Easypaisa,Zain,4.3
ORD11460,09/12/2025,Model Town,C1373,Hamza Raza,Male,Lahore,Electronics,Power Bank,Xiaomi,3,4500,20,10800,10800,0,JazzCash,Usman,4
ORD11461,11/11/2025,Gulberg,C1140,Ali Khan,Male,Lahore,Grocery,Basmati Rice 5kg,Guard,4,3200,10,11520,10400,1120,Debit Card,Bilal,4.1
ORD11462,28/04/2025,Johar Town,C1135,Zain Ahmed,Female,Lahore,Bakery,Cake,Gourmet,2,900,0,1800,1400,400,Credit Card,Ali,3.8
ORD11463,15/06/2025,Johar Town,C1649,Zain Sheikh,Male,Lahore,Electronics,Keyboard,A4Tech,1,2800,20,2240,2200,40,Cash,Bilal,4
ORD11464,24/09/2025,Wapda Town,C1635,Maryam Chaudhry,Male,Lahore,Bakery,Cake,Gourmet,4,900,15,3060,2800,260,Easypaisa,Hassan,4.1
ORD11465,23/11/2025,Johar Town,C1765,Ali Butt,Female,Lahore,Home,Shampoo,Sunsilk,3,620,15,1581,1500,81,JazzCash,Usman,4.9
ORD11466,28/05/2025,Johar Town,C1725,Fatima Ahmed,Male,Lahore,Beverages,Pepsi 1.5L,Pepsi,5,220,5,1045,850,195,Debit Card,Ali,3.7
ORD11467,07/11/2025,Wapda Town,C1095,Ali Sheikh,Male,Lahore,Beverages,Nestle Water 1.5L,Nestle,1,90,10,81,60,21,Cash,Hassan,4.1
ORD11468,08/09/2025,DHA,C1025,Fatima Butt,Female,Lahore,Beverages,Pepsi 1.5L,Pepsi,5,220,15,935,850,85,Easypaisa,Ali,4.5
ORD11469,01/04/2025,DHA,C1267,Maryam Iqbal,Female,Lahore,Beverages,Coca Cola 1.5L,Coca-Cola,4,220,15,748,680,68,Easypaisa,Usman,4.1
ORD11470,20/10/2025,Gulberg,C1524,Zain Chaudhry,Female,Lahore,Grocery,Sugar 1kg,Shan,2,180,20,288,300,-12,JazzCash,Hassan,4.6
ORD11471,20/07/2025,Model Town,C1180,Ahmed Chaudhry,Male,Lahore,Grocery,Cooking Oil 1L,Dalda,4,650,0,2600,2080,520,Debit Card,Umar,4.7
ORD11472,22/04/2025,Gulberg,C1334,Usman Butt,Male,Lahore,Bakery,Cake,Gourmet,5,900,5,4275,3500,775,JazzCash,Hassan,4.6
ORD11473,29/03/2025,Gulberg,C1656,Bilal Malik,Male,Lahore,Grocery,Tea 475g,Tapal,3,980,20,2352,2460,-108,Debit Card,Usman,4
ORD11474,06/07/2025,Johar Town,C1328,Fatima Raza,Female,Lahore,Stationery,Notebook,Dollar,5,180,20,720,600,120,Easypaisa,Ali,4.2
ORD11475,27/11/2025,Johar Town,C1403,Bilal Malik,Male,Lahore,Home,Shampoo,Sunsilk,4,620,5,2356,2000,356,JazzCash,Zain,3.9
ORD11476,10/05/2025,Johar Town,C1458,Sara Chaudhry,Male,Lahore,Bakery,Cookies,LU,5,250,0,1250,900,350,Debit Card,Usman,4.2
ORD11477,24/03/2025,Model Town,C1778,Fatima Chaudhry,Male,Lahore,Grocery,Sugar 1kg,Shan,2,180,20,288,300,-12,Debit Card,Umar,4.6
ORD11478,17/06/2025,Johar Town,C1134,Usman Khan,Male,Lahore,Beverages,Nestle Water 1.5L,Nestle,5,90,20,360,300,60,Debit Card,Zain,4.1
ORD11479,28/01/2025,Gulberg,C1272,Fatima Chaudhry,Female,Lahore,Bakery,Bread,Dawn,2,120,0,240,160,80,JazzCash,Umar,4
ORD11480,18/04/2025,DHA,C1190,Hassan Sheikh,Male,Lahore,Stationery,Marker,Dollar,3,120,20,288,240,48,Cash,Hassan,3.5
ORD11481,04/06/2025,Wapda Town,C1329,Ahmed Chaudhry,Male,Lahore,Beverages,Coca Cola 1.5L,Coca-Cola,1,220,20,176,170,6,Credit Card,Usman,4.9
ORD11482,20/10/2025,Johar Town,C1798,Maryam Iqbal,Male,Lahore,Grocery,Basmati Rice 5kg,Guard,2,3200,20,5120,5200,-80,Cash,Bilal,3.8
ORD11483,22/05/2025,Gulberg,C1627,Hassan Khan,Female,Lahore,Stationery,Marker,Dollar,5,120,5,570,400,170,Easypaisa,Ali,3.8
ORD11484,31/10/2025,Johar Town,C1408,Ali Butt,Male,Lahore,Home,Detergent 1kg,Surf Excel,5,850,0,4250,3400,850,Cash,Hassan,3.7
ORD11485,18/12/2025,Johar Town,C1055,Ahmed Ahmed,Male,Lahore,Stationery,Pen,Dollar,4,60,15,204,140,64,Cash,Hamza,4.1
ORD11486,08/03/2025,Gulberg,C1458,Usman Iqbal,Female,Lahore,Beverages,Pepsi 1.5L,Pepsi,1,220,20,176,170,6,Debit Card,Hassan,4.9
ORD11487,20/04/2025,Model Town,C1390,Hamza Malik,Male,Lahore,Grocery,Sugar 1kg,Shan,5,180,5,855,750,105,Debit Card,Umar,4.5
ORD11488,07/12/2025,DHA,C1181,Ahmed Ahmed,Female,Lahore,Electronics,Power Bank,Xiaomi,1,4500,5,4275,3600,675,Cash,Hamza,4.4
ORD11489,13/03/2025,Johar Town,C1154,Sara Raza,Female,Lahore,Electronics,Mouse,Logitech,5,1800,10,8100,7000,1100,Debit Card,Ahmed,4.8
ORD11490,30/10/2025,Model Town,C1068,Maryam Khan,Male,Lahore,Beverages,Nestle Water 1.5L,Nestle,3,90,10,243,180,63,JazzCash,Zain,3.7
ORD11491,22/12/2025,Johar Town,C1465,Ahmed Butt,Female,Lahore,Bakery,Cookies,LU,1,250,0,250,180,70,Debit Card,Hamza,4.9
ORD11492,09/10/2025,DHA,C1781,Usman Malik,Male,Lahore,Electronics,Power Bank,Xiaomi,3,4500,15,11475,10800,675,Credit Card,Ali,4.8
ORD11493,21/03/2025,Model Town,C1127,Hamza Butt,Female,Lahore,Grocery,Cooking Oil 1L,Dalda,4,650,0,2600,2080,520,Debit Card,Umar,3.9
ORD11494,27/03/2025,Gulberg,C1442,Umar Khan,Female,Lahore,Bakery,Cake,Gourmet,1,900,15,765,700,65,Debit Card,Usman,3.7
ORD11495,25/05/2025,DHA,C1268,Usman Khan,Male,Lahore,Bakery,Cake,Gourmet,1,900,10,810,700,110,Credit Card,Ahmed,3.9
ORD11496,05/03/2025,Wapda Town,C1787,Zain Chaudhry,Female,Lahore,Grocery,Sugar 1kg,Shan,4,180,15,612,600,12,Easypaisa,Bilal,4.4
ORD11497,09/07/2025,DHA,C1436,Usman Malik,Female,Lahore,Home,Shampoo,Sunsilk,3,620,10,1674,1500,174,Easypaisa,Ali,3.7
ORD11498,09/05/2025,Gulberg,C1569,Ali Ahmed,Male,Lahore,Home,Soap,Lux,1,180,0,180,130,50,Cash,Hassan,3.5
ORD11499,31/07/2025,Model Town,C1283,Ahmed Chaudhry,Male,Lahore,Bakery,Bread,Dawn,1,120,15,102,80,22,Easypaisa,Ahmed,4.3
ORD11500,22/09/2025,Johar Town,C1607,Ali Ahmed,Female,Lahore,Grocery,Sugar 1kg,Shan,4,180,0,720,600,120,Cash,Umar,3.6
ORD11501,18/09/2025,Johar Town,C1056,Ayesha Malik,Female,Lahore,Grocery,Tea 475g,Tapal,4,980,0,3920,3280,640,Cash,Ahmed,4.7
ORD11502,28/05/2025,DHA,C1205,Umar Butt,Male,Lahore,Electronics,Power Bank,Xiaomi,3,4500,15,11475,10800,675,Debit Card,Ahmed,3.5
ORD11503,11/08/2025,DHA,C1458,Umar Sheikh,Female,Lahore,Beverages,Coca Cola 1.5L,Coca-Cola,5,220,20,880,850,30,Easypaisa,Ahmed,3.8
ORD11504,15/10/2025,Wapda Town,C1413,Usman Chaudhry,Female,Lahore,Grocery,Sugar 1kg,Shan,2,180,5,342,300,42,Easypaisa,Hamza,4.2
ORD11505,18/03/2025,Wapda Town,C1247,Usman Chaudhry,Male,Lahore,Grocery,Sugar 1kg,Shan,5,180,0,900,750,150,Cash,Ahmed,5
ORD11506,26/07/2025,DHA,C1642,Sara Khan,Male,Lahore,Home,Soap,Lux,1,180,10,162,130,32,Cash,Ahmed,4.2
ORD11507,06/09/2025,Gulberg,C1021,Maryam Raza,Male,Lahore,Stationery,Pen,Dollar,1,60,10,54,35,19,JazzCash,Ali,4.7
ORD11508,16/10/2025,Gulberg,C1323,Hassan Ahmed,Female,Lahore,Stationery,Marker,Dollar,3,120,20,288,240,48,Debit Card,Ahmed,3.9
ORD11509,08/11/2025,Wapda Town,C1509,Umar Chaudhry,Male,Lahore,Bakery,Bread,Dawn,5,120,10,540,400,140,Cash,Hassan,4.2
ORD11510,13/08/2025,Wapda Town,C1570,Maryam Raza,Male,Lahore,Stationery,Notebook,Dollar,4,180,15,612,480,132,Easypaisa,Hamza,4.9
ORD11511,18/03/2025,Model Town,C1492,Sara Raza,Male,Lahore,Beverages,Coca Cola 1.5L,Coca-Cola,3,220,0,660,510,150,Debit Card,Usman,4.6
ORD11512,12/08/2025,Wapda Town,C1297,Sara Ahmed,Female,Lahore,Beverages,Pepsi 1.5L,Pepsi,5,220,20,880,850,30,Cash,Ali,4.6
ORD11513,16/05/2025,Johar Town,C1479,Ali Chaudhry,Male,Lahore,Beverages,Coca Cola 1.5L,Coca-Cola,2,220,0,440,340,100,Cash,Ali,4.1
ORD11514,23/03/2025,Gulberg,C1559,Ahmed Malik,Female,Lahore,Stationery,Marker,Dollar,1,120,10,108,80,28,JazzCash,Umar,4.9
ORD11515,27/02/2025,Wapda Town,C1641,Sara Raza,Male,Lahore,Grocery,Tea 475g,Tapal,1,980,20,784,820,-36,Cash,Hamza,4.8
ORD11516,05/06/2025,Model Town,C1365,Fatima Malik,Female,Lahore,Bakery,Bread,Dawn,2,120,0,240,160,80,JazzCash,Zain,4.2
ORD11517,06/01/2025,DHA,C1554,Ali Sheikh,Female,Lahore,Bakery,Bread,Dawn,1,120,0,120,80,40,Credit Card,Umar,4.5
ORD11518,03/04/2025,DHA,C1610,Umar Ahmed,Male,Lahore,Beverages,Coca Cola 1.5L,Coca-Cola,5,220,0,1100,850,250,Debit Card,Umar,4.5
ORD11519,30/10/2025,Wapda Town,C1517,Usman Chaudhry,Female,Lahore,Electronics,Mouse,Logitech,5,1800,15,7650,7000,650,JazzCash,Umar,4.5
ORD11520,26/01/2025,Johar Town,C1731,Ahmed Raza,Male,Lahore,Electronics,Mouse,Logitech,5,1800,10,8100,7000,1100,JazzCash,Hamza,3.7
ORD11521,07/08/2025,Johar Town,C1500,Bilal Malik,Female,Lahore,Grocery,Tea 475g,Tapal,5,980,5,4655,4100,555,Easypaisa,Zain,3.7
ORD11522,24/08/2025,DHA,C1656,Ali Sheikh,Female,Lahore,Bakery,Cake,Gourmet,4,900,5,3420,2800,620,JazzCash,Hamza,4.1
ORD11523,08/05/2025,Gulberg,C1273,Ayesha Raza,Male,Lahore,Stationery,Pen,Dollar,5,60,15,255,175,80,Cash,Umar,3.5
ORD11524,15/10/2025,Johar Town,C1365,Sara Malik,Female,Lahore,Electronics,Mouse,Logitech,4,1800,5,6840,5600,1240,Credit Card,Usman,3.5
ORD11525,21/10/2025,Wapda Town,C1714,Fatima Malik,Male,Lahore,Beverages,Coca Cola 1.5L,Coca-Cola,5,220,15,935,850,85,Easypaisa,Usman,5
ORD11526,22/07/2025,Wapda Town,C1590,Ahmed Sheikh,Male,Lahore,Home,Detergent 1kg,Surf Excel,5,850,15,3612.5,3400,212.5,JazzCash,Ali,3.6
ORD11527,07/02/2025,DHA,C1678,Sara Butt,Male,Lahore,Beverages,Pepsi 1.5L,Pepsi,5,220,5,1045,850,195,Easypaisa,Ali,3.8
ORD11528,01/09/2025,Johar Town,C1255,Ali Raza,Female,Lahore,Stationery,Pen,Dollar,1,60,10,54,35,19,JazzCash,Ali,4.1
ORD11529,25/12/2025,DHA,C1508,Usman Raza,Male,Lahore,Grocery,Cooking Oil 1L,Dalda,3,650,10,1755,1560,195,JazzCash,Ali,4.1
ORD11530,29/11/2025,Gulberg,C1581,Umar Sheikh,Male,Lahore,Grocery,Cooking Oil 1L,Dalda,3,650,10,1755,1560,195,Easypaisa,Umar,4.8
ORD11531,03/02/2025,Wapda Town,C1587,Fatima Khan,Male,Lahore,Bakery,Bread,Dawn,3,120,20,288,240,48,Easypaisa,Umar,4.7
ORD11532,16/03/2025,DHA,C1424,Fatima Ahmed,Male,Lahore,Grocery,Sugar 1kg,Shan,1,180,15,153,150,3,Credit Card,Usman,4.9
ORD11533,17/11/2025,Wapda Town,C1680,Fatima Malik,Female,Lahore,Home,Soap,Lux,5,180,15,765,650,115,JazzCash,Umar,4
ORD11534,17/09/2025,DHA,C1349,Sara Raza,Female,Lahore,Home,Shampoo,Sunsilk,3,620,0,1860,1500,360,Cash,Ali,3.7
ORD11535,11/03/2025,Model Town,C1370,Hassan Sheikh,Male,Lahore,Stationery,Marker,Dollar,2,120,0,240,160,80,Credit Card,Ali,3.6
ORD11536,10/02/2025,Wapda Town,C1551,Fatima Sheikh,Male,Lahore,Home,Shampoo,Sunsilk,1,620,5,589,500,89,Easypaisa,Zain,3.9
ORD11537,30/12/2025,Wapda Town,C1267,Hamza Iqbal,Male,Lahore,Stationery,Notebook,Dollar,1,180,20,144,120,24,Easypaisa,Umar,3.5
ORD11538,13/01/2025,Johar Town,C1306,Fatima Raza,Male,Lahore,Bakery,Cake,Gourmet,5,900,10,4050,3500,550,Cash,Bilal,4.9
ORD11539,12/07/2025,Model Town,C1442,Ayesha Sheikh,Male,Lahore,Stationery,Pen,Dollar,5,60,20,240,175,65,Credit Card,Hamza,3.9
ORD11540,08/01/2025,Model Town,C1775,Ayesha Iqbal,Male,Lahore,Electronics,Keyboard,A4Tech,4,2800,10,10080,8800,1280,JazzCash,Umar,4.7
ORD11541,07/06/2025,Wapda Town,C1030,Umar Butt,Male,Lahore,Electronics,Mouse,Logitech,2,1800,20,2880,2800,80,Credit Card,Bilal,4.7
ORD11542,15/07/2025,DHA,C1718,Bilal Khan,Male,Lahore,Beverages,Nestle Water 1.5L,Nestle,2,90,15,153,120,33,Easypaisa,Zain,4.4
ORD11543,27/06/2025,Johar Town,C1192,Ahmed Butt,Male,Lahore,Beverages,Pepsi 1.5L,Pepsi,1,220,15,187,170,17,Credit Card,Usman,4.9
ORD11544,20/08/2025,Model Town,C1138,Hamza Ahmed,Female,Lahore,Home,Soap,Lux,4,180,10,648,520,128,Cash,Ali,3.6
ORD11545,24/05/2025,Wapda Town,C1258,Fatima Sheikh,Male,Lahore,Stationery,Notebook,Dollar,1,180,10,162,120,42,Cash,Ahmed,3.7
ORD11546,29/10/2025,Wapda Town,C1131,Hassan Ahmed,Male,Lahore,Bakery,Cookies,LU,4,250,15,850,720,130,JazzCash,Zain,4.2
ORD11547,07/01/2025,DHA,C1169,Zain Sheikh,Male,Lahore,Electronics,Keyboard,A4Tech,2,2800,15,4760,4400,360,Debit Card,Ali,4.9
ORD11548,28/01/2025,Model Town,C1351,Hassan Sheikh,Female,Lahore,Beverages,Nestle Water 1.5L,Nestle,3,90,5,256.5,180,76.5,JazzCash,Hamza,4.8
ORD11549,30/09/2025,Johar Town,C1378,Bilal Butt,Female,Lahore,Grocery,Tea 475g,Tapal,5,980,10,4410,4100,310,Debit Card,Ali,4.5
ORD11550,22/12/2025,DHA,C1771,Bilal Khan,Male,Lahore,Beverages,Nestle Water 1.5L,Nestle,3,90,10,243,180,63,Easypaisa,Bilal,4
ORD11551,08/07/2025,Johar Town,C1202,Ahmed Ahmed,Male,Lahore,Electronics,Power Bank,Xiaomi,4,4500,10,16200,14400,1800,Debit Card,Usman,4.9
ORD11552,18/08/2025,Wapda Town,C1752,Ahmed Chaudhry,Female,Lahore,Electronics,Power Bank,Xiaomi,5,4500,15,19125,18000,1125,Easypaisa,Hassan,3.9
ORD11553,31/05/2025,Johar Town,C1032,Hassan Sheikh,Male,Lahore,Stationery,Marker,Dollar,2,120,15,204,160,44,Cash,Umar,4
ORD11554,07/01/2025,Wapda Town,C1397,Hassan Khan,Female,Lahore,Stationery,Marker,Dollar,1,120,0,120,80,40,Credit Card,Hassan,3.5
ORD11555,08/11/2025,Johar Town,C1274,Sara Malik,Female,Lahore,Beverages,Coca Cola 1.5L,Coca-Cola,5,220,20,880,850,30,Debit Card,Bilal,3.5
ORD11556,25/12/2025,Gulberg,C1733,Umar Chaudhry,Female,Lahore,Stationery,Marker,Dollar,1,120,20,96,80,16,JazzCash,Bilal,4.3
ORD11557,04/02/2025,DHA,C1261,Zain Iqbal,Female,Lahore,Home,Soap,Lux,2,180,10,324,260,64,Credit Card,Hamza,3.6
ORD11558,30/09/2025,Model Town,C1618,Sara Malik,Female,Lahore,Beverages,Nestle Water 1.5L,Nestle,3,90,0,270,180,90,JazzCash,Ali,3.5
ORD11559,18/12/2025,Wapda Town,C1127,Usman Chaudhry,Female,Lahore,Stationery,Marker,Dollar,3,120,5,342,240,102,JazzCash,Hamza,4.7
ORD11560,18/10/2025,Wapda Town,C1796,Usman Khan,Female,Lahore,Bakery,Cookies,LU,5,250,20,1000,900,100,Credit Card,Umar,4.4
ORD11561,10/03/2025,Johar Town,C1260,Umar Malik,Male,Lahore,Home,Detergent 1kg,Surf Excel,3,850,15,2167.5,2040,127.5,Cash,Hamza,4.6
ORD11562,31/03/2025,Johar Town,C1607,Ayesha Butt,Male,Lahore,Electronics,Mouse,Logitech,2,1800,20,2880,2800,80,Debit Card,Ali,3.7
ORD11563,27/02/2025,Gulberg,C1402,Usman Malik,Male,Lahore,Stationery,Marker,Dollar,5,120,15,510,400,110,JazzCash,Ahmed,4.6
ORD11564,13/10/2025,Gulberg,C1120,Ali Butt,Male,Lahore,Beverages,Pepsi 1.5L,Pepsi,2,220,0,440,340,100,Debit Card,Ahmed,3.5
ORD11565,21/12/2025,Model Town,C1118,Ali Khan,Female,Lahore,Bakery,Cookies,LU,4,250,15,850,720,130,Easypaisa,Ali,3.5
ORD11566,12/02/2025,Gulberg,C1296,Ali Malik,Female,Lahore,Electronics,Mouse,Logitech,3,1800,15,4590,4200,390,Credit Card,Hassan,4.5
ORD11567,13/02/2025,DHA,C1432,Fatima Butt,Male,Lahore,Bakery,Cake,Gourmet,1,900,15,765,700,65,Credit Card,Bilal,4.1
ORD11568,29/10/2025,Gulberg,C1204,Maryam Khan,Female,Lahore,Electronics,Power Bank,Xiaomi,1,4500,0,4500,3600,900,Easypaisa,Usman,3.5
ORD11569,23/05/2025,Model Town,C1077,Hamza Khan,Male,Lahore,Electronics,Power Bank,Xiaomi,5,4500,15,19125,18000,1125,Easypaisa,Hamza,5
ORD11570,09/12/2025,Gulberg,C1014,Zain Sheikh,Female,Lahore,Home,Soap,Lux,3,180,0,540,390,150,Credit Card,Ali,4.6
ORD11571,27/12/2025,Wapda Town,C1332,Ahmed Sheikh,Female,Lahore,Beverages,Coca Cola 1.5L,Coca-Cola,1,220,15,187,170,17,JazzCash,Umar,3.6
ORD11572,11/11/2025,Model Town,C1430,Fatima Malik,Female,Lahore,Grocery,Sugar 1kg,Shan,5,180,5,855,750,105,JazzCash,Usman,4.1
ORD11573,18/10/2025,Model Town,C1622,Ayesha Khan,Male,Lahore,Bakery,Cake,Gourmet,4,900,5,3420,2800,620,JazzCash,Hamza,4.3
ORD11574,24/09/2025,Wapda Town,C1699,Zain Chaudhry,Male,Lahore,Stationery,Marker,Dollar,1,120,15,102,80,22,Credit Card,Ahmed,4.1
ORD11575,30/10/2025,Gulberg,C1584,Ayesha Sheikh,Male,Lahore,Home,Detergent 1kg,Surf Excel,3,850,15,2167.5,2040,127.5,JazzCash,Hassan,3.7
ORD11576,14/02/2025,Wapda Town,C1592,Fatima Butt,Female,Lahore,Beverages,Coca Cola 1.5L,Coca-Cola,3,220,15,561,510,51,Cash,Bilal,5
ORD11577,11/10/2025,Model Town,C1370,Hamza Iqbal,Male,Lahore,Grocery,Sugar 1kg,Shan,2,180,0,360,300,60,Easypaisa,Umar,4.2
ORD11578,28/12/2025,Model Town,C1617,Usman Ahmed,Male,Lahore,Grocery,Cooking Oil 1L,Dalda,4,650,10,2340,2080,260,JazzCash,Usman,3.9
ORD11579,08/11/2025,Model Town,C1273,Usman Butt,Male,Lahore,Stationery,Marker,Dollar,4,120,5,456,320,136,JazzCash,Umar,4
ORD11580,28/10/2025,DHA,C1273,Usman Ahmed,Female,Lahore,Grocery,Tea 475g,Tapal,1,980,10,882,820,62,Credit Card,Zain,4.2
ORD11581,24/01/2025,Gulberg,C1592,Usman Butt,Female,Lahore,Electronics,Keyboard,A4Tech,5,2800,5,13300,11000,2300,Easypaisa,Ahmed,4.6
ORD11582,10/01/2025,Johar Town,C1722,Hamza Sheikh,Female,Lahore,Stationery,Notebook,Dollar,1,180,15,153,120,33,Cash,Umar,3.8
ORD11583,11/03/2025,Johar Town,C1574,Sara Iqbal,Female,Lahore,Electronics,Keyboard,A4Tech,2,2800,20,4480,4400,80,Cash,Ahmed,3.6
ORD11584,24/09/2025,DHA,C1735,Ayesha Malik,Male,Lahore,Stationery,Marker,Dollar,2,120,5,228,160,68,Debit Card,Hamza,3.6
ORD11585,05/10/2025,Gulberg,C1360,Fatima Khan,Male,Lahore,Electronics,Mouse,Logitech,4,1800,0,7200,5600,1600,Cash,Zain,5
ORD11586,09/11/2025,DHA,C1191,Umar Ahmed,Male,Lahore,Beverages,Coca Cola 1.5L,Coca-Cola,1,220,0,220,170,50,Credit Card,Hassan,4.9
ORD11587,14/08/2025,Gulberg,C1474,Ahmed Sheikh,Female,Lahore,Grocery,Cooking Oil 1L,Dalda,2,650,0,1300,1040,260,Cash,Ahmed,4.9
ORD11588,12/05/2025,Wapda Town,C1320,Fatima Iqbal,Female,Lahore,Stationery,Marker,Dollar,1,120,20,96,80,16,Debit Card,Usman,4.7
ORD11589,25/09/2025,Wapda Town,C1219,Umar Iqbal,Male,Lahore,Home,Soap,Lux,5,180,20,720,650,70,JazzCash,Bilal,3.9
ORD11590,30/08/2025,Wapda Town,C1145,Ayesha Malik,Female,Lahore,Grocery,Tea 475g,Tapal,1,980,20,784,820,-36,JazzCash,Ali,3.8
ORD11591,06/02/2025,Johar Town,C1361,Fatima Sheikh,Male,Lahore,Grocery,Sugar 1kg,Shan,3,180,0,540,450,90,Debit Card,Ali,4.2
ORD11592,01/06/2025,DHA,C1537,Hassan Iqbal,Male,Lahore,Beverages,Nestle Water 1.5L,Nestle,3,90,15,229.5,180,49.5,Easypaisa,Ahmed,4.1
ORD11593,20/05/2025,Model Town,C1199,Sara Malik,Female,Lahore,Bakery,Cookies,LU,1,250,15,212.5,180,32.5,Credit Card,Hassan,4.3
ORD11594,01/04/2025,Model Town,C1142,Fatima Khan,Female,Lahore,Electronics,Mouse,Logitech,4,1800,10,6480,5600,880,Credit Card,Ahmed,4.2
ORD11595,16/08/2025,DHA,C1460,Sara Iqbal,Female,Lahore,Electronics,Power Bank,Xiaomi,1,4500,15,3825,3600,225,Cash,Zain,4.9
ORD11596,23/03/2025,Wapda Town,C1035,Fatima Iqbal,Female,Lahore,Beverages,Nestle Water 1.5L,Nestle,2,90,0,180,120,60,Cash,Ahmed,4.2
ORD11597,25/12/2025,Gulberg,C1240,Ahmed Ahmed,Male,Lahore,Electronics,Power Bank,Xiaomi,1,4500,20,3600,3600,0,Easypaisa,Hamza,3.6
ORD11598,18/12/2025,Model Town,C1699,Umar Khan,Male,Lahore,Grocery,Cooking Oil 1L,Dalda,3,650,10,1755,1560,195,Debit Card,Ahmed,4.1
ORD11599,14/11/2025,Gulberg,C1699,Usman Khan,Male,Lahore,Electronics,Mouse,Logitech,3,1800,10,4860,4200,660,Debit Card,Usman,4.2
ORD11600,10/06/2025,Johar Town,C1428,Maryam Khan,Male,Lahore,Bakery,Cookies,LU,1,250,0,250,180,70,Credit Card,Ali,4
ORD11601,04/04/2025,Model Town,C1649,Sara Iqbal,Male,Lahore,Electronics,Power Bank,Xiaomi,5,4500,10,20250,18000,2250,Easypaisa,Bilal,3.6
ORD11602,10/09/2025,Model Town,C1610,Fatima Khan,Female,Lahore,Grocery,Tea 475g,Tapal,2,980,5,1862,1640,222,JazzCash,Zain,4.5
ORD11603,29/04/2025,Model Town,C1295,Zain Malik,Female,Lahore,Stationery,Notebook,Dollar,1,180,0,180,120,60,Cash,Hassan,4.5
ORD11604,24/10/2025,Johar Town,C1033,Hassan Sheikh,Male,Lahore,Grocery,Basmati Rice 5kg,Guard,3,3200,10,8640,7800,840,JazzCash,Bilal,3.6
ORD11605,05/10/2025,Johar Town,C1670,Hamza Butt,Female,Lahore,Electronics,Power Bank,Xiaomi,5,4500,0,22500,18000,4500,Credit Card,Hassan,4.9
ORD11606,18/12/2025,DHA,C1398,Ahmed Khan,Male,Lahore,Bakery,Cookies,LU,2,250,0,500,360,140,Easypaisa,Umar,4.4
ORD11607,23/10/2025,Model Town,C1561,Ali Ahmed,Female,Lahore,Grocery,Basmati Rice 5kg,Guard,4,3200,20,10240,10400,-160,Easypaisa,Umar,3.9
ORD11608,23/12/2025,Johar Town,C1734,Hassan Malik,Female,Lahore,Beverages,Coca Cola 1.5L,Coca-Cola,5,220,10,990,850,140,Credit Card,Zain,4.8
ORD11609,11/01/2025,Model Town,C1777,Usman Iqbal,Female,Lahore,Grocery,Tea 475g,Tapal,4,980,15,3332,3280,52,Cash,Hassan,3.7
ORD11610,28/06/2025,Model Town,C1321,Bilal Butt,Female,Lahore,Grocery,Basmati Rice 5kg,Guard,4,3200,5,12160,10400,1760,Debit Card,Bilal,3.7
ORD11611,03/10/2025,Johar Town,C1678,Sara Butt,Male,Lahore,Electronics,Mouse,Logitech,5,1800,0,9000,7000,2000,Debit Card,Bilal,4
ORD11612,18/02/2025,Gulberg,C1659,Umar Khan,Female,Lahore,Grocery,Basmati Rice 5kg,Guard,1,3200,20,2560,2600,-40,Debit Card,Ahmed,4.5
ORD11613,04/10/2025,Johar Town,C1015,Usman Ahmed,Male,Lahore,Bakery,Cookies,LU,5,250,10,1125,900,225,Easypaisa,Hamza,4.2
ORD11614,11/03/2025,Model Town,C1343,Sara Chaudhry,Female,Lahore,Bakery,Bread,Dawn,3,120,10,324,240,84,JazzCash,Usman,3.6
ORD11615,31/10/2025,Johar Town,C1405,Ali Malik,Male,Lahore,Stationery,Marker,Dollar,4,120,10,432,320,112,Easypaisa,Usman,4.7
ORD11616,22/12/2025,Wapda Town,C1192,Ahmed Raza,Female,Lahore,Beverages,Coca Cola 1.5L,Coca-Cola,3,220,10,594,510,84,Easypaisa,Ahmed,4.5
ORD11617,06/03/2025,DHA,C1166,Hassan Khan,Male,Lahore,Grocery,Tea 475g,Tapal,1,980,0,980,820,160,Debit Card,Hamza,4.6
ORD11618,28/03/2025,Wapda Town,C1128,Fatima Chaudhry,Male,Lahore,Grocery,Cooking Oil 1L,Dalda,1,650,10,585,520,65,Credit Card,Ali,4.2
ORD11619,27/02/2025,DHA,C1341,Fatima Ahmed,Female,Lahore,Bakery,Cookies,LU,2,250,20,400,360,40,JazzCash,Umar,4.5
ORD11620,29/08/2025,Wapda Town,C1530,Ali Khan,Female,Lahore,Beverages,Nestle Water 1.5L,Nestle,1,90,15,76.5,60,16.5,Debit Card,Umar,4.3
ORD11621,25/12/2025,Model Town,C1624,Usman Chaudhry,Male,Lahore,Bakery,Bread,Dawn,1,120,20,96,80,16,JazzCash,Bilal,4
ORD11622,09/06/2025,Johar Town,C1740,Ayesha Butt,Male,Lahore,Grocery,Basmati Rice 5kg,Guard,5,3200,5,15200,13000,2200,Cash,Usman,4.3
ORD11623,11/11/2025,Johar Town,C1679,Usman Khan,Female,Lahore,Electronics,Power Bank,Xiaomi,2,4500,5,8550,7200,1350,Cash,Bilal,3.9
ORD11624,23/05/2025,Gulberg,C1068,Umar Iqbal,Male,Lahore,Stationery,Notebook,Dollar,2,180,20,288,240,48,Cash,Usman,4.6
ORD11625,07/01/2025,DHA,C1732,Maryam Butt,Male,Lahore,Beverages,Pepsi 1.5L,Pepsi,2,220,0,440,340,100,Debit Card,Usman,4.6
ORD11626,12/09/2025,DHA,C1736,Hassan Khan,Male,Lahore,Electronics,Mouse,Logitech,1,1800,5,1710,1400,310,JazzCash,Ali,4.1
ORD11627,25/01/2025,Gulberg,C1699,Ali Iqbal,Male,Lahore,Home,Soap,Lux,4,180,5,684,520,164,Easypaisa,Umar,4.2
ORD11628,23/07/2025,Johar Town,C1136,Ahmed Khan,Male,Lahore,Bakery,Bread,Dawn,5,120,20,480,400,80,JazzCash,Ali,4.1
ORD11629,18/12/2025,Model Town,C1623,Ali Butt,Male,Lahore,Stationery,Notebook,Dollar,4,180,10,648,480,168,Cash,Ahmed,3.9
ORD11630,05/10/2025,Model Town,C1167,Usman Ahmed,Male,Lahore,Electronics,Mouse,Logitech,5,1800,15,7650,7000,650,Cash,Hamza,4.2
ORD11631,14/09/2025,DHA,C1428,Umar Chaudhry,Male,Lahore,Grocery,Sugar 1kg,Shan,4,180,20,576,600,-24,Easypaisa,Hassan,4.6
ORD11632,20/03/2025,Gulberg,C1311,Sara Raza,Female,Lahore,Grocery,Tea 475g,Tapal,3,980,10,2646,2460,186,Credit Card,Ahmed,4.2
ORD11633,09/08/2025,Johar Town,C1735,Hassan Sheikh,Female,Lahore,Home,Detergent 1kg,Surf Excel,3,850,20,2040,2040,0,Cash,Bilal,4.5
ORD11634,12/07/2025,Johar Town,C1395,Usman Sheikh,Male,Lahore,Beverages,Coca Cola 1.5L,Coca-Cola,2,220,5,418,340,78,Cash,Bilal,5
ORD11635,11/05/2025,Wapda Town,C1713,Hamza Raza,Male,Lahore,Beverages,Coca Cola 1.5L,Coca-Cola,2,220,10,396,340,56,Cash,Ahmed,4.3
ORD11636,10/09/2025,Wapda Town,C1418,Usman Malik,Female,Lahore,Bakery,Cake,Gourmet,5,900,0,4500,3500,1000,Cash,Hamza,3.9
ORD11637,13/04/2025,DHA,C1472,Usman Iqbal,Male,Lahore,Bakery,Cookies,LU,2,250,5,475,360,115,Credit Card,Hassan,3.8
ORD11638,14/05/2025,Gulberg,C1724,Hamza Chaudhry,Female,Lahore,Beverages,Pepsi 1.5L,Pepsi,2,220,0,440,340,100,Cash,Zain,5
ORD11639,17/05/2025,DHA,C1512,Hamza Chaudhry,Female,Lahore,Electronics,Keyboard,A4Tech,4,2800,20,8960,8800,160,JazzCash,Bilal,4.6
ORD11640,22/11/2025,Model Town,C1380,Sara Chaudhry,Female,Lahore,Electronics,Mouse,Logitech,3,1800,5,5130,4200,930,Easypaisa,Hamza,4.9
ORD11641,01/11/2025,Johar Town,C1288,Usman Ahmed,Male,Lahore,Bakery,Cookies,LU,1,250,15,212.5,180,32.5,Credit Card,Bilal,4.1
ORD11642,02/10/2025,Wapda Town,C1314,Fatima Ahmed,Female,Lahore,Stationery,Notebook,Dollar,5,180,10,810,600,210,Debit Card,Hamza,4.4
ORD11643,15/06/2025,DHA,C1458,Usman Ahmed,Male,Lahore,Electronics,Power Bank,Xiaomi,4,4500,15,15300,14400,900,Cash,Umar,4.8
ORD11644,22/05/2025,Gulberg,C1273,Usman Sheikh,Male,Lahore,Beverages,Pepsi 1.5L,Pepsi,3,220,20,528,510,18,Credit Card,Ahmed,5
ORD11645,16/05/2025,Johar Town,C1162,Umar Ahmed,Female,Lahore,Stationery,Marker,Dollar,5,120,5,570,400,170,Credit Card,Bilal,3.8
ORD11646,29/01/2025,Model Town,C1232,Ahmed Khan,Male,Lahore,Home,Shampoo,Sunsilk,4,620,5,2356,2000,356,JazzCash,Ali,4.2
ORD11647,29/09/2025,Gulberg,C1378,Maryam Chaudhry,Male,Lahore,Electronics,Mouse,Logitech,2,1800,0,3600,2800,800,JazzCash,Bilal,4
ORD11648,18/04/2025,Model Town,C1518,Ayesha Raza,Female,Lahore,Electronics,Power Bank,Xiaomi,3,4500,5,12825,10800,2025,Easypaisa,Ahmed,3.7
ORD11649,10/04/2025,Model Town,C1350,Maryam Butt,Male,Lahore,Stationery,Notebook,Dollar,1,180,20,144,120,24,Easypaisa,Umar,4.2
ORD11650,23/10/2025,Johar Town,C1200,Ayesha Khan,Male,Lahore,Home,Soap,Lux,3,180,15,459,390,69,Credit Card,Ahmed,4.5
ORD11651,24/01/2025,Model Town,C1550,Ahmed Khan,Female,Lahore,Stationery,Marker,Dollar,3,120,5,342,240,102,Credit Card,Ahmed,3.6
ORD11652,19/03/2025,Gulberg,C1317,Usman Iqbal,Female,Lahore,Home,Shampoo,Sunsilk,2,620,5,1178,1000,178,Debit Card,Ali,4.1
ORD11653,06/11/2025,Johar Town,C1782,Umar Ahmed,Female,Lahore,Electronics,Mouse,Logitech,5,1800,0,9000,7000,2000,Debit Card,Ahmed,3.8
ORD11654,12/04/2025,Johar Town,C1531,Umar Butt,Male,Lahore,Home,Shampoo,Sunsilk,3,620,10,1674,1500,174,JazzCash,Usman,4.4
ORD11655,20/11/2025,DHA,C1631,Hamza Malik,Male,Lahore,Home,Detergent 1kg,Surf Excel,3,850,5,2422.5,2040,382.5,Debit Card,Usman,3.7
ORD11656,21/12/2025,Wapda Town,C1618,Sara Butt,Male,Lahore,Home,Detergent 1kg,Surf Excel,5,850,5,4037.5,3400,637.5,Credit Card,Zain,4.8
ORD11657,20/12/2025,Johar Town,C1233,Umar Sheikh,Male,Lahore,Stationery,Notebook,Dollar,3,180,5,513,360,153,JazzCash,Zain,5
ORD11658,29/08/2025,Model Town,C1047,Fatima Butt,Female,Lahore,Home,Detergent 1kg,Surf Excel,1,850,20,680,680,0,JazzCash,Umar,4.7
ORD11659,03/03/2025,Gulberg,C1102,Ali Chaudhry,Male,Lahore,Bakery,Bread,Dawn,2,120,15,204,160,44,Debit Card,Hamza,3.6
ORD11660,27/11/2025,Johar Town,C1724,Ahmed Chaudhry,Female,Lahore,Bakery,Bread,Dawn,5,120,20,480,400,80,Credit Card,Bilal,4.7
ORD11661,02/09/2025,Johar Town,C1149,Hassan Malik,Male,Lahore,Beverages,Coca Cola 1.5L,Coca-Cola,4,220,10,792,680,112,Debit Card,Usman,4.9
ORD11662,18/09/2025,DHA,C1158,Hamza Butt,Male,Lahore,Grocery,Basmati Rice 5kg,Guard,5,3200,10,14400,13000,1400,Debit Card,Zain,4.1
ORD11663,13/07/2025,DHA,C1672,Ali Sheikh,Male,Lahore,Beverages,Nestle Water 1.5L,Nestle,3,90,5,256.5,180,76.5,Easypaisa,Hassan,3.6
ORD11664,28/11/2025,Model Town,C1283,Ahmed Malik,Male,Lahore,Grocery,Basmati Rice 5kg,Guard,3,3200,15,8160,7800,360,Easypaisa,Zain,3.8
ORD11665,14/10/2025,Johar Town,C1014,Zain Ahmed,Male,Lahore,Electronics,Mouse,Logitech,5,1800,10,8100,7000,1100,Easypaisa,Usman,4.1
ORD11666,30/01/2025,Wapda Town,C1738,Ayesha Iqbal,Female,Lahore,Bakery,Cookies,LU,4,250,5,950,720,230,Cash,Zain,4.6
ORD11667,01/09/2025,Wapda Town,C1075,Usman Ahmed,Female,Lahore,Grocery,Sugar 1kg,Shan,3,180,10,486,450,36,Cash,Hamza,5
ORD11668,18/05/2025,DHA,C1439,Bilal Khan,Male,Lahore,Grocery,Basmati Rice 5kg,Guard,5,3200,10,14400,13000,1400,JazzCash,Hamza,4.4
ORD11669,19/04/2025,Model Town,C1367,Usman Khan,Female,Lahore,Bakery,Cookies,LU,4,250,20,800,720,80,Cash,Usman,3.5
ORD11670,28/03/2025,Wapda Town,C1668,Ayesha Ahmed,Male,Lahore,Home,Detergent 1kg,Surf Excel,1,850,0,850,680,170,Cash,Usman,4
ORD11671,14/04/2025,Model Town,C1474,Fatima Chaudhry,Female,Lahore,Bakery,Bread,Dawn,4,120,20,384,320,64,Cash,Umar,3.8
ORD11672,26/03/2025,Gulberg,C1617,Usman Butt,Female,Lahore,Home,Soap,Lux,4,180,5,684,520,164,Easypaisa,Ahmed,4.2
ORD11673,23/06/2025,Wapda Town,C1487,Zain Sheikh,Female,Lahore,Stationery,Marker,Dollar,5,120,20,480,400,80,Debit Card,Hassan,4.9
ORD11674,17/12/2025,Gulberg,C1618,Ahmed Sheikh,Female,Lahore,Bakery,Cake,Gourmet,3,900,5,2565,2100,465,Credit Card,Hassan,3.5
ORD11675,20/09/2025,Johar Town,C1239,Ahmed Butt,Male,Lahore,Stationery,Marker,Dollar,5,120,10,540,400,140,Debit Card,Ali,4.4
ORD11676,30/06/2025,DHA,C1290,Sara Chaudhry,Female,Lahore,Grocery,Sugar 1kg,Shan,4,180,15,612,600,12,Easypaisa,Ahmed,4.6
ORD11677,01/01/2025,Model Town,C1314,Bilal Sheikh,Female,Lahore,Beverages,Coca Cola 1.5L,Coca-Cola,5,220,15,935,850,85,Easypaisa,Bilal,4.4
ORD11678,31/10/2025,Johar Town,C1395,Hamza Sheikh,Male,Lahore,Home,Soap,Lux,1,180,15,153,130,23,Credit Card,Zain,3.5
ORD11679,28/07/2025,Model Town,C1204,Ali Sheikh,Female,Lahore,Beverages,Coca Cola 1.5L,Coca-Cola,3,220,5,627,510,117,JazzCash,Hamza,4.4
ORD11680,26/08/2025,DHA,C1141,Sara Sheikh,Male,Lahore,Home,Detergent 1kg,Surf Excel,1,850,20,680,680,0,Credit Card,Hassan,3.6
ORD11681,09/07/2025,DHA,C1359,Ahmed Butt,Male,Lahore,Bakery,Cookies,LU,1,250,5,237.5,180,57.5,Easypaisa,Hamza,4.5
ORD11682,07/08/2025,Wapda Town,C1297,Fatima Iqbal,Female,Lahore,Electronics,Mouse,Logitech,1,1800,10,1620,1400,220,Credit Card,Bilal,4.1
ORD11683,11/08/2025,DHA,C1764,Hassan Raza,Female,Lahore,Beverages,Coca Cola 1.5L,Coca-Cola,3,220,10,594,510,84,Cash,Bilal,4.4
ORD11684,22/07/2025,Wapda Town,C1249,Maryam Raza,Female,Lahore,Bakery,Cake,Gourmet,5,900,5,4275,3500,775,JazzCash,Umar,3.9
ORD11685,22/10/2025,Wapda Town,C1778,Zain Butt,Male,Lahore,Electronics,Keyboard,A4Tech,3,2800,0,8400,6600,1800,Debit Card,Ahmed,4.4
ORD11686,14/09/2025,Johar Town,C1590,Zain Raza,Male,Lahore,Home,Detergent 1kg,Surf Excel,5,850,15,3612.5,3400,212.5,Debit Card,Usman,3.7
ORD11687,05/01/2025,Johar Town,C1118,Ayesha Khan,Female,Lahore,Bakery,Cookies,LU,2,250,0,500,360,140,Credit Card,Bilal,4.8
ORD11688,23/09/2025,DHA,C1345,Ayesha Butt,Male,Lahore,Electronics,Mouse,Logitech,3,1800,15,4590,4200,390,Cash,Hassan,3.5
ORD11689,04/06/2025,Model Town,C1066,Usman Malik,Male,Lahore,Electronics,Power Bank,Xiaomi,4,4500,10,16200,14400,1800,Cash,Usman,4.8
ORD11690,02/07/2025,Model Town,C1342,Umar Iqbal,Female,Lahore,Grocery,Cooking Oil 1L,Dalda,1,650,5,617.5,520,97.5,Debit Card,Zain,4.4
ORD11691,18/11/2025,Model Town,C1081,Sara Malik,Male,Lahore,Stationery,Pen,Dollar,1,60,20,48,35,13,Credit Card,Zain,4.3
ORD11692,07/04/2025,Model Town,C1227,Ahmed Ahmed,Male,Lahore,Electronics,Power Bank,Xiaomi,3,4500,15,11475,10800,675,JazzCash,Zain,3.6
ORD11693,15/04/2025,Johar Town,C1687,Maryam Butt,Male,Lahore,Electronics,Mouse,Logitech,2,1800,15,3060,2800,260,Debit Card,Hassan,4
ORD11694,30/05/2025,Gulberg,C1020,Bilal Malik,Female,Lahore,Beverages,Coca Cola 1.5L,Coca-Cola,4,220,5,836,680,156,JazzCash,Hamza,4.3
ORD11695,21/12/2025,Gulberg,C1034,Fatima Iqbal,Male,Lahore,Stationery,Marker,Dollar,4,120,20,384,320,64,JazzCash,Bilal,4.1
ORD11696,26/10/2025,Model Town,C1293,Ahmed Chaudhry,Female,Lahore,Grocery,Cooking Oil 1L,Dalda,1,650,15,552.5,520,32.5,Debit Card,Ahmed,4
ORD11697,13/06/2025,DHA,C1049,Usman Butt,Female,Lahore,Grocery,Cooking Oil 1L,Dalda,2,650,20,1040,1040,0,Easypaisa,Hamza,4
ORD11698,18/08/2025,Johar Town,C1137,Fatima Butt,Male,Lahore,Electronics,Power Bank,Xiaomi,2,4500,5,8550,7200,1350,Cash,Usman,3.5
ORD11699,19/06/2025,Johar Town,C1011,Hassan Khan,Male,Lahore,Home,Shampoo,Sunsilk,1,620,5,589,500,89,Debit Card,Bilal,4.1
ORD11700,14/08/2025,DHA,C1011,Ayesha Sheikh,Male,Lahore,Grocery,Basmati Rice 5kg,Guard,4,3200,15,10880,10400,480,Easypaisa,Zain,4.6
ORD11701,11/06/2025,DHA,C1658,Hamza Malik,Male,Lahore,Beverages,Nestle Water 1.5L,Nestle,1,90,5,85.5,60,25.5,Cash,Usman,4.9
ORD11702,25/10/2025,Johar Town,C1030,Hassan Raza,Male,Lahore,Bakery,Cookies,LU,4,250,5,950,720,230,Cash,Usman,4.3
ORD11703,23/08/2025,Johar Town,C1168,Zain Butt,Female,Lahore,Grocery,Basmati Rice 5kg,Guard,1,3200,15,2720,2600,120,Cash,Zain,3.6
ORD11704,31/07/2025,Gulberg,C1488,Zain Chaudhry,Female,Lahore,Electronics,Power Bank,Xiaomi,5,4500,15,19125,18000,1125,Credit Card,Hamza,3.7
ORD11705,04/11/2025,DHA,C1656,Fatima Malik,Female,Lahore,Beverages,Coca Cola 1.5L,Coca-Cola,1,220,15,187,170,17,Debit Card,Umar,4.4
ORD11706,23/06/2025,DHA,C1614,Ali Iqbal,Female,Lahore,Bakery,Bread,Dawn,2,120,5,228,160,68,Easypaisa,Bilal,4.6
ORD11707,17/09/2025,Model Town,C1256,Zain Malik,Female,Lahore,Stationery,Marker,Dollar,2,120,5,228,160,68,JazzCash,Ali,4.7
ORD11708,21/02/2025,Gulberg,C1544,Ayesha Khan,Male,Lahore,Beverages,Pepsi 1.5L,Pepsi,1,220,0,220,170,50,Credit Card,Hamza,4.7
ORD11709,11/11/2025,Model Town,C1299,Maryam Khan,Male,Lahore,Grocery,Basmati Rice 5kg,Guard,4,3200,0,12800,10400,2400,JazzCash,Usman,4
ORD11710,28/10/2025,Johar Town,C1613,Hamza Ahmed,Female,Lahore,Bakery,Cake,Gourmet,3,900,10,2430,2100,330,Cash,Usman,3.8
ORD11711,10/09/2025,Johar Town,C1571,Ayesha Butt,Male,Lahore,Home,Shampoo,Sunsilk,3,620,5,1767,1500,267,Cash,Zain,4.8
ORD11712,18/03/2025,Model Town,C1696,Hamza Raza,Female,Lahore,Beverages,Pepsi 1.5L,Pepsi,4,220,5,836,680,156,Debit Card,Hassan,4.6
ORD11713,01/01/2025,DHA,C1302,Bilal Chaudhry,Male,Lahore,Stationery,Marker,Dollar,2,120,5,228,160,68,Credit Card,Umar,4.3
ORD11714,25/10/2025,Gulberg,C1171,Ali Iqbal,Female,Lahore,Electronics,Mouse,Logitech,3,1800,15,4590,4200,390,JazzCash,Zain,3.6
ORD11715,10/06/2025,DHA,C1639,Maryam Butt,Female,Lahore,Beverages,Nestle Water 1.5L,Nestle,4,90,15,306,240,66,Easypaisa,Hassan,3.7
ORD11716,03/11/2025,DHA,C1190,Ayesha Chaudhry,Female,Lahore,Stationery,Pen,Dollar,4,60,5,228,140,88,Credit Card,Usman,3.7
ORD11717,03/07/2025,Gulberg,C1409,Hamza Ahmed,Male,Lahore,Bakery,Bread,Dawn,1,120,15,102,80,22,JazzCash,Usman,3.5
ORD11718,08/07/2025,Wapda Town,C1293,Ahmed Ahmed,Female,Lahore,Bakery,Cake,Gourmet,2,900,5,1710,1400,310,Easypaisa,Hassan,3.6
ORD11719,30/10/2025,Johar Town,C1447,Hassan Chaudhry,Male,Lahore,Electronics,Keyboard,A4Tech,5,2800,15,11900,11000,900,Easypaisa,Usman,4.7
ORD11720,01/06/2025,Model Town,C1078,Hamza Raza,Male,Lahore,Stationery,Notebook,Dollar,1,180,15,153,120,33,JazzCash,Zain,3.6
ORD11721,15/04/2025,Gulberg,C1045,Bilal Malik,Male,Lahore,Stationery,Notebook,Dollar,2,180,20,288,240,48,Cash,Ali,3.8
ORD11722,19/03/2025,DHA,C1524,Zain Ahmed,Female,Lahore,Grocery,Cooking Oil 1L,Dalda,1,650,10,585,520,65,JazzCash,Usman,4.8
ORD11723,06/10/2025,DHA,C1009,Ahmed Ahmed,Female,Lahore,Home,Shampoo,Sunsilk,4,620,15,2108,2000,108,Credit Card,Ahmed,4.1
ORD11724,06/06/2025,Model Town,C1182,Sara Chaudhry,Female,Lahore,Beverages,Nestle Water 1.5L,Nestle,1,90,0,90,60,30,JazzCash,Umar,3.9
ORD11725,10/06/2025,DHA,C1409,Maryam Raza,Male,Lahore,Bakery,Cookies,LU,4,250,15,850,720,130,JazzCash,Hamza,4.6
ORD11726,22/04/2025,Wapda Town,C1145,Maryam Sheikh,Male,Lahore,Electronics,Power Bank,Xiaomi,2,4500,0,9000,7200,1800,Debit Card,Ali,3.8
ORD11727,09/01/2025,DHA,C1168,Sara Raza,Male,Lahore,Electronics,Power Bank,Xiaomi,1,4500,0,4500,3600,900,Cash,Bilal,4.6
ORD11728,19/09/2025,Model Town,C1630,Ayesha Butt,Female,Lahore,Bakery,Cake,Gourmet,1,900,0,900,700,200,JazzCash,Bilal,4.4
ORD11729,27/09/2025,Gulberg,C1754,Fatima Khan,Male,Lahore,Grocery,Cooking Oil 1L,Dalda,5,650,5,3087.5,2600,487.5,Debit Card,Hamza,4.1
ORD11730,11/01/2025,Gulberg,C1006,Hamza Malik,Male,Lahore,Stationery,Marker,Dollar,2,120,0,240,160,80,JazzCash,Zain,3.8
ORD11731,22/07/2025,Gulberg,C1335,Usman Raza,Male,Lahore,Beverages,Pepsi 1.5L,Pepsi,1,220,10,198,170,28,JazzCash,Hassan,4.3
ORD11732,01/01/2025,Wapda Town,C1176,Zain Khan,Male,Lahore,Electronics,Power Bank,Xiaomi,2,4500,15,7650,7200,450,Easypaisa,Hamza,4.3
ORD11733,10/08/2025,Johar Town,C1182,Fatima Malik,Female,Lahore,Beverages,Coca Cola 1.5L,Coca-Cola,4,220,5,836,680,156,Debit Card,Hassan,4.7
ORD11734,28/07/2025,Gulberg,C1647,Fatima Sheikh,Male,Lahore,Stationery,Notebook,Dollar,5,180,10,810,600,210,Easypaisa,Umar,3.7
ORD11735,11/08/2025,Gulberg,C1195,Usman Butt,Male,Lahore,Bakery,Cookies,LU,1,250,0,250,180,70,Debit Card,Usman,3.6
ORD11736,04/10/2025,Johar Town,C1473,Maryam Ahmed,Female,Lahore,Bakery,Cake,Gourmet,2,900,10,1620,1400,220,Credit Card,Ahmed,4.1
ORD11737,04/09/2025,Model Town,C1774,Zain Iqbal,Male,Lahore,Home,Soap,Lux,1,180,0,180,130,50,Cash,Ali,4.8
ORD11738,17/05/2025,Model Town,C1622,Ayesha Sheikh,Male,Lahore,Beverages,Pepsi 1.5L,Pepsi,5,220,5,1045,850,195,Easypaisa,Ali,4
ORD11739,31/10/2025,Wapda Town,C1710,Bilal Iqbal,Female,Lahore,Home,Shampoo,Sunsilk,5,620,5,2945,2500,445,Debit Card,Ahmed,5
ORD11740,19/03/2025,Model Town,C1547,Umar Butt,Female,Lahore,Stationery,Pen,Dollar,4,60,10,216,140,76,JazzCash,Ali,3.7
ORD11741,18/08/2025,Wapda Town,C1580,Usman Iqbal,Female,Lahore,Beverages,Coca Cola 1.5L,Coca-Cola,5,220,20,880,850,30,Debit Card,Bilal,4.5
ORD11742,18/11/2025,Johar Town,C1594,Sara Khan,Female,Lahore,Stationery,Notebook,Dollar,4,180,10,648,480,168,Credit Card,Umar,3.7
ORD11743,13/11/2025,Gulberg,C1783,Ayesha Sheikh,Female,Lahore,Home,Soap,Lux,5,180,10,810,650,160,Cash,Ahmed,4.3
ORD11744,01/11/2025,Wapda Town,C1361,Zain Raza,Female,Lahore,Home,Soap,Lux,4,180,10,648,520,128,Credit Card,Ali,4.9
ORD11745,10/04/2025,Model Town,C1474,Hassan Raza,Female,Lahore,Bakery,Cake,Gourmet,3,900,0,2700,2100,600,JazzCash,Zain,3.8
ORD11746,25/10/2025,DHA,C1796,Sara Khan,Female,Lahore,Bakery,Cake,Gourmet,1,900,15,765,700,65,Credit Card,Zain,3.5
ORD11747,06/11/2025,Gulberg,C1335,Usman Ahmed,Male,Lahore,Beverages,Nestle Water 1.5L,Nestle,5,90,15,382.5,300,82.5,Debit Card,Hamza,3.7
ORD11748,23/08/2025,Wapda Town,C1617,Ali Khan,Male,Lahore,Grocery,Tea 475g,Tapal,4,980,10,3528,3280,248,Credit Card,Bilal,4
ORD11749,23/02/2025,Wapda Town,C1569,Hassan Khan,Female,Lahore,Beverages,Pepsi 1.5L,Pepsi,5,220,20,880,850,30,Easypaisa,Bilal,4.5
ORD11750,04/10/2025,Model Town,C1269,Maryam Ahmed,Female,Lahore,Bakery,Bread,Dawn,5,120,20,480,400,80,Easypaisa,Hassan,3.5
ORD11751,17/08/2025,Johar Town,C1048,Zain Iqbal,Female,Lahore,Electronics,Mouse,Logitech,1,1800,0,1800,1400,400,Easypaisa,Ali,4.4
ORD11752,02/11/2025,DHA,C1397,Bilal Ahmed,Female,Lahore,Electronics,Power Bank,Xiaomi,2,4500,0,9000,7200,1800,JazzCash,Hassan,4.7
ORD11753,05/10/2025,Wapda Town,C1054,Fatima Chaudhry,Male,Lahore,Stationery,Pen,Dollar,4,60,15,204,140,64,Cash,Umar,3.7
ORD11754,26/11/2025,Model Town,C1382,Maryam Ahmed,Male,Lahore,Grocery,Basmati Rice 5kg,Guard,1,3200,5,3040,2600,440,Debit Card,Bilal,4.9
ORD11755,05/06/2025,Gulberg,C1403,Ayesha Raza,Female,Lahore,Electronics,Mouse,Logitech,5,1800,20,7200,7000,200,Easypaisa,Hamza,4.7
ORD11756,11/07/2025,Johar Town,C1797,Usman Ahmed,Female,Lahore,Beverages,Coca Cola 1.5L,Coca-Cola,1,220,15,187,170,17,Credit Card,Hamza,4.8
ORD11757,12/03/2025,Johar Town,C1128,Sara Khan,Female,Lahore,Electronics,Keyboard,A4Tech,2,2800,5,5320,4400,920,Debit Card,Hassan,4.9
ORD11758,28/11/2025,DHA,C1511,Bilal Chaudhry,Female,Lahore,Stationery,Pen,Dollar,4,60,0,240,140,100,Credit Card,Bilal,4.5
ORD11759,16/06/2025,Model Town,C1335,Usman Ahmed,Male,Lahore,Electronics,Power Bank,Xiaomi,2,4500,20,7200,7200,0,JazzCash,Hassan,4
ORD11760,08/09/2025,DHA,C1224,Ahmed Butt,Male,Lahore,Grocery,Cooking Oil 1L,Dalda,3,650,10,1755,1560,195,Cash,Hassan,4.1
ORD11761,04/12/2025,Johar Town,C1798,Zain Butt,Female,Lahore,Beverages,Pepsi 1.5L,Pepsi,1,220,15,187,170,17,Easypaisa,Usman,4.1
ORD11762,19/05/2025,Wapda Town,C1355,Fatima Iqbal,Female,Lahore,Bakery,Cake,Gourmet,5,900,5,4275,3500,775,JazzCash,Zain,3.8
ORD11763,27/10/2025,Johar Town,C1730,Hamza Ahmed,Female,Lahore,Stationery,Pen,Dollar,2,60,10,108,70,38,Cash,Zain,4.2
ORD11764,11/11/2025,DHA,C1054,Fatima Khan,Female,Lahore,Grocery,Tea 475g,Tapal,1,980,0,980,820,160,Credit Card,Ali,3.9
ORD11765,21/08/2025,DHA,C1654,Hassan Iqbal,Male,Lahore,Electronics,Keyboard,A4Tech,4,2800,5,10640,8800,1840,Credit Card,Umar,4.8
ORD11766,01/06/2025,Wapda Town,C1308,Maryam Chaudhry,Male,Lahore,Grocery,Tea 475g,Tapal,1,980,10,882,820,62,Credit Card,Bilal,4.8
ORD11767,05/11/2025,Model Town,C1523,Fatima Khan,Male,Lahore,Beverages,Pepsi 1.5L,Pepsi,3,220,5,627,510,117,Debit Card,Ali,4.3
ORD11768,04/08/2025,Wapda Town,C1616,Usman Sheikh,Male,Lahore,Grocery,Basmati Rice 5kg,Guard,2,3200,5,6080,5200,880,JazzCash,Umar,4.3
ORD11769,31/03/2025,Model Town,C1557,Ayesha Malik,Male,Lahore,Bakery,Bread,Dawn,3,120,5,342,240,102,Credit Card,Hamza,3.8
ORD11770,17/12/2025,Model Town,C1709,Bilal Sheikh,Female,Lahore,Grocery,Sugar 1kg,Shan,2,180,0,360,300,60,Debit Card,Zain,4.6
ORD11771,05/09/2025,Wapda Town,C1110,Hamza Sheikh,Female,Lahore,Bakery,Bread,Dawn,1,120,20,96,80,16,Debit Card,Bilal,3.9
ORD11772,15/07/2025,Model Town,C1167,Sara Sheikh,Male,Lahore,Home,Detergent 1kg,Surf Excel,4,850,15,2890,2720,170,Credit Card,Hassan,3.8
ORD11773,22/07/2025,DHA,C1386,Zain Sheikh,Female,Lahore,Beverages,Nestle Water 1.5L,Nestle,5,90,20,360,300,60,Credit Card,Ahmed,4.4
ORD11774,22/10/2025,Gulberg,C1546,Sara Iqbal,Female,Lahore,Bakery,Bread,Dawn,1,120,0,120,80,40,Debit Card,Ahmed,4.3
ORD11775,30/04/2025,Gulberg,C1722,Ahmed Sheikh,Female,Lahore,Stationery,Marker,Dollar,3,120,5,342,240,102,Credit Card,Usman,4.5
ORD11776,19/07/2025,DHA,C1635,Zain Chaudhry,Female,Lahore,Electronics,Power Bank,Xiaomi,5,4500,20,18000,18000,0,Easypaisa,Usman,4.3
ORD11777,09/07/2025,Wapda Town,C1130,Fatima Ahmed,Male,Lahore,Home,Soap,Lux,5,180,10,810,650,160,Debit Card,Usman,3.6
ORD11778,26/10/2025,Gulberg,C1141,Bilal Malik,Female,Lahore,Home,Shampoo,Sunsilk,5,620,20,2480,2500,-20,Cash,Umar,3.5
ORD11779,18/06/2025,DHA,C1102,Bilal Malik,Female,Lahore,Bakery,Cake,Gourmet,3,900,10,2430,2100,330,Easypaisa,Usman,4.3
ORD11780,20/07/2025,Johar Town,C1654,Ali Malik,Female,Lahore,Bakery,Bread,Dawn,1,120,5,114,80,34,Easypaisa,Ali,4.7
ORD11781,23/10/2025,Gulberg,C1282,Hamza Khan,Male,Lahore,Beverages,Nestle Water 1.5L,Nestle,4,90,20,288,240,48,JazzCash,Usman,4.8
ORD11782,16/08/2025,DHA,C1152,Fatima Sheikh,Female,Lahore,Home,Shampoo,Sunsilk,1,620,10,558,500,58,JazzCash,Hassan,3.8
ORD11783,11/07/2025,Gulberg,C1773,Maryam Chaudhry,Male,Lahore,Grocery,Sugar 1kg,Shan,5,180,20,720,750,-30,Credit Card,Hassan,3.7
ORD11784,22/07/2025,Johar Town,C1599,Ahmed Khan,Male,Lahore,Grocery,Basmati Rice 5kg,Guard,1,3200,20,2560,2600,-40,JazzCash,Usman,4.8
ORD11785,31/08/2025,Gulberg,C1250,Maryam Sheikh,Male,Lahore,Electronics,Mouse,Logitech,3,1800,10,4860,4200,660,JazzCash,Ahmed,4.5
ORD11786,17/06/2025,Gulberg,C1291,Hamza Khan,Male,Lahore,Bakery,Bread,Dawn,5,120,0,600,400,200,Credit Card,Hassan,4.6
ORD11787,16/04/2025,Model Town,C1211,Umar Sheikh,Male,Lahore,Home,Detergent 1kg,Surf Excel,3,850,20,2040,2040,0,Easypaisa,Ali,3.8
ORD11788,28/06/2025,Wapda Town,C1252,Hassan Iqbal,Male,Lahore,Bakery,Cake,Gourmet,5,900,15,3825,3500,325,JazzCash,Ahmed,4.6
ORD11789,17/11/2025,Gulberg,C1376,Zain Raza,Female,Lahore,Electronics,Power Bank,Xiaomi,3,4500,15,11475,10800,675,Debit Card,Ali,4.5
ORD11790,17/07/2025,Wapda Town,C1191,Hamza Iqbal,Male,Lahore,Home,Detergent 1kg,Surf Excel,5,850,15,3612.5,3400,212.5,Cash,Hamza,3.9
ORD11791,21/07/2025,Wapda Town,C1246,Ayesha Chaudhry,Male,Lahore,Stationery,Marker,Dollar,1,120,5,114,80,34,Easypaisa,Ahmed,4.8
ORD11792,06/10/2025,Gulberg,C1352,Hassan Raza,Male,Lahore,Bakery,Cookies,LU,4,250,15,850,720,130,JazzCash,Ali,4.1
ORD11793,11/05/2025,Gulberg,C1108,Sara Chaudhry,Female,Lahore,Electronics,Mouse,Logitech,4,1800,0,7200,5600,1600,Debit Card,Zain,4.3
ORD11794,22/11/2025,DHA,C1128,Ali Malik,Male,Lahore,Electronics,Keyboard,A4Tech,3,2800,0,8400,6600,1800,Debit Card,Umar,5
ORD11795,05/01/2025,Johar Town,C1433,Usman Ahmed,Female,Lahore,Electronics,Mouse,Logitech,4,1800,15,6120,5600,520,Credit Card,Bilal,4.2
ORD11796,28/09/2025,Johar Town,C1023,Sara Sheikh,Male,Lahore,Bakery,Bread,Dawn,5,120,10,540,400,140,Easypaisa,Umar,4.1
ORD11797,22/12/2025,Johar Town,C1178,Fatima Raza,Female,Lahore,Stationery,Marker,Dollar,1,120,20,96,80,16,Credit Card,Zain,4.6
ORD11798,29/06/2025,Model Town,C1140,Ayesha Ahmed,Female,Lahore,Grocery,Cooking Oil 1L,Dalda,3,650,20,1560,1560,0,Credit Card,Hassan,3.5
ORD11799,06/08/2025,Model Town,C1278,Maryam Khan,Male,Lahore,Bakery,Cake,Gourmet,1,900,0,900,700,200,Credit Card,Hassan,4.4
ORD11800,25/09/2025,Model Town,C1454,Zain Iqbal,Male,Lahore,Grocery,Tea 475g,Tapal,2,980,20,1568,1640,-72,Debit Card,Hassan,4.1
ORD11801,01/09/2025,Johar Town,C1735,Ali Khan,Male,Lahore,Home,Detergent 1kg,Surf Excel,3,850,0,2550,2040,510,Credit Card,Hassan,4.3
ORD11802,23/11/2025,Johar Town,C1406,Usman Iqbal,Female,Lahore,Home,Detergent 1kg,Surf Excel,2,850,20,1360,1360,0,Debit Card,Ahmed,4.9
ORD11803,04/02/2025,Wapda Town,C1036,Maryam Iqbal,Female,Lahore,Stationery,Notebook,Dollar,2,180,0,360,240,120,Easypaisa,Usman,3.5
ORD11804,24/05/2025,Wapda Town,C1722,Bilal Ahmed,Male,Lahore,Grocery,Basmati Rice 5kg,Guard,1,3200,15,2720,2600,120,Debit Card,Bilal,4.1
ORD11805,03/05/2025,Wapda Town,C1495,Maryam Raza,Male,Lahore,Bakery,Cake,Gourmet,1,900,0,900,700,200,Debit Card,Usman,4.6
ORD11806,06/10/2025,Model Town,C1155,Maryam Sheikh,Female,Lahore,Home,Detergent 1kg,Surf Excel,5,850,20,3400,3400,0,JazzCash,Hamza,3.8
ORD11807,01/04/2025,Johar Town,C1190,Bilal Khan,Female,Lahore,Electronics,Mouse,Logitech,4,1800,10,6480,5600,880,Debit Card,Usman,4.1
ORD11808,25/02/2025,Johar Town,C1313,Umar Sheikh,Male,Lahore,Bakery,Cake,Gourmet,1,900,0,900,700,200,Easypaisa,Hassan,3.6
ORD11809,07/01/2025,Johar Town,C1058,Usman Khan,Male,Lahore,Beverages,Nestle Water 1.5L,Nestle,4,90,15,306,240,66,JazzCash,Zain,4.7
ORD11810,02/05/2025,Wapda Town,C1370,Hassan Sheikh,Male,Lahore,Home,Soap,Lux,2,180,0,360,260,100,Cash,Zain,4.2
ORD11811,06/11/2025,Model Town,C1250,Usman Iqbal,Male,Lahore,Electronics,Mouse,Logitech,1,1800,0,1800,1400,400,Cash,Umar,3.8
ORD11812,25/08/2025,Johar Town,C1165,Ahmed Ahmed,Male,Lahore,Grocery,Cooking Oil 1L,Dalda,1,650,15,552.5,520,32.5,JazzCash,Hamza,4.3
ORD11813,18/09/2025,Johar Town,C1191,Ahmed Khan,Female,Lahore,Home,Detergent 1kg,Surf Excel,4,850,15,2890,2720,170,Credit Card,Bilal,4.6
ORD11814,27/02/2025,Wapda Town,C1071,Ayesha Khan,Female,Lahore,Home,Detergent 1kg,Surf Excel,5,850,5,4037.5,3400,637.5,Credit Card,Bilal,3.9
ORD11815,28/01/2025,Johar Town,C1189,Hamza Butt,Male,Lahore,Beverages,Pepsi 1.5L,Pepsi,3,220,10,594,510,84,Easypaisa,Ahmed,3.7
ORD11816,03/04/2025,Johar Town,C1751,Zain Khan,Female,Lahore,Beverages,Nestle Water 1.5L,Nestle,3,90,0,270,180,90,Credit Card,Umar,4.7
ORD11817,31/08/2025,Johar Town,C1691,Usman Sheikh,Female,Lahore,Beverages,Coca Cola 1.5L,Coca-Cola,5,220,0,1100,850,250,Credit Card,Ali,3.8
ORD11818,08/03/2025,Wapda Town,C1308,Maryam Khan,Male,Lahore,Home,Soap,Lux,1,180,15,153,130,23,Credit Card,Zain,4.7
ORD11819,03/07/2025,Model Town,C1038,Usman Ahmed,Male,Lahore,Bakery,Cake,Gourmet,3,900,0,2700,2100,600,JazzCash,Ali,4
ORD11820,02/10/2025,Wapda Town,C1415,Maryam Raza,Female,Lahore,Bakery,Bread,Dawn,2,120,15,204,160,44,Credit Card,Umar,4.3
ORD11821,21/09/2025,Model Town,C1389,Ali Khan,Female,Lahore,Stationery,Pen,Dollar,2,60,5,114,70,44,Credit Card,Umar,3.9
ORD11822,19/09/2025,Gulberg,C1579,Ahmed Khan,Female,Lahore,Stationery,Notebook,Dollar,4,180,20,576,480,96,Credit Card,Usman,3.6
ORD11823,03/06/2025,Wapda Town,C1787,Hassan Sheikh,Male,Lahore,Grocery,Basmati Rice 5kg,Guard,4,3200,20,10240,10400,-160,Debit Card,Zain,5
ORD11824,23/05/2025,DHA,C1460,Ali Butt,Male,Lahore,Bakery,Cookies,LU,5,250,15,1062.5,900,162.5,Debit Card,Hamza,4
ORD11825,10/08/2025,Gulberg,C1171,Hassan Chaudhry,Male,Lahore,Beverages,Pepsi 1.5L,Pepsi,1,220,5,209,170,39,Cash,Zain,4.9
ORD11826,01/01/2025,Gulberg,C1019,Fatima Sheikh,Male,Lahore,Beverages,Pepsi 1.5L,Pepsi,1,220,0,220,170,50,Credit Card,Hamza,4.2
ORD11827,31/10/2025,Wapda Town,C1586,Sara Ahmed,Male,Lahore,Grocery,Basmati Rice 5kg,Guard,1,3200,20,2560,2600,-40,Credit Card,Ali,4.1
ORD11828,02/01/2025,Johar Town,C1241,Usman Chaudhry,Male,Lahore,Grocery,Basmati Rice 5kg,Guard,4,3200,20,10240,10400,-160,Easypaisa,Umar,4.6
ORD11829,13/11/2025,DHA,C1308,Fatima Ahmed,Female,Lahore,Grocery,Tea 475g,Tapal,1,980,20,784,820,-36,Easypaisa,Bilal,4.1
ORD11830,21/01/2025,Wapda Town,C1284,Zain Malik,Male,Lahore,Grocery,Basmati Rice 5kg,Guard,5,3200,20,12800,13000,-200,Easypaisa,Ali,4.8
ORD11831,06/05/2025,Gulberg,C1326,Ahmed Iqbal,Female,Lahore,Home,Detergent 1kg,Surf Excel,1,850,20,680,680,0,Credit Card,Usman,4.6
ORD11832,08/06/2025,Gulberg,C1071,Hamza Malik,Female,Lahore,Beverages,Pepsi 1.5L,Pepsi,2,220,10,396,340,56,Debit Card,Bilal,4.1
ORD11833,16/01/2025,Wapda Town,C1612,Bilal Raza,Female,Lahore,Home,Soap,Lux,4,180,20,576,520,56,Easypaisa,Hamza,4.2
ORD11834,28/01/2025,DHA,C1660,Maryam Khan,Male,Lahore,Grocery,Basmati Rice 5kg,Guard,5,3200,5,15200,13000,2200,JazzCash,Ali,4.5
ORD11835,19/03/2025,Model Town,C1611,Bilal Khan,Male,Lahore,Beverages,Nestle Water 1.5L,Nestle,2,90,20,144,120,24,Easypaisa,Usman,3.6
ORD11836,27/06/2025,DHA,C1140,Ayesha Malik,Female,Lahore,Bakery,Bread,Dawn,4,120,10,432,320,112,Debit Card,Hamza,4
ORD11837,24/04/2025,DHA,C1090,Usman Ahmed,Male,Lahore,Electronics,Keyboard,A4Tech,1,2800,0,2800,2200,600,JazzCash,Zain,3.7
ORD11838,01/03/2025,DHA,C1355,Sara Khan,Female,Lahore,Stationery,Pen,Dollar,1,60,5,57,35,22,Easypaisa,Ali,4.8
ORD11839,01/02/2025,Gulberg,C1271,Umar Sheikh,Male,Lahore,Home,Shampoo,Sunsilk,2,620,5,1178,1000,178,Cash,Ali,3.7
ORD11840,05/05/2025,Gulberg,C1092,Maryam Butt,Male,Lahore,Bakery,Bread,Dawn,4,120,0,480,320,160,Debit Card,Hamza,3.6
ORD11841,15/02/2025,DHA,C1012,Ayesha Sheikh,Female,Lahore,Beverages,Pepsi 1.5L,Pepsi,3,220,20,528,510,18,Credit Card,Hassan,4.9
ORD11842,13/05/2025,Johar Town,C1148,Ayesha Sheikh,Male,Lahore,Electronics,Keyboard,A4Tech,1,2800,10,2520,2200,320,Credit Card,Hamza,4.7
ORD11843,13/01/2025,Gulberg,C1375,Ayesha Malik,Female,Lahore,Grocery,Basmati Rice 5kg,Guard,3,3200,5,9120,7800,1320,Easypaisa,Usman,3.9
ORD11844,29/06/2025,Model Town,C1548,Usman Butt,Female,Lahore,Bakery,Cookies,LU,1,250,15,212.5,180,32.5,Cash,Usman,4.7
ORD11845,09/12/2025,Wapda Town,C1402,Umar Sheikh,Female,Lahore,Beverages,Coca Cola 1.5L,Coca-Cola,4,220,0,880,680,200,Easypaisa,Usman,4.8
ORD11846,22/05/2025,Model Town,C1523,Bilal Raza,Female,Lahore,Grocery,Tea 475g,Tapal,4,980,20,3136,3280,-144,Easypaisa,Ali,4.5
ORD11847,24/10/2025,Gulberg,C1423,Ahmed Raza,Female,Lahore,Grocery,Cooking Oil 1L,Dalda,3,650,0,1950,1560,390,Credit Card,Usman,3.7
ORD11848,10/06/2025,DHA,C1744,Umar Sheikh,Male,Lahore,Electronics,Mouse,Logitech,3,1800,0,5400,4200,1200,Cash,Usman,3.6
ORD11849,23/11/2025,Johar Town,C1366,Bilal Butt,Male,Lahore,Home,Soap,Lux,5,180,10,810,650,160,Easypaisa,Bilal,4.7
ORD11850,26/11/2025,Model Town,C1793,Hassan Ahmed,Male,Lahore,Grocery,Basmati Rice 5kg,Guard,1,3200,20,2560,2600,-40,Easypaisa,Hassan,3.5
ORD11851,09/12/2025,DHA,C1694,Sara Raza,Male,Lahore,Home,Detergent 1kg,Surf Excel,3,850,5,2422.5,2040,382.5,Cash,Bilal,4.4
ORD11852,03/08/2025,DHA,C1793,Ali Iqbal,Male,Lahore,Bakery,Bread,Dawn,4,120,15,408,320,88,Cash,Ahmed,3.8
ORD11853,24/03/2025,Gulberg,C1744,Usman Malik,Male,Lahore,Electronics,Keyboard,A4Tech,2,2800,10,5040,4400,640,Cash,Hamza,3.6
ORD11854,09/11/2025,Johar Town,C1509,Usman Ahmed,Female,Lahore,Stationery,Marker,Dollar,4,120,0,480,320,160,Cash,Ahmed,3.8
ORD11855,01/02/2025,Model Town,C1564,Sara Khan,Male,Lahore,Stationery,Notebook,Dollar,1,180,20,144,120,24,Cash,Bilal,3.5
ORD11856,07/01/2025,Johar Town,C1110,Maryam Chaudhry,Male,Lahore,Beverages,Coca Cola 1.5L,Coca-Cola,4,220,0,880,680,200,JazzCash,Umar,4.6
ORD11857,12/10/2025,Johar Town,C1779,Hamza Khan,Female,Lahore,Home,Detergent 1kg,Surf Excel,1,850,15,722.5,680,42.5,Cash,Bilal,4.8
ORD11858,22/11/2025,Gulberg,C1644,Ahmed Ahmed,Male,Lahore,Home,Shampoo,Sunsilk,3,620,10,1674,1500,174,Easypaisa,Zain,3.8
ORD11859,29/09/2025,Model Town,C1171,Fatima Chaudhry,Male,Lahore,Beverages,Nestle Water 1.5L,Nestle,1,90,0,90,60,30,Easypaisa,Usman,4.7
ORD11860,03/11/2025,Model Town,C1109,Umar Khan,Male,Lahore,Grocery,Cooking Oil 1L,Dalda,4,650,0,2600,2080,520,JazzCash,Umar,5
ORD11861,21/03/2025,Model Town,C1258,Ayesha Chaudhry,Male,Lahore,Beverages,Pepsi 1.5L,Pepsi,5,220,20,880,850,30,JazzCash,Hassan,4.2
ORD11862,27/04/2025,Gulberg,C1008,Usman Raza,Male,Lahore,Grocery,Tea 475g,Tapal,4,980,20,3136,3280,-144,JazzCash,Zain,4.7
ORD11863,27/08/2025,DHA,C1686,Bilal Malik,Male,Lahore,Bakery,Bread,Dawn,1,120,5,114,80,34,Debit Card,Hamza,4.9
ORD11864,25/03/2025,Model Town,C1617,Zain Sheikh,Female,Lahore,Grocery,Tea 475g,Tapal,5,980,0,4900,4100,800,Easypaisa,Bilal,4.1
ORD11865,30/08/2025,Gulberg,C1448,Sara Ahmed,Male,Lahore,Grocery,Tea 475g,Tapal,4,980,10,3528,3280,248,JazzCash,Zain,4.5
ORD11866,14/03/2025,Model Town,C1306,Usman Sheikh,Male,Lahore,Grocery,Sugar 1kg,Shan,1,180,0,180,150,30,Cash,Umar,4.9
ORD11867,22/04/2025,DHA,C1161,Bilal Malik,Male,Lahore,Beverages,Coca Cola 1.5L,Coca-Cola,1,220,20,176,170,6,JazzCash,Hassan,4.4
ORD11868,28/05/2025,Johar Town,C1025,Ali Raza,Male,Lahore,Bakery,Cookies,LU,5,250,0,1250,900,350,Easypaisa,Ali,4.7
ORD11869,11/06/2025,DHA,C1073,Umar Chaudhry,Female,Lahore,Beverages,Pepsi 1.5L,Pepsi,2,220,0,440,340,100,JazzCash,Hamza,4.5
ORD11870,26/07/2025,DHA,C1239,Bilal Ahmed,Male,Lahore,Stationery,Notebook,Dollar,2,180,20,288,240,48,Cash,Zain,3.5
ORD11871,02/03/2025,Johar Town,C1503,Fatima Sheikh,Male,Lahore,Electronics,Keyboard,A4Tech,4,2800,10,10080,8800,1280,Credit Card,Umar,3.9
ORD11872,22/06/2025,Wapda Town,C1789,Ahmed Chaudhry,Female,Lahore,Electronics,Power Bank,Xiaomi,1,4500,5,4275,3600,675,Credit Card,Ali,3.7
ORD11873,31/10/2025,Gulberg,C1350,Hamza Raza,Male,Lahore,Electronics,Power Bank,Xiaomi,4,4500,20,14400,14400,0,Easypaisa,Ahmed,4.6
ORD11874,03/11/2025,Gulberg,C1158,Bilal Raza,Female,Lahore,Home,Detergent 1kg,Surf Excel,2,850,15,1445,1360,85,Credit Card,Bilal,4.1
ORD11875,25/08/2025,Gulberg,C1453,Ahmed Khan,Female,Lahore,Home,Detergent 1kg,Surf Excel,1,850,10,765,680,85,Debit Card,Ahmed,4.7
ORD11876,26/08/2025,Model Town,C1545,Zain Malik,Female,Lahore,Grocery,Sugar 1kg,Shan,4,180,10,648,600,48,Cash,Hassan,3.6
ORD11877,12/06/2025,Johar Town,C1453,Bilal Ahmed,Female,Lahore,Electronics,Mouse,Logitech,5,1800,0,9000,7000,2000,JazzCash,Zain,4.6
ORD11878,10/12/2025,Wapda Town,C1177,Hamza Raza,Female,Lahore,Beverages,Coca Cola 1.5L,Coca-Cola,1,220,5,209,170,39,JazzCash,Hamza,5
ORD11879,19/08/2025,Gulberg,C1460,Umar Sheikh,Female,Lahore,Beverages,Nestle Water 1.5L,Nestle,5,90,10,405,300,105,Debit Card,Ahmed,4.2
ORD11880,13/07/2025,Gulberg,C1724,Hassan Iqbal,Male,Lahore,Stationery,Notebook,Dollar,2,180,15,306,240,66,JazzCash,Hamza,4.2
ORD11881,21/12/2025,Johar Town,C1542,Umar Chaudhry,Male,Lahore,Beverages,Coca Cola 1.5L,Coca-Cola,5,220,5,1045,850,195,Easypaisa,Ahmed,4.7
ORD11882,22/09/2025,Johar Town,C1059,Maryam Iqbal,Female,Lahore,Bakery,Cookies,LU,5,250,5,1187.5,900,287.5,Debit Card,Bilal,3.5
ORD11883,14/01/2025,Model Town,C1205,Sara Sheikh,Male,Lahore,Stationery,Marker,Dollar,5,120,5,570,400,170,Credit Card,Umar,4.1
ORD11884,12/05/2025,Model Town,C1462,Ali Chaudhry,Female,Lahore,Grocery,Sugar 1kg,Shan,2,180,10,324,300,24,Easypaisa,Zain,4
ORD11885,23/03/2025,Johar Town,C1540,Bilal Butt,Male,Lahore,Home,Detergent 1kg,Surf Excel,5,850,0,4250,3400,850,Easypaisa,Hassan,4.8
ORD11886,08/03/2025,Gulberg,C1724,Usman Butt,Male,Lahore,Home,Shampoo,Sunsilk,2,620,5,1178,1000,178,Easypaisa,Ali,3.7
ORD11887,08/02/2025,Wapda Town,C1124,Ayesha Ahmed,Female,Lahore,Home,Soap,Lux,4,180,15,612,520,92,Debit Card,Ahmed,4.7
ORD11888,22/03/2025,DHA,C1275,Fatima Sheikh,Male,Lahore,Bakery,Cake,Gourmet,3,900,0,2700,2100,600,Cash,Zain,3.8
ORD11889,23/02/2025,Wapda Town,C1184,Usman Khan,Male,Lahore,Home,Shampoo,Sunsilk,1,620,5,589,500,89,Easypaisa,Ahmed,3.6
ORD11890,17/05/2025,Model Town,C1080,Ali Sheikh,Male,Lahore,Beverages,Nestle Water 1.5L,Nestle,4,90,10,324,240,84,Cash,Umar,4.2
ORD11891,10/01/2025,Model Town,C1798,Ali Iqbal,Male,Lahore,Beverages,Pepsi 1.5L,Pepsi,4,220,5,836,680,156,Cash,Bilal,4.4
ORD11892,17/04/2025,DHA,C1287,Umar Malik,Male,Lahore,Beverages,Coca Cola 1.5L,Coca-Cola,4,220,5,836,680,156,Easypaisa,Usman,4.3
ORD11893,16/08/2025,Wapda Town,C1228,Sara Khan,Female,Lahore,Home,Detergent 1kg,Surf Excel,5,850,0,4250,3400,850,Credit Card,Bilal,3.6
ORD11894,29/06/2025,DHA,C1112,Maryam Malik,Male,Lahore,Bakery,Cake,Gourmet,5,900,20,3600,3500,100,Debit Card,Umar,4.6
ORD11895,10/09/2025,Wapda Town,C1121,Umar Malik,Female,Lahore,Beverages,Nestle Water 1.5L,Nestle,1,90,5,85.5,60,25.5,Cash,Bilal,5
ORD11896,16/10/2025,Model Town,C1464,Umar Iqbal,Male,Lahore,Home,Detergent 1kg,Surf Excel,2,850,15,1445,1360,85,Easypaisa,Usman,4.3
ORD11897,05/06/2025,DHA,C1639,Maryam Iqbal,Male,Lahore,Electronics,Mouse,Logitech,5,1800,15,7650,7000,650,Easypaisa,Ahmed,4.3
ORD11898,07/10/2025,Model Town,C1373,Umar Khan,Male,Lahore,Home,Soap,Lux,1,180,15,153,130,23,Cash,Ahmed,4.5
ORD11899,22/02/2025,Johar Town,C1191,Ahmed Iqbal,Female,Lahore,Bakery,Bread,Dawn,5,120,0,600,400,200,Debit Card,Ahmed,3.9
ORD11900,05/10/2025,Johar Town,C1161,Hamza Malik,Male,Lahore,Bakery,Bread,Dawn,5,120,5,570,400,170,Debit Card,Usman,3.5
ORD11901,27/03/2025,Johar Town,C1384,Zain Iqbal,Female,Lahore,Beverages,Coca Cola 1.5L,Coca-Cola,1,220,0,220,170,50,Cash,Ali,4.4
ORD11902,26/04/2025,Johar Town,C1415,Sara Raza,Male,Lahore,Electronics,Keyboard,A4Tech,3,2800,0,8400,6600,1800,JazzCash,Hassan,4.6
ORD11903,06/05/2025,Model Town,C1168,Sara Sheikh,Male,Lahore,Beverages,Pepsi 1.5L,Pepsi,3,220,5,627,510,117,Cash,Ahmed,4
ORD11904,03/10/2025,DHA,C1771,Bilal Ahmed,Male,Lahore,Stationery,Notebook,Dollar,1,180,5,171,120,51,JazzCash,Ahmed,4.2
ORD11905,20/06/2025,Wapda Town,C1630,Usman Khan,Male,Lahore,Bakery,Cookies,LU,3,250,20,600,540,60,Debit Card,Hassan,5
ORD11906,25/07/2025,DHA,C1603,Hamza Raza,Male,Lahore,Beverages,Pepsi 1.5L,Pepsi,4,220,15,748,680,68,Cash,Ahmed,4.1
ORD11907,01/11/2025,Johar Town,C1459,Hamza Ahmed,Male,Lahore,Electronics,Power Bank,Xiaomi,1,4500,20,3600,3600,0,Debit Card,Hamza,4.2
ORD11908,26/12/2025,Johar Town,C1740,Umar Butt,Female,Lahore,Beverages,Pepsi 1.5L,Pepsi,4,220,10,792,680,112,Credit Card,Umar,4
ORD11909,08/12/2025,Model Town,C1106,Usman Khan,Female,Lahore,Bakery,Cake,Gourmet,4,900,10,3240,2800,440,Cash,Umar,4.7
ORD11910,28/04/2025,Johar Town,C1676,Maryam Raza,Female,Lahore,Grocery,Basmati Rice 5kg,Guard,5,3200,20,12800,13000,-200,Debit Card,Bilal,3.6
ORD11911,27/03/2025,Johar Town,C1340,Hamza Khan,Female,Lahore,Stationery,Notebook,Dollar,1,180,10,162,120,42,Cash,Bilal,3.8
ORD11912,13/03/2025,Gulberg,C1530,Ayesha Chaudhry,Female,Lahore,Grocery,Basmati Rice 5kg,Guard,3,3200,5,9120,7800,1320,Debit Card,Bilal,4.2
ORD11913,06/03/2025,Johar Town,C1096,Fatima Malik,Female,Lahore,Electronics,Power Bank,Xiaomi,3,4500,5,12825,10800,2025,Credit Card,Ali,4.4
ORD11914,04/01/2025,Gulberg,C1442,Ayesha Sheikh,Male,Lahore,Electronics,Power Bank,Xiaomi,4,4500,15,15300,14400,900,Debit Card,Hassan,4.6
ORD11915,29/10/2025,Gulberg,C1367,Sara Khan,Male,Lahore,Bakery,Cake,Gourmet,4,900,10,3240,2800,440,Credit Card,Umar,4.6
ORD11916,07/12/2025,Wapda Town,C1342,Zain Iqbal,Male,Lahore,Electronics,Keyboard,A4Tech,3,2800,0,8400,6600,1800,JazzCash,Usman,5
ORD11917,14/06/2025,Model Town,C1177,Ali Raza,Female,Lahore,Stationery,Pen,Dollar,4,60,5,228,140,88,Easypaisa,Usman,4.5
ORD11918,28/03/2025,DHA,C1083,Sara Sheikh,Male,Lahore,Electronics,Keyboard,A4Tech,2,2800,10,5040,4400,640,JazzCash,Usman,3.8
ORD11919,29/06/2025,DHA,C1747,Zain Sheikh,Male,Lahore,Grocery,Basmati Rice 5kg,Guard,5,3200,5,15200,13000,2200,Credit Card,Umar,3.8
ORD11920,30/07/2025,Gulberg,C1093,Usman Butt,Male,Lahore,Beverages,Nestle Water 1.5L,Nestle,3,90,5,256.5,180,76.5,Credit Card,Ali,3.9
ORD11921,21/10/2025,Wapda Town,C1720,Zain Sheikh,Female,Lahore,Beverages,Nestle Water 1.5L,Nestle,1,90,0,90,60,30,Debit Card,Umar,3.6
ORD11922,29/07/2025,Gulberg,C1595,Hamza Sheikh,Male,Lahore,Home,Detergent 1kg,Surf Excel,3,850,10,2295,2040,255,Debit Card,Ali,4.2
ORD11923,26/05/2025,Wapda Town,C1077,Ali Ahmed,Male,Lahore,Stationery,Notebook,Dollar,1,180,5,171,120,51,Debit Card,Zain,4.6
ORD11924,03/10/2025,DHA,C1475,Ahmed Ahmed,Male,Lahore,Bakery,Bread,Dawn,2,120,5,228,160,68,Easypaisa,Ahmed,4.5
ORD11925,03/08/2025,Gulberg,C1329,Umar Raza,Female,Lahore,Grocery,Cooking Oil 1L,Dalda,4,650,15,2210,2080,130,Cash,Hamza,4.7
ORD11926,29/01/2025,DHA,C1224,Maryam Iqbal,Male,Lahore,Home,Soap,Lux,2,180,15,306,260,46,Cash,Zain,3.8
ORD11927,30/03/2025,Model Town,C1436,Zain Butt,Male,Lahore,Beverages,Coca Cola 1.5L,Coca-Cola,4,220,0,880,680,200,Cash,Hassan,5
ORD11928,12/04/2025,DHA,C1290,Maryam Ahmed,Female,Lahore,Home,Detergent 1kg,Surf Excel,1,850,20,680,680,0,Credit Card,Usman,4.9
ORD11929,20/02/2025,Gulberg,C1767,Hassan Chaudhry,Male,Lahore,Home,Soap,Lux,3,180,10,486,390,96,Easypaisa,Umar,4.5
ORD11930,18/07/2025,Gulberg,C1433,Maryam Malik,Female,Lahore,Bakery,Cookies,LU,4,250,15,850,720,130,JazzCash,Bilal,3.8
ORD11931,24/01/2025,DHA,C1349,Ahmed Chaudhry,Male,Lahore,Electronics,Keyboard,A4Tech,1,2800,15,2380,2200,180,Cash,Umar,4.4
ORD11932,17/10/2025,Gulberg,C1173,Bilal Malik,Female,Lahore,Beverages,Pepsi 1.5L,Pepsi,3,220,5,627,510,117,Credit Card,Bilal,4.7
ORD11933,09/02/2025,DHA,C1439,Hamza Malik,Female,Lahore,Home,Detergent 1kg,Surf Excel,2,850,10,1530,1360,170,JazzCash,Bilal,4.2
ORD11934,06/01/2025,DHA,C1764,Hassan Sheikh,Male,Lahore,Beverages,Coca Cola 1.5L,Coca-Cola,3,220,20,528,510,18,Easypaisa,Ahmed,3.9
ORD11935,28/08/2025,DHA,C1065,Zain Khan,Male,Lahore,Beverages,Pepsi 1.5L,Pepsi,5,220,15,935,850,85,JazzCash,Zain,3.8
ORD11936,22/06/2025,Johar Town,C1094,Umar Raza,Male,Lahore,Stationery,Pen,Dollar,4,60,10,216,140,76,Credit Card,Ahmed,4.8
ORD11937,17/01/2025,Gulberg,C1269,Zain Sheikh,Male,Lahore,Bakery,Bread,Dawn,4,120,20,384,320,64,Credit Card,Umar,4.8
ORD11938,22/11/2025,Johar Town,C1467,Fatima Raza,Female,Lahore,Home,Shampoo,Sunsilk,1,620,10,558,500,58,Debit Card,Umar,3.6
ORD11939,12/07/2025,DHA,C1425,Ayesha Butt,Female,Lahore,Grocery,Tea 475g,Tapal,3,980,15,2499,2460,39,Debit Card,Hamza,4.3
ORD11940,04/02/2025,Wapda Town,C1382,Fatima Khan,Male,Lahore,Electronics,Power Bank,Xiaomi,3,4500,0,13500,10800,2700,Debit Card,Umar,4.2
ORD11941,23/12/2025,Wapda Town,C1316,Hamza Khan,Female,Lahore,Beverages,Nestle Water 1.5L,Nestle,1,90,0,90,60,30,JazzCash,Hamza,3.5
ORD11942,01/05/2025,DHA,C1038,Hassan Malik,Female,Lahore,Electronics,Keyboard,A4Tech,4,2800,0,11200,8800,2400,Credit Card,Hamza,4.4
ORD11943,06/05/2025,Model Town,C1682,Hassan Khan,Female,Lahore,Beverages,Pepsi 1.5L,Pepsi,4,220,15,748,680,68,Easypaisa,Ali,4.3
ORD11944,11/03/2025,Model Town,C1487,Sara Raza,Male,Lahore,Beverages,Nestle Water 1.5L,Nestle,2,90,15,153,120,33,JazzCash,Ahmed,4.7
ORD11945,20/08/2025,DHA,C1224,Fatima Iqbal,Male,Lahore,Bakery,Cake,Gourmet,5,900,15,3825,3500,325,Easypaisa,Umar,4.6
ORD11946,21/10/2025,Wapda Town,C1711,Sara Chaudhry,Female,Lahore,Home,Detergent 1kg,Surf Excel,3,850,5,2422.5,2040,382.5,Cash,Zain,4.7
ORD11947,23/11/2025,Johar Town,C1143,Ahmed Chaudhry,Male,Lahore,Electronics,Mouse,Logitech,3,1800,20,4320,4200,120,Credit Card,Hamza,4.6
ORD11948,09/02/2025,Model Town,C1401,Hassan Butt,Male,Lahore,Bakery,Cookies,LU,4,250,0,1000,720,280,Cash,Hamza,4.6
ORD11949,23/10/2025,Wapda Town,C1596,Usman Ahmed,Male,Lahore,Stationery,Notebook,Dollar,4,180,5,684,480,204,Easypaisa,Ali,4.3
ORD11950,03/08/2025,Model Town,C1093,Ayesha Khan,Female,Lahore,Stationery,Pen,Dollar,2,60,5,114,70,44,Credit Card,Bilal,3.8
ORD11951,28/10/2025,Wapda Town,C1549,Zain Malik,Male,Lahore,Electronics,Mouse,Logitech,1,1800,5,1710,1400,310,Debit Card,Zain,4
ORD11952,24/11/2025,DHA,C1368,Sara Sheikh,Female,Lahore,Bakery,Cake,Gourmet,1,900,0,900,700,200,Cash,Hamza,4.4
ORD11953,02/02/2025,Johar Town,C1003,Hamza Raza,Male,Lahore,Bakery,Cookies,LU,5,250,15,1062.5,900,162.5,Credit Card,Hassan,4.3
ORD11954,20/09/2025,Johar Town,C1711,Zain Ahmed,Female,Lahore,Stationery,Pen,Dollar,2,60,0,120,70,50,JazzCash,Ali,4.1
ORD11955,15/09/2025,Johar Town,C1695,Ahmed Iqbal,Male,Lahore,Grocery,Tea 475g,Tapal,4,980,10,3528,3280,248,Cash,Hamza,4.5
ORD11956,10/05/2025,Gulberg,C1337,Ali Malik,Female,Lahore,Bakery,Cake,Gourmet,2,900,20,1440,1400,40,Cash,Ali,4.2
ORD11957,03/11/2025,Model Town,C1050,Hassan Khan,Male,Lahore,Beverages,Coca Cola 1.5L,Coca-Cola,3,220,0,660,510,150,JazzCash,Ali,4.2
ORD11958,25/07/2025,Model Town,C1564,Usman Raza,Female,Lahore,Beverages,Nestle Water 1.5L,Nestle,2,90,20,144,120,24,JazzCash,Zain,4.6
ORD11959,16/01/2025,Wapda Town,C1520,Zain Iqbal,Male,Lahore,Stationery,Notebook,Dollar,4,180,5,684,480,204,Easypaisa,Bilal,3.6
ORD11960,03/08/2025,Gulberg,C1737,Sara Sheikh,Male,Lahore,Bakery,Bread,Dawn,4,120,20,384,320,64,Debit Card,Umar,4.1
ORD11961,09/03/2025,Gulberg,C1246,Sara Ahmed,Female,Lahore,Grocery,Basmati Rice 5kg,Guard,5,3200,5,15200,13000,2200,Cash,Usman,5
ORD11962,04/08/2025,DHA,C1224,Hamza Sheikh,Male,Lahore,Beverages,Nestle Water 1.5L,Nestle,3,90,10,243,180,63,Credit Card,Zain,5
ORD11963,15/12/2025,Gulberg,C1754,Maryam Raza,Male,Lahore,Home,Detergent 1kg,Surf Excel,1,850,5,807.5,680,127.5,Credit Card,Usman,4.5
ORD11964,11/07/2025,Wapda Town,C1093,Usman Malik,Female,Lahore,Beverages,Coca Cola 1.5L,Coca-Cola,5,220,0,1100,850,250,Credit Card,Hassan,3.5
ORD11965,10/10/2025,Gulberg,C1256,Sara Sheikh,Female,Lahore,Electronics,Power Bank,Xiaomi,4,4500,15,15300,14400,900,Cash,Usman,4.9
ORD11966,31/05/2025,DHA,C1044,Hamza Iqbal,Male,Lahore,Beverages,Coca Cola 1.5L,Coca-Cola,3,220,5,627,510,117,Easypaisa,Bilal,4.3
ORD11967,10/02/2025,DHA,C1696,Ali Malik,Female,Lahore,Stationery,Marker,Dollar,4,120,10,432,320,112,Credit Card,Usman,3.7
ORD11968,19/10/2025,DHA,C1284,Maryam Sheikh,Female,Lahore,Home,Soap,Lux,2,180,20,288,260,28,Debit Card,Hassan,4.9
ORD11969,29/04/2025,Model Town,C1619,Sara Sheikh,Female,Lahore,Home,Detergent 1kg,Surf Excel,4,850,15,2890,2720,170,JazzCash,Ali,3.7
ORD11970,25/10/2025,Johar Town,C1767,Ali Raza,Male,Lahore,Electronics,Power Bank,Xiaomi,4,4500,5,17100,14400,2700,JazzCash,Hamza,3.8
ORD11971,30/07/2025,Model Town,C1427,Umar Ahmed,Female,Lahore,Bakery,Cake,Gourmet,2,900,0,1800,1400,400,JazzCash,Hamza,3.8
ORD11972,26/06/2025,Johar Town,C1603,Maryam Malik,Male,Lahore,Home,Shampoo,Sunsilk,5,620,20,2480,2500,-20,Credit Card,Umar,4.8
ORD11973,24/07/2025,Model Town,C1626,Usman Iqbal,Female,Lahore,Bakery,Cake,Gourmet,4,900,15,3060,2800,260,Cash,Bilal,3.7
ORD11974,11/05/2025,DHA,C1623,Hassan Ahmed,Female,Lahore,Bakery,Bread,Dawn,1,120,20,96,80,16,Debit Card,Hassan,5
ORD11975,03/11/2025,Gulberg,C1031,Ali Ahmed,Female,Lahore,Grocery,Cooking Oil 1L,Dalda,2,650,15,1105,1040,65,Credit Card,Ahmed,4.5
ORD11976,04/12/2025,Wapda Town,C1742,Maryam Ahmed,Female,Lahore,Stationery,Pen,Dollar,4,60,5,228,140,88,Debit Card,Ahmed,4.8
ORD11977,16/10/2025,Gulberg,C1210,Fatima Chaudhry,Female,Lahore,Grocery,Cooking Oil 1L,Dalda,3,650,0,1950,1560,390,Debit Card,Umar,3.7
ORD11978,30/10/2025,Model Town,C1305,Usman Butt,Female,Lahore,Bakery,Cake,Gourmet,4,900,10,3240,2800,440,Cash,Zain,4.4
ORD11979,30/12/2025,Johar Town,C1240,Hamza Malik,Male,Lahore,Stationery,Notebook,Dollar,1,180,20,144,120,24,JazzCash,Umar,5
ORD11980,08/08/2025,Wapda Town,C1636,Umar Butt,Male,Lahore,Bakery,Bread,Dawn,5,120,10,540,400,140,Credit Card,Hamza,4.3
ORD11981,03/01/2025,Gulberg,C1460,Sara Sheikh,Female,Lahore,Grocery,Tea 475g,Tapal,3,980,5,2793,2460,333,Cash,Hamza,4.4
ORD11982,03/09/2025,DHA,C1254,Bilal Chaudhry,Female,Lahore,Beverages,Nestle Water 1.5L,Nestle,3,90,0,270,180,90,Cash,Usman,4
ORD11983,07/02/2025,DHA,C1415,Ahmed Khan,Male,Lahore,Stationery,Notebook,Dollar,4,180,20,576,480,96,Easypaisa,Umar,4.2
ORD11984,25/11/2025,Gulberg,C1232,Umar Ahmed,Male,Lahore,Beverages,Pepsi 1.5L,Pepsi,4,220,10,792,680,112,Cash,Usman,4.5
ORD11985,15/11/2025,Wapda Town,C1204,Fatima Chaudhry,Male,Lahore,Stationery,Marker,Dollar,5,120,0,600,400,200,Debit Card,Umar,3.6
ORD11986,02/06/2025,DHA,C1460,Bilal Khan,Female,Lahore,Stationery,Notebook,Dollar,3,180,10,486,360,126,Easypaisa,Hamza,3.5
ORD11987,01/10/2025,Gulberg,C1006,Maryam Chaudhry,Female,Lahore,Home,Detergent 1kg,Surf Excel,2,850,10,1530,1360,170,Credit Card,Ali,4.7
ORD11988,08/11/2025,DHA,C1092,Ayesha Malik,Male,Lahore,Grocery,Tea 475g,Tapal,1,980,20,784,820,-36,JazzCash,Zain,3.6
ORD11989,30/06/2025,Wapda Town,C1076,Fatima Iqbal,Male,Lahore,Home,Detergent 1kg,Surf Excel,3,850,0,2550,2040,510,Credit Card,Zain,4.3
ORD11990,10/02/2025,Model Town,C1267,Bilal Sheikh,Female,Lahore,Stationery,Marker,Dollar,1,120,10,108,80,28,Debit Card,Ali,4.9
ORD11991,25/01/2025,Gulberg,C1292,Ali Malik,Male,Lahore,Stationery,Pen,Dollar,4,60,0,240,140,100,Credit Card,Zain,4.8
ORD11992,02/03/2025,Wapda Town,C1729,Fatima Butt,Male,Lahore,Bakery,Cookies,LU,1,250,5,237.5,180,57.5,Cash,Ahmed,4.5
ORD11993,29/10/2025,Johar Town,C1527,Hamza Sheikh,Female,Lahore,Home,Soap,Lux,2,180,0,360,260,100,Cash,Umar,4.3
ORD11994,07/01/2025,Wapda Town,C1715,Hamza Ahmed,Female,Lahore,Beverages,Coca Cola 1.5L,Coca-Cola,3,220,5,627,510,117,Credit Card,Hamza,4.6
ORD11995,16/04/2025,Model Town,C1136,Hassan Khan,Male,Lahore,Beverages,Nestle Water 1.5L,Nestle,2,90,10,162,120,42,JazzCash,Umar,3.9
ORD11996,11/01/2025,Model Town,C1044,Fatima Chaudhry,Male,Lahore,Bakery,Cake,Gourmet,1,900,15,765,700,65,JazzCash,Usman,3.6
ORD11997,14/12/2025,Gulberg,C1554,Maryam Raza,Male,Lahore,Stationery,Notebook,Dollar,5,180,20,720,600,120,Cash,Ali,3.8
ORD11998,16/03/2025,DHA,C1551,Bilal Iqbal,Male,Lahore,Home,Soap,Lux,1,180,0,180,130,50,Credit Card,Usman,4.7
ORD11999,04/05/2025,Wapda Town,C1672,Umar Khan,Female,Lahore,Beverages,Nestle Water 1.5L,Nestle,1,90,0,90,60,30,Easypaisa,Usman,3.7
ORD12000,10/06/2025,Model Town,C1489,Bilal Iqbal,Female,Lahore,Beverages,Nestle Water 1.5L,Nestle,4,90,0,360,240,120,Credit Card,Umar,4.6
ORD12001,30/01/2025,Gulberg,C1455,Ahmed Raza,Female,Lahore,Bakery,Cake,Gourmet,2,900,5,1710,1400,310,Cash,Zain,4.6
ORD12002,23/10/2025,Model Town,C1136,Umar Butt,Male,Lahore,Electronics,Keyboard,A4Tech,4,2800,15,9520,8800,720,Credit Card,Hamza,4.9
ORD12003,06/07/2025,Gulberg,C1758,Fatima Raza,Male,Lahore,Beverages,Pepsi 1.5L,Pepsi,2,220,15,374,340,34,Debit Card,Zain,4.2
ORD12004,12/10/2025,Wapda Town,C1411,Ali Iqbal,Male,Lahore,Home,Detergent 1kg,Surf Excel,2,850,15,1445,1360,85,Easypaisa,Hassan,3.6
ORD12005,22/07/2025,Gulberg,C1133,Maryam Ahmed,Female,Lahore,Beverages,Coca Cola 1.5L,Coca-Cola,1,220,10,198,170,28,Credit Card,Ahmed,4.4
ORD12006,28/10/2025,Gulberg,C1607,Ahmed Butt,Male,Lahore,Grocery,Basmati Rice 5kg,Guard,2,3200,20,5120,5200,-80,Debit Card,Ahmed,3.7
ORD12007,11/03/2025,Johar Town,C1786,Ayesha Iqbal,Female,Lahore,Grocery,Sugar 1kg,Shan,3,180,5,513,450,63,JazzCash,Zain,3.8
ORD12008,27/02/2025,Gulberg,C1051,Sara Sheikh,Male,Lahore,Bakery,Cake,Gourmet,2,900,15,1530,1400,130,Debit Card,Umar,4
ORD12009,10/09/2025,DHA,C1646,Sara Butt,Male,Lahore,Electronics,Power Bank,Xiaomi,3,4500,10,12150,10800,1350,Credit Card,Bilal,4.6
ORD12010,06/11/2025,Johar Town,C1527,Ahmed Ahmed,Male,Lahore,Electronics,Power Bank,Xiaomi,3,4500,10,12150,10800,1350,JazzCash,Ali,4.6
ORD12011,01/11/2025,Johar Town,C1291,Bilal Iqbal,Female,Lahore,Home,Soap,Lux,3,180,20,432,390,42,Easypaisa,Usman,4.8
ORD12012,02/11/2025,Model Town,C1632,Ayesha Khan,Female,Lahore,Stationery,Pen,Dollar,2,60,0,120,70,50,Easypaisa,Hamza,3.5
ORD12013,29/07/2025,Wapda Town,C1434,Ali Chaudhry,Male,Lahore,Grocery,Tea 475g,Tapal,2,980,10,1764,1640,124,Credit Card,Umar,4.8
ORD12014,20/03/2025,Johar Town,C1362,Ahmed Iqbal,Female,Lahore,Home,Soap,Lux,1,180,5,171,130,41,Cash,Ali,4.1
ORD12015,12/04/2025,Johar Town,C1696,Maryam Ahmed,Female,Lahore,Stationery,Notebook,Dollar,1,180,15,153,120,33,Easypaisa,Ali,4
ORD12016,28/01/2025,Gulberg,C1383,Usman Butt,Female,Lahore,Electronics,Power Bank,Xiaomi,4,4500,20,14400,14400,0,Credit Card,Ali,3.8
ORD12017,30/10/2025,DHA,C1058,Maryam Sheikh,Female,Lahore,Electronics,Keyboard,A4Tech,4,2800,20,8960,8800,160,Credit Card,Hassan,3.6
ORD12018,13/06/2025,DHA,C1741,Ayesha Ahmed,Male,Lahore,Stationery,Pen,Dollar,5,60,0,300,175,125,JazzCash,Hamza,4.2
ORD12019,03/06/2025,Model Town,C1339,Umar Ahmed,Male,Lahore,Stationery,Pen,Dollar,5,60,5,285,175,110,Debit Card,Zain,4.6
ORD12020,11/09/2025,Model Town,C1561,Ali Iqbal,Female,Lahore,Electronics,Power Bank,Xiaomi,5,4500,15,19125,18000,1125,Cash,Usman,5
ORD12021,22/12/2025,DHA,C1251,Ali Ahmed,Male,Lahore,Home,Soap,Lux,1,180,20,144,130,14,Debit Card,Ahmed,4.4
ORD12022,10/08/2025,Johar Town,C1707,Maryam Chaudhry,Male,Lahore,Home,Detergent 1kg,Surf Excel,2,850,5,1615,1360,255,Debit Card,Hassan,4.3
ORD12023,27/07/2025,Wapda Town,C1137,Hamza Malik,Male,Lahore,Electronics,Keyboard,A4Tech,1,2800,5,2660,2200,460,Easypaisa,Umar,4.1
ORD12024,31/10/2025,Model Town,C1485,Hassan Butt,Male,Lahore,Stationery,Notebook,Dollar,3,180,5,513,360,153,JazzCash,Zain,4.5
ORD12025,24/01/2025,Wapda Town,C1097,Bilal Khan,Male,Lahore,Beverages,Pepsi 1.5L,Pepsi,2,220,0,440,340,100,Easypaisa,Hassan,3.8
ORD12026,31/03/2025,Johar Town,C1305,Ayesha Ahmed,Male,Lahore,Bakery,Cookies,LU,3,250,5,712.5,540,172.5,JazzCash,Ahmed,4.7
ORD12027,05/09/2025,DHA,C1707,Hamza Butt,Female,Lahore,Electronics,Keyboard,A4Tech,1,2800,10,2520,2200,320,Cash,Umar,4
ORD12028,19/10/2025,Johar Town,C1565,Hassan Ahmed,Male,Lahore,Stationery,Marker,Dollar,5,120,0,600,400,200,Cash,Hamza,4.7
ORD12029,06/05/2025,Model Town,C1641,Maryam Butt,Male,Lahore,Beverages,Nestle Water 1.5L,Nestle,2,90,5,171,120,51,Easypaisa,Umar,4.2
ORD12030,22/04/2025,Gulberg,C1408,Umar Raza,Female,Lahore,Beverages,Pepsi 1.5L,Pepsi,4,220,20,704,680,24,Cash,Umar,3.5
ORD12031,13/10/2025,Gulberg,C1344,Sara Iqbal,Male,Lahore,Electronics,Mouse,Logitech,2,1800,15,3060,2800,260,JazzCash,Bilal,3.7
ORD12032,28/05/2025,Gulberg,C1136,Ayesha Raza,Male,Lahore,Grocery,Basmati Rice 5kg,Guard,4,3200,10,11520,10400,1120,Easypaisa,Umar,4.7
ORD12033,07/07/2025,Model Town,C1142,Hamza Khan,Female,Lahore,Bakery,Bread,Dawn,4,120,15,408,320,88,Debit Card,Ahmed,4.8
ORD12034,06/05/2025,DHA,C1650,Umar Raza,Female,Lahore,Stationery,Pen,Dollar,2,60,20,96,70,26,Cash,Bilal,4.4
ORD12035,17/05/2025,Johar Town,C1107,Fatima Malik,Female,Lahore,Electronics,Power Bank,Xiaomi,4,4500,20,14400,14400,0,JazzCash,Bilal,4.8
ORD12036,03/11/2025,Model Town,C1036,Sara Iqbal,Female,Lahore,Grocery,Sugar 1kg,Shan,5,180,20,720,750,-30,Cash,Bilal,4.4
ORD12037,05/12/2025,DHA,C1222,Usman Butt,Male,Lahore,Beverages,Pepsi 1.5L,Pepsi,4,220,15,748,680,68,JazzCash,Bilal,4.8
ORD12038,21/02/2025,Wapda Town,C1721,Fatima Ahmed,Male,Lahore,Beverages,Pepsi 1.5L,Pepsi,2,220,20,352,340,12,Credit Card,Bilal,4.3
ORD12039,23/06/2025,Gulberg,C1187,Zain Chaudhry,Female,Lahore,Beverages,Coca Cola 1.5L,Coca-Cola,1,220,0,220,170,50,Debit Card,Usman,4.9
ORD12040,30/10/2025,DHA,C1177,Zain Butt,Female,Lahore,Bakery,Cake,Gourmet,3,900,15,2295,2100,195,Easypaisa,Umar,4.6
ORD12041,23/12/2025,Wapda Town,C1145,Usman Malik,Female,Lahore,Home,Detergent 1kg,Surf Excel,5,850,20,3400,3400,0,JazzCash,Umar,3.6
ORD12042,03/12/2025,Wapda Town,C1051,Umar Ahmed,Male,Lahore,Bakery,Cookies,LU,1,250,15,212.5,180,32.5,Credit Card,Zain,4.1
ORD12043,28/08/2025,DHA,C1401,Ali Iqbal,Female,Lahore,Stationery,Marker,Dollar,5,120,20,480,400,80,Easypaisa,Bilal,4.4
ORD12044,18/07/2025,Gulberg,C1636,Ayesha Butt,Male,Lahore,Beverages,Nestle Water 1.5L,Nestle,5,90,5,427.5,300,127.5,Easypaisa,Ali,3.6
ORD12045,06/10/2025,Model Town,C1411,Usman Khan,Male,Lahore,Grocery,Cooking Oil 1L,Dalda,4,650,0,2600,2080,520,Easypaisa,Zain,4
ORD12046,13/06/2025,DHA,C1339,Ayesha Sheikh,Female,Lahore,Stationery,Pen,Dollar,5,60,15,255,175,80,Credit Card,Zain,4.8
ORD12047,30/06/2025,Model Town,C1282,Ali Khan,Male,Lahore,Grocery,Cooking Oil 1L,Dalda,3,650,15,1657.5,1560,97.5,Easypaisa,Umar,4
ORD12048,01/08/2025,DHA,C1074,Umar Sheikh,Female,Lahore,Bakery,Bread,Dawn,3,120,0,360,240,120,Credit Card,Zain,3.7
ORD12049,31/03/2025,Wapda Town,C1603,Sara Chaudhry,Female,Lahore,Electronics,Keyboard,A4Tech,3,2800,0,8400,6600,1800,Cash,Usman,4.7
ORD12050,14/04/2025,Model Town,C1018,Fatima Malik,Female,Lahore,Beverages,Nestle Water 1.5L,Nestle,4,90,20,288,240,48,Easypaisa,Ahmed,4.6
ORD12051,20/08/2025,Gulberg,C1638,Bilal Raza,Male,Lahore,Grocery,Cooking Oil 1L,Dalda,4,650,5,2470,2080,390,Debit Card,Hamza,3.6
ORD12052,24/01/2025,Wapda Town,C1754,Fatima Malik,Male,Lahore,Stationery,Pen,Dollar,1,60,20,48,35,13,JazzCash,Bilal,4.6
ORD12053,19/04/2025,Wapda Town,C1789,Umar Ahmed,Female,Lahore,Electronics,Power Bank,Xiaomi,5,4500,0,22500,18000,4500,JazzCash,Umar,4.8
ORD12054,22/10/2025,Johar Town,C1569,Bilal Ahmed,Male,Lahore,Home,Detergent 1kg,Surf Excel,3,850,10,2295,2040,255,Credit Card,Hamza,4.4
ORD12055,27/09/2025,Model Town,C1210,Hamza Sheikh,Female,Lahore,Grocery,Sugar 1kg,Shan,3,180,0,540,450,90,Credit Card,Ahmed,4.4
ORD12056,13/09/2025,DHA,C1694,Ali Iqbal,Male,Lahore,Stationery,Marker,Dollar,2,120,20,192,160,32,Debit Card,Hamza,3.5
ORD12057,12/11/2025,Johar Town,C1093,Hamza Butt,Female,Lahore,Electronics,Keyboard,A4Tech,2,2800,0,5600,4400,1200,JazzCash,Bilal,4.4
ORD12058,09/01/2025,Gulberg,C1233,Ahmed Chaudhry,Female,Lahore,Home,Detergent 1kg,Surf Excel,3,850,5,2422.5,2040,382.5,Easypaisa,Bilal,4.3
ORD12059,24/08/2025,DHA,C1069,Fatima Sheikh,Female,Lahore,Electronics,Power Bank,Xiaomi,3,4500,0,13500,10800,2700,JazzCash,Usman,3.8
ORD12060,14/09/2025,DHA,C1657,Fatima Sheikh,Female,Lahore,Bakery,Cake,Gourmet,2,900,20,1440,1400,40,Cash,Hamza,3.7
ORD12061,28/11/2025,DHA,C1740,Fatima Sheikh,Female,Lahore,Beverages,Pepsi 1.5L,Pepsi,4,220,0,880,680,200,Debit Card,Umar,4.1
ORD12062,04/09/2025,Model Town,C1198,Maryam Khan,Female,Lahore,Electronics,Power Bank,Xiaomi,2,4500,0,9000,7200,1800,Easypaisa,Usman,4.8
ORD12063,20/04/2025,Gulberg,C1543,Ahmed Chaudhry,Male,Lahore,Stationery,Marker,Dollar,1,120,10,108,80,28,Credit Card,Usman,4.8
ORD12064,05/07/2025,Wapda Town,C1562,Sara Khan,Female,Lahore,Electronics,Power Bank,Xiaomi,3,4500,15,11475,10800,675,Debit Card,Hassan,3.7
ORD12065,15/03/2025,Model Town,C1640,Fatima Khan,Male,Lahore,Beverages,Nestle Water 1.5L,Nestle,4,90,0,360,240,120,Debit Card,Hassan,4.2
ORD12066,21/10/2025,DHA,C1732,Fatima Chaudhry,Male,Lahore,Grocery,Basmati Rice 5kg,Guard,4,3200,10,11520,10400,1120,JazzCash,Bilal,4.7
ORD12067,17/08/2025,Model Town,C1431,Ayesha Iqbal,Female,Lahore,Bakery,Cookies,LU,3,250,0,750,540,210,Debit Card,Ali,5
ORD12068,06/10/2025,Johar Town,C1474,Fatima Ahmed,Female,Lahore,Bakery,Cake,Gourmet,1,900,15,765,700,65,JazzCash,Ali,4
ORD12069,05/11/2025,Wapda Town,C1781,Maryam Sheikh,Male,Lahore,Grocery,Sugar 1kg,Shan,3,180,20,432,450,-18,Easypaisa,Hassan,4.3
ORD12070,09/10/2025,Wapda Town,C1024,Usman Khan,Female,Lahore,Bakery,Cookies,LU,4,250,5,950,720,230,Easypaisa,Ali,3.7
ORD12071,31/10/2025,Gulberg,C1647,Zain Khan,Female,Lahore,Home,Shampoo,Sunsilk,1,620,5,589,500,89,Cash,Ali,3.7
ORD12072,18/10/2025,Gulberg,C1524,Usman Khan,Female,Lahore,Stationery,Marker,Dollar,5,120,15,510,400,110,Cash,Hamza,4.1
ORD12073,02/11/2025,Wapda Town,C1136,Hassan Chaudhry,Male,Lahore,Grocery,Basmati Rice 5kg,Guard,1,3200,15,2720,2600,120,JazzCash,Usman,4.1
ORD12074,07/11/2025,Model Town,C1678,Bilal Chaudhry,Male,Lahore,Beverages,Pepsi 1.5L,Pepsi,3,220,20,528,510,18,Debit Card,Zain,3.6
ORD12075,09/09/2025,Model Town,C1532,Maryam Malik,Male,Lahore,Electronics,Keyboard,A4Tech,5,2800,20,11200,11000,200,Credit Card,Zain,4.5
ORD12076,07/01/2025,Johar Town,C1674,Hassan Ahmed,Female,Lahore,Home,Soap,Lux,2,180,0,360,260,100,Credit Card,Zain,4.4
ORD12077,15/12/2025,Johar Town,C1660,Ahmed Chaudhry,Male,Lahore,Electronics,Keyboard,A4Tech,1,2800,10,2520,2200,320,JazzCash,Bilal,4.6
ORD12078,24/05/2025,Wapda Town,C1551,Hassan Ahmed,Male,Lahore,Electronics,Mouse,Logitech,3,1800,10,4860,4200,660,Credit Card,Ali,4
ORD12079,05/09/2025,DHA,C1051,Hassan Sheikh,Female,Lahore,Grocery,Basmati Rice 5kg,Guard,2,3200,5,6080,5200,880,Cash,Zain,4.4
ORD12080,21/07/2025,Wapda Town,C1655,Ayesha Chaudhry,Female,Lahore,Bakery,Cake,Gourmet,1,900,0,900,700,200,JazzCash,Ahmed,4.8
ORD12081,14/03/2025,DHA,C1437,Fatima Raza,Female,Lahore,Beverages,Nestle Water 1.5L,Nestle,3,90,10,243,180,63,Easypaisa,Umar,4.4
ORD12082,31/05/2025,DHA,C1023,Ahmed Sheikh,Male,Lahore,Grocery,Cooking Oil 1L,Dalda,4,650,15,2210,2080,130,Debit Card,Zain,4.2
ORD12083,13/09/2025,DHA,C1597,Ayesha Iqbal,Female,Lahore,Bakery,Cake,Gourmet,2,900,0,1800,1400,400,Debit Card,Usman,4.5
ORD12084,30/04/2025,Gulberg,C1140,Sara Ahmed,Female,Lahore,Grocery,Tea 475g,Tapal,5,980,5,4655,4100,555,JazzCash,Zain,4.9
ORD12085,05/12/2025,Johar Town,C1180,Bilal Ahmed,Female,Lahore,Electronics,Power Bank,Xiaomi,2,4500,5,8550,7200,1350,Credit Card,Ali,4.3
ORD12086,17/11/2025,Wapda Town,C1444,Umar Khan,Female,Lahore,Stationery,Pen,Dollar,5,60,5,285,175,110,Debit Card,Bilal,3.9
ORD12087,16/07/2025,Johar Town,C1745,Ahmed Iqbal,Female,Lahore,Home,Shampoo,Sunsilk,3,620,15,1581,1500,81,JazzCash,Bilal,4.5
ORD12088,18/11/2025,Model Town,C1066,Ayesha Khan,Female,Lahore,Home,Soap,Lux,5,180,0,900,650,250,Cash,Usman,4.8
ORD12089,09/02/2025,Wapda Town,C1566,Ahmed Raza,Male,Lahore,Bakery,Cake,Gourmet,1,900,15,765,700,65,Debit Card,Bilal,4.8
ORD12090,08/12/2025,DHA,C1576,Hassan Chaudhry,Female,Lahore,Home,Soap,Lux,1,180,20,144,130,14,Credit Card,Ahmed,4.6
ORD12091,07/03/2025,Model Town,C1296,Zain Malik,Male,Lahore,Bakery,Cake,Gourmet,2,900,20,1440,1400,40,Cash,Usman,4.1
ORD12092,21/11/2025,Wapda Town,C1394,Maryam Butt,Male,Lahore,Electronics,Power Bank,Xiaomi,1,4500,20,3600,3600,0,JazzCash,Hassan,4.1
ORD12093,20/08/2025,Model Town,C1424,Umar Ahmed,Male,Lahore,Home,Detergent 1kg,Surf Excel,5,850,15,3612.5,3400,212.5,Debit Card,Zain,4.6
ORD12094,04/05/2025,Johar Town,C1137,Zain Malik,Female,Lahore,Electronics,Mouse,Logitech,1,1800,5,1710,1400,310,JazzCash,Ahmed,3.6
ORD12095,17/04/2025,Johar Town,C1432,Ayesha Iqbal,Male,Lahore,Stationery,Pen,Dollar,4,60,20,192,140,52,Cash,Umar,4.8
ORD12096,11/11/2025,DHA,C1414,Ahmed Raza,Female,Lahore,Grocery,Sugar 1kg,Shan,2,180,10,324,300,24,Cash,Usman,3.8
ORD12097,29/06/2025,DHA,C1445,Bilal Butt,Female,Lahore,Grocery,Tea 475g,Tapal,3,980,15,2499,2460,39,Cash,Ali,4.3
ORD12098,07/05/2025,Gulberg,C1582,Sara Iqbal,Female,Lahore,Home,Detergent 1kg,Surf Excel,4,850,5,3230,2720,510,JazzCash,Zain,4
ORD12099,22/03/2025,Model Town,C1270,Ahmed Raza,Male,Lahore,Stationery,Notebook,Dollar,4,180,15,612,480,132,Cash,Hassan,4.9
ORD12100,08/10/2025,DHA,C1066,Maryam Malik,Female,Lahore,Electronics,Mouse,Logitech,2,1800,10,3240,2800,440,Credit Card,Bilal,4.8
ORD12101,24/07/2025,Wapda Town,C1235,Sara Khan,Female,Lahore,Home,Detergent 1kg,Surf Excel,2,850,20,1360,1360,0,Easypaisa,Hassan,4.9
ORD12102,03/02/2025,Gulberg,C1383,Zain Chaudhry,Female,Lahore,Electronics,Keyboard,A4Tech,3,2800,15,7140,6600,540,JazzCash,Hassan,3.7
ORD12103,17/02/2025,Wapda Town,C1530,Ayesha Iqbal,Male,Lahore,Grocery,Sugar 1kg,Shan,5,180,15,765,750,15,Cash,Usman,4.8
ORD12104,05/01/2025,DHA,C1250,Ayesha Chaudhry,Female,Lahore,Electronics,Mouse,Logitech,5,1800,10,8100,7000,1100,Easypaisa,Ali,4.3
ORD12105,27/01/2025,Gulberg,C1062,Ahmed Chaudhry,Male,Lahore,Stationery,Marker,Dollar,3,120,20,288,240,48,Cash,Bilal,3.8
ORD12106,13/02/2025,Johar Town,C1444,Ayesha Sheikh,Male,Lahore,Electronics,Mouse,Logitech,1,1800,10,1620,1400,220,Cash,Ahmed,4.2
ORD12107,08/10/2025,Wapda Town,C1688,Umar Iqbal,Female,Lahore,Grocery,Tea 475g,Tapal,1,980,0,980,820,160,Credit Card,Usman,4
ORD12108,21/08/2025,Johar Town,C1439,Sara Malik,Male,Lahore,Grocery,Tea 475g,Tapal,5,980,0,4900,4100,800,Cash,Zain,4.9
ORD12109,02/04/2025,Model Town,C1035,Ali Butt,Male,Lahore,Stationery,Marker,Dollar,2,120,0,240,160,80,Cash,Usman,4.9
ORD12110,10/08/2025,DHA,C1142,Usman Raza,Male,Lahore,Electronics,Power Bank,Xiaomi,3,4500,0,13500,10800,2700,Cash,Bilal,4.7
ORD12111,14/01/2025,Gulberg,C1323,Ahmed Raza,Female,Lahore,Home,Soap,Lux,4,180,0,720,520,200,JazzCash,Usman,3.5
ORD12112,25/07/2025,Johar Town,C1132,Usman Butt,Female,Lahore,Home,Detergent 1kg,Surf Excel,2,850,20,1360,1360,0,Cash,Ahmed,5
ORD12113,29/04/2025,Gulberg,C1382,Umar Butt,Male,Lahore,Bakery,Bread,Dawn,2,120,5,228,160,68,Cash,Ahmed,4.8
ORD12114,28/02/2025,Johar Town,C1229,Sara Ahmed,Male,Lahore,Beverages,Coca Cola 1.5L,Coca-Cola,5,220,10,990,850,140,Debit Card,Usman,4
ORD12115,22/09/2025,Johar Town,C1751,Sara Raza,Female,Lahore,Home,Detergent 1kg,Surf Excel,2,850,5,1615,1360,255,Easypaisa,Bilal,4
ORD12116,21/04/2025,DHA,C1792,Bilal Chaudhry,Female,Lahore,Electronics,Mouse,Logitech,5,1800,15,7650,7000,650,Cash,Usman,3.9
ORD12117,20/09/2025,Johar Town,C1764,Ali Iqbal,Male,Lahore,Home,Soap,Lux,2,180,10,324,260,64,Easypaisa,Umar,4.5
ORD12118,31/08/2025,Wapda Town,C1653,Zain Iqbal,Male,Lahore,Stationery,Notebook,Dollar,3,180,20,432,360,72,JazzCash,Umar,4.7
ORD12119,02/07/2025,Model Town,C1414,Hamza Iqbal,Male,Lahore,Home,Detergent 1kg,Surf Excel,3,850,5,2422.5,2040,382.5,Credit Card,Umar,4.6
ORD12120,19/07/2025,Gulberg,C1635,Umar Sheikh,Female,Lahore,Beverages,Coca Cola 1.5L,Coca-Cola,2,220,20,352,340,12,Cash,Bilal,4.2
ORD12121,09/07/2025,DHA,C1164,Bilal Chaudhry,Female,Lahore,Beverages,Pepsi 1.5L,Pepsi,4,220,20,704,680,24,Easypaisa,Hamza,4.6
ORD12122,08/12/2025,Wapda Town,C1716,Maryam Sheikh,Male,Lahore,Beverages,Coca Cola 1.5L,Coca-Cola,2,220,20,352,340,12,JazzCash,Zain,4.6
ORD12123,20/03/2025,Wapda Town,C1155,Bilal Ahmed,Female,Lahore,Electronics,Mouse,Logitech,4,1800,15,6120,5600,520,Easypaisa,Ali,3.7
ORD12124,23/08/2025,Wapda Town,C1230,Hamza Raza,Male,Lahore,Stationery,Marker,Dollar,4,120,5,456,320,136,Credit Card,Hamza,4.3
ORD12125,14/09/2025,Gulberg,C1423,Ahmed Sheikh,Male,Lahore,Stationery,Pen,Dollar,2,60,20,96,70,26,Credit Card,Umar,4.4
ORD12126,02/05/2025,Model Town,C1099,Hamza Malik,Male,Lahore,Bakery,Cake,Gourmet,5,900,0,4500,3500,1000,Cash,Hamza,4.8
ORD12127,21/09/2025,Gulberg,C1251,Ali Chaudhry,Male,Lahore,Stationery,Notebook,Dollar,4,180,0,720,480,240,Easypaisa,Usman,4.1
ORD12128,30/08/2025,DHA,C1550,Sara Sheikh,Female,Lahore,Stationery,Notebook,Dollar,1,180,0,180,120,60,JazzCash,Ahmed,4.3
ORD12129,13/03/2025,Johar Town,C1121,Usman Ahmed,Female,Lahore,Home,Shampoo,Sunsilk,3,620,20,1488,1500,-12,Easypaisa,Hassan,4.4
ORD12130,02/06/2025,DHA,C1148,Maryam Butt,Female,Lahore,Home,Soap,Lux,2,180,10,324,260,64,Credit Card,Zain,4.6
ORD12131,16/04/2025,Johar Town,C1767,Sara Raza,Male,Lahore,Beverages,Nestle Water 1.5L,Nestle,1,90,15,76.5,60,16.5,Debit Card,Hamza,4.7
ORD12132,15/05/2025,Johar Town,C1658,Umar Sheikh,Female,Lahore,Bakery,Cake,Gourmet,1,900,0,900,700,200,JazzCash,Umar,3.6
ORD12133,29/07/2025,Wapda Town,C1230,Hassan Iqbal,Male,Lahore,Home,Shampoo,Sunsilk,1,620,15,527,500,27,JazzCash,Ali,3.5
ORD12134,19/07/2025,Gulberg,C1117,Umar Malik,Female,Lahore,Grocery,Cooking Oil 1L,Dalda,3,650,20,1560,1560,0,JazzCash,Ahmed,4.6
ORD12135,11/02/2025,DHA,C1221,Ayesha Sheikh,Female,Lahore,Beverages,Pepsi 1.5L,Pepsi,2,220,10,396,340,56,Debit Card,Bilal,4.3
ORD12136,21/02/2025,DHA,C1091,Maryam Khan,Male,Lahore,Electronics,Mouse,Logitech,5,1800,20,7200,7000,200,Easypaisa,Umar,4.4
ORD12137,20/01/2025,Gulberg,C1411,Ali Raza,Male,Lahore,Grocery,Sugar 1kg,Shan,5,180,0,900,750,150,Cash,Ahmed,4.8
ORD12138,02/12/2025,Wapda Town,C1428,Umar Ahmed,Female,Lahore,Beverages,Pepsi 1.5L,Pepsi,2,220,20,352,340,12,JazzCash,Ahmed,4.6
ORD12139,07/02/2025,DHA,C1148,Ahmed Malik,Female,Lahore,Bakery,Cake,Gourmet,1,900,5,855,700,155,JazzCash,Zain,4
ORD12140,14/05/2025,Johar Town,C1077,Umar Khan,Female,Lahore,Beverages,Pepsi 1.5L,Pepsi,2,220,10,396,340,56,JazzCash,Ali,4.2
ORD12141,30/10/2025,Gulberg,C1082,Hamza Chaudhry,Male,Lahore,Grocery,Cooking Oil 1L,Dalda,5,650,15,2762.5,2600,162.5,Cash,Umar,3.7
ORD12142,11/03/2025,Gulberg,C1139,Bilal Chaudhry,Male,Lahore,Stationery,Notebook,Dollar,5,180,10,810,600,210,Debit Card,Ali,3.9
ORD12143,03/03/2025,DHA,C1140,Ayesha Ahmed,Male,Lahore,Beverages,Nestle Water 1.5L,Nestle,4,90,10,324,240,84,Easypaisa,Umar,4.8
ORD12144,08/07/2025,Johar Town,C1620,Ahmed Malik,Male,Lahore,Home,Soap,Lux,3,180,15,459,390,69,Cash,Umar,4
ORD12145,26/02/2025,DHA,C1174,Hassan Butt,Male,Lahore,Stationery,Pen,Dollar,1,60,20,48,35,13,Credit Card,Bilal,4.8
ORD12146,08/02/2025,Johar Town,C1340,Ali Sheikh,Female,Lahore,Stationery,Notebook,Dollar,1,180,10,162,120,42,Debit Card,Hamza,3.6
ORD12147,08/10/2025,DHA,C1180,Zain Chaudhry,Female,Lahore,Electronics,Keyboard,A4Tech,3,2800,5,7980,6600,1380,Cash,Ahmed,3.7
ORD12148,06/07/2025,Wapda Town,C1556,Sara Raza,Female,Lahore,Electronics,Keyboard,A4Tech,1,2800,15,2380,2200,180,Easypaisa,Hamza,4.4
ORD12149,17/09/2025,Gulberg,C1379,Ahmed Iqbal,Female,Lahore,Bakery,Cake,Gourmet,2,900,0,1800,1400,400,Easypaisa,Zain,4.9
ORD12150,25/07/2025,DHA,C1150,Usman Chaudhry,Male,Lahore,Beverages,Coca Cola 1.5L,Coca-Cola,3,220,20,528,510,18,Easypaisa,Usman,4.1
ORD12151,10/03/2025,Gulberg,C1266,Umar Khan,Female,Lahore,Stationery,Pen,Dollar,4,60,10,216,140,76,Cash,Ahmed,3.6
ORD12152,01/12/2025,Model Town,C1522,Zain Sheikh,Male,Lahore,Electronics,Mouse,Logitech,2,1800,0,3600,2800,800,Credit Card,Ahmed,4.7
ORD12153,20/09/2025,Model Town,C1419,Fatima Khan,Female,Lahore,Home,Detergent 1kg,Surf Excel,1,850,0,850,680,170,Cash,Umar,3.7
ORD12154,14/03/2025,Johar Town,C1514,Maryam Ahmed,Male,Lahore,Grocery,Tea 475g,Tapal,4,980,5,3724,3280,444,Credit Card,Usman,3.7
ORD12155,15/03/2025,Wapda Town,C1159,Bilal Khan,Female,Lahore,Bakery,Bread,Dawn,2,120,5,228,160,68,Easypaisa,Zain,4.8
ORD12156,27/09/2025,Wapda Town,C1305,Ali Khan,Female,Lahore,Beverages,Coca Cola 1.5L,Coca-Cola,5,220,20,880,850,30,Cash,Ahmed,4.6
ORD12157,11/10/2025,Johar Town,C1382,Ahmed Ahmed,Male,Lahore,Electronics,Keyboard,A4Tech,5,2800,0,14000,11000,3000,Credit Card,Ahmed,4.7
ORD12158,10/06/2025,Johar Town,C1785,Zain Butt,Male,Lahore,Beverages,Coca Cola 1.5L,Coca-Cola,4,220,5,836,680,156,Easypaisa,Bilal,3.7
ORD12159,25/12/2025,Gulberg,C1614,Ayesha Malik,Male,Lahore,Stationery,Pen,Dollar,4,60,20,192,140,52,Debit Card,Ahmed,4.8
ORD12160,13/01/2025,DHA,C1249,Bilal Ahmed,Female,Lahore,Electronics,Mouse,Logitech,5,1800,10,8100,7000,1100,Debit Card,Ali,4.9
ORD12161,15/05/2025,Model Town,C1295,Maryam Butt,Male,Lahore,Electronics,Keyboard,A4Tech,5,2800,15,11900,11000,900,Debit Card,Ali,4.5
ORD12162,12/12/2025,Model Town,C1228,Hamza Chaudhry,Male,Lahore,Bakery,Cake,Gourmet,2,900,0,1800,1400,400,Debit Card,Umar,4.3
ORD12163,01/03/2025,Wapda Town,C1743,Maryam Chaudhry,Female,Lahore,Stationery,Notebook,Dollar,1,180,5,171,120,51,Debit Card,Hamza,4.4
ORD12164,08/01/2025,DHA,C1505,Hamza Raza,Male,Lahore,Electronics,Keyboard,A4Tech,5,2800,10,12600,11000,1600,JazzCash,Bilal,3.8
ORD12165,01/01/2025,Gulberg,C1707,Bilal Iqbal,Male,Lahore,Home,Shampoo,Sunsilk,4,620,20,1984,2000,-16,JazzCash,Hamza,3.5
ORD12166,04/02/2025,Model Town,C1471,Hassan Malik,Female,Lahore,Stationery,Notebook,Dollar,4,180,10,648,480,168,Credit Card,Zain,4.2
ORD12167,23/01/2025,Model Town,C1425,Ahmed Malik,Female,Lahore,Grocery,Tea 475g,Tapal,3,980,5,2793,2460,333,JazzCash,Ali,3.9
ORD12168,10/10/2025,Gulberg,C1525,Bilal Malik,Female,Lahore,Grocery,Cooking Oil 1L,Dalda,3,650,5,1852.5,1560,292.5,Easypaisa,Usman,4.5
ORD12169,23/07/2025,Model Town,C1185,Hamza Khan,Female,Lahore,Electronics,Keyboard,A4Tech,3,2800,15,7140,6600,540,Debit Card,Hassan,4.6
ORD12170,09/05/2025,Gulberg,C1786,Ali Raza,Male,Lahore,Beverages,Pepsi 1.5L,Pepsi,3,220,20,528,510,18,Easypaisa,Usman,4
ORD12171,19/06/2025,Gulberg,C1336,Fatima Iqbal,Female,Lahore,Electronics,Mouse,Logitech,4,1800,20,5760,5600,160,Easypaisa,Bilal,4.8
ORD12172,27/10/2025,Wapda Town,C1388,Ali Butt,Female,Lahore,Grocery,Tea 475g,Tapal,2,980,15,1666,1640,26,Debit Card,Zain,4.2
ORD12173,03/05/2025,DHA,C1692,Sara Raza,Female,Lahore,Beverages,Pepsi 1.5L,Pepsi,2,220,20,352,340,12,Debit Card,Hassan,4.8
ORD12174,14/06/2025,Model Town,C1232,Ali Raza,Male,Lahore,Stationery,Marker,Dollar,2,120,20,192,160,32,Debit Card,Hamza,4.1
ORD12175,20/12/2025,Johar Town,C1102,Ayesha Raza,Male,Lahore,Bakery,Cake,Gourmet,1,900,15,765,700,65,JazzCash,Usman,4.7
ORD12176,14/01/2025,Wapda Town,C1788,Usman Ahmed,Female,Lahore,Electronics,Mouse,Logitech,4,1800,15,6120,5600,520,Debit Card,Usman,4.8
ORD12177,15/07/2025,Model Town,C1227,Usman Iqbal,Male,Lahore,Bakery,Bread,Dawn,4,120,0,480,320,160,Debit Card,Ali,4.8
ORD12178,28/10/2025,Wapda Town,C1799,Hamza Khan,Male,Lahore,Beverages,Nestle Water 1.5L,Nestle,1,90,10,81,60,21,Debit Card,Ahmed,4.1
ORD12179,10/12/2025,Johar Town,C1659,Hassan Malik,Female,Lahore,Bakery,Bread,Dawn,1,120,20,96,80,16,JazzCash,Hassan,4.2
ORD12180,07/09/2025,Gulberg,C1189,Maryam Iqbal,Female,Lahore,Grocery,Basmati Rice 5kg,Guard,1,3200,0,3200,2600,600,Cash,Hamza,3.7
ORD12181,24/06/2025,Gulberg,C1527,Maryam Iqbal,Female,Lahore,Home,Shampoo,Sunsilk,3,620,15,1581,1500,81,JazzCash,Bilal,3.5
ORD12182,19/08/2025,Gulberg,C1293,Hamza Malik,Male,Lahore,Bakery,Cake,Gourmet,2,900,5,1710,1400,310,Debit Card,Ali,4.9
ORD12183,30/11/2025,Gulberg,C1292,Hamza Sheikh,Female,Lahore,Stationery,Pen,Dollar,4,60,20,192,140,52,Easypaisa,Bilal,4.8
ORD12184,16/08/2025,DHA,C1201,Zain Ahmed,Male,Lahore,Grocery,Basmati Rice 5kg,Guard,5,3200,10,14400,13000,1400,Easypaisa,Umar,4.1
ORD12185,04/08/2025,DHA,C1182,Zain Chaudhry,Female,Lahore,Stationery,Pen,Dollar,3,60,0,180,105,75,Cash,Usman,3.5
ORD12186,22/10/2025,Model Town,C1561,Ali Sheikh,Male,Lahore,Beverages,Nestle Water 1.5L,Nestle,1,90,10,81,60,21,JazzCash,Ahmed,3.7
ORD12187,06/05/2025,Wapda Town,C1697,Ayesha Khan,Female,Lahore,Grocery,Basmati Rice 5kg,Guard,4,3200,15,10880,10400,480,Easypaisa,Hamza,3.8
ORD12188,06/05/2025,Gulberg,C1553,Hamza Butt,Male,Lahore,Beverages,Pepsi 1.5L,Pepsi,2,220,15,374,340,34,Debit Card,Hamza,4.7
ORD12189,22/09/2025,Model Town,C1226,Ayesha Ahmed,Male,Lahore,Stationery,Pen,Dollar,5,60,10,270,175,95,Credit Card,Usman,4.4
ORD12190,09/04/2025,Model Town,C1345,Hassan Butt,Male,Lahore,Grocery,Basmati Rice 5kg,Guard,1,3200,5,3040,2600,440,Cash,Hassan,3.7
ORD12191,12/08/2025,Model Town,C1628,Hassan Butt,Female,Lahore,Electronics,Power Bank,Xiaomi,5,4500,15,19125,18000,1125,JazzCash,Bilal,3.7
ORD12192,04/12/2025,DHA,C1584,Ahmed Iqbal,Male,Lahore,Bakery,Bread,Dawn,4,120,15,408,320,88,JazzCash,Usman,3.6
ORD12193,20/02/2025,DHA,C1168,Maryam Sheikh,Female,Lahore,Electronics,Power Bank,Xiaomi,1,4500,15,3825,3600,225,Credit Card,Usman,4.1
ORD12194,23/04/2025,Johar Town,C1287,Hamza Iqbal,Male,Lahore,Electronics,Mouse,Logitech,2,1800,15,3060,2800,260,Debit Card,Umar,4.9
ORD12195,07/07/2025,Wapda Town,C1481,Umar Raza,Female,Lahore,Stationery,Pen,Dollar,3,60,15,153,105,48,JazzCash,Bilal,4.4
ORD12196,23/03/2025,DHA,C1124,Ali Raza,Female,Lahore,Beverages,Coca Cola 1.5L,Coca-Cola,5,220,10,990,850,140,Debit Card,Zain,3.5
ORD12197,31/07/2025,DHA,C1393,Fatima Iqbal,Male,Lahore,Bakery,Bread,Dawn,5,120,15,510,400,110,Debit Card,Ahmed,4.8
ORD12198,06/03/2025,Wapda Town,C1237,Maryam Iqbal,Male,Lahore,Home,Soap,Lux,4,180,5,684,520,164,JazzCash,Umar,4.4
ORD12199,21/04/2025,Gulberg,C1135,Sara Ahmed,Female,Lahore,Electronics,Power Bank,Xiaomi,3,4500,5,12825,10800,2025,Easypaisa,Zain,4.9
ORD12200,06/04/2025,Model Town,C1564,Maryam Khan,Female,Lahore,Beverages,Pepsi 1.5L,Pepsi,3,220,15,561,510,51,Credit Card,Umar,4.6
ORD12201,26/08/2025,DHA,C1715,Zain Khan,Female,Lahore,Beverages,Coca Cola 1.5L,Coca-Cola,1,220,20,176,170,6,Cash,Hassan,3.8
ORD12202,09/11/2025,Model Town,C1569,Zain Butt,Male,Lahore,Bakery,Bread,Dawn,1,120,10,108,80,28,Debit Card,Umar,4.5
ORD12203,21/03/2025,DHA,C1066,Maryam Sheikh,Female,Lahore,Stationery,Notebook,Dollar,5,180,10,810,600,210,Easypaisa,Umar,3.5
ORD12204,11/04/2025,Wapda Town,C1437,Hassan Khan,Male,Lahore,Home,Shampoo,Sunsilk,2,620,5,1178,1000,178,Cash,Usman,4.8
ORD12205,19/03/2025,Wapda Town,C1275,Usman Sheikh,Female,Lahore,Grocery,Basmati Rice 5kg,Guard,5,3200,10,14400,13000,1400,JazzCash,Hassan,3.8
ORD12206,19/04/2025,Gulberg,C1522,Usman Sheikh,Female,Lahore,Home,Soap,Lux,5,180,15,765,650,115,Cash,Hassan,4.1
ORD12207,21/06/2025,DHA,C1446,Sara Butt,Male,Lahore,Stationery,Marker,Dollar,3,120,20,288,240,48,JazzCash,Zain,4.9
ORD12208,24/05/2025,Johar Town,C1150,Bilal Iqbal,Male,Lahore,Bakery,Cake,Gourmet,1,900,0,900,700,200,JazzCash,Hassan,4.1
ORD12209,01/12/2025,DHA,C1401,Ahmed Chaudhry,Female,Lahore,Grocery,Basmati Rice 5kg,Guard,1,3200,10,2880,2600,280,JazzCash,Ahmed,4.3
ORD12210,25/01/2025,Gulberg,C1293,Bilal Ahmed,Male,Lahore,Beverages,Nestle Water 1.5L,Nestle,5,90,20,360,300,60,Credit Card,Ahmed,3.9
ORD12211,02/02/2025,DHA,C1078,Zain Malik,Female,Lahore,Electronics,Keyboard,A4Tech,4,2800,20,8960,8800,160,Debit Card,Ali,3.9
ORD12212,27/11/2025,DHA,C1361,Fatima Khan,Male,Lahore,Beverages,Coca Cola 1.5L,Coca-Cola,3,220,15,561,510,51,Cash,Ahmed,3.7
ORD12213,26/07/2025,Model Town,C1113,Ayesha Chaudhry,Female,Lahore,Bakery,Cookies,LU,4,250,10,900,720,180,Cash,Ali,4.9
ORD12214,08/11/2025,Model Town,C1621,Fatima Malik,Female,Lahore,Grocery,Cooking Oil 1L,Dalda,4,650,0,2600,2080,520,Cash,Hamza,3.6
ORD12215,07/07/2025,Model Town,C1116,Ahmed Chaudhry,Female,Lahore,Bakery,Cookies,LU,4,250,20,800,720,80,Easypaisa,Zain,4.4
ORD12216,31/12/2025,Model Town,C1068,Ayesha Khan,Female,Lahore,Bakery,Bread,Dawn,2,120,5,228,160,68,Cash,Zain,5
ORD12217,02/10/2025,DHA,C1660,Fatima Ahmed,Female,Lahore,Beverages,Coca Cola 1.5L,Coca-Cola,2,220,10,396,340,56,Easypaisa,Zain,4.2
ORD12218,18/03/2025,Johar Town,C1254,Sara Butt,Female,Lahore,Bakery,Cookies,LU,2,250,10,450,360,90,Debit Card,Hamza,4.1
ORD12219,14/03/2025,Wapda Town,C1045,Ahmed Iqbal,Female,Lahore,Grocery,Tea 475g,Tapal,4,980,10,3528,3280,248,Easypaisa,Hamza,4.3
ORD12220,06/11/2025,Johar Town,C1528,Hamza Malik,Male,Lahore,Beverages,Pepsi 1.5L,Pepsi,2,220,0,440,340,100,Easypaisa,Usman,4.2
ORD12221,16/07/2025,DHA,C1325,Ahmed Iqbal,Male,Lahore,Home,Shampoo,Sunsilk,5,620,5,2945,2500,445,Debit Card,Zain,3.7
ORD12222,23/09/2025,Johar Town,C1005,Fatima Chaudhry,Male,Lahore,Electronics,Keyboard,A4Tech,4,2800,0,11200,8800,2400,Cash,Umar,3.7
ORD12223,05/01/2025,Johar Town,C1496,Ayesha Chaudhry,Female,Lahore,Stationery,Pen,Dollar,2,60,20,96,70,26,Cash,Ali,4.8
ORD12224,14/09/2025,Model Town,C1669,Fatima Sheikh,Male,Lahore,Electronics,Mouse,Logitech,3,1800,5,5130,4200,930,Cash,Ahmed,3.5
ORD12225,12/02/2025,DHA,C1145,Hassan Raza,Female,Lahore,Beverages,Pepsi 1.5L,Pepsi,1,220,5,209,170,39,Easypaisa,Hassan,4.8
ORD12226,27/01/2025,Model Town,C1097,Sara Sheikh,Male,Lahore,Electronics,Power Bank,Xiaomi,4,4500,15,15300,14400,900,JazzCash,Umar,3.7
ORD12227,06/07/2025,Model Town,C1413,Ayesha Sheikh,Female,Lahore,Stationery,Marker,Dollar,4,120,10,432,320,112,Cash,Hamza,4.3
ORD12228,01/05/2025,Gulberg,C1630,Maryam Iqbal,Male,Lahore,Beverages,Coca Cola 1.5L,Coca-Cola,3,220,0,660,510,150,Debit Card,Bilal,4.9
ORD12229,12/12/2025,Model Town,C1640,Hassan Butt,Male,Lahore,Home,Shampoo,Sunsilk,3,620,5,1767,1500,267,Cash,Ali,4.6
ORD12230,05/05/2025,Gulberg,C1371,Maryam Raza,Female,Lahore,Bakery,Cake,Gourmet,1,900,15,765,700,65,Debit Card,Hamza,3.6
ORD12231,28/02/2025,Gulberg,C1337,Ali Ahmed,Male,Lahore,Electronics,Keyboard,A4Tech,5,2800,0,14000,11000,3000,Cash,Hamza,4.6
ORD12232,19/03/2025,Gulberg,C1138,Umar Iqbal,Male,Lahore,Home,Detergent 1kg,Surf Excel,1,850,20,680,680,0,Credit Card,Umar,4.9
ORD12233,03/11/2025,DHA,C1296,Fatima Malik,Female,Lahore,Home,Shampoo,Sunsilk,2,620,5,1178,1000,178,Easypaisa,Ali,4.4
ORD12234,25/02/2025,Wapda Town,C1094,Bilal Sheikh,Male,Lahore,Electronics,Power Bank,Xiaomi,4,4500,15,15300,14400,900,JazzCash,Hamza,5
ORD12235,18/07/2025,Gulberg,C1213,Ahmed Chaudhry,Male,Lahore,Electronics,Power Bank,Xiaomi,2,4500,5,8550,7200,1350,Easypaisa,Hamza,4
ORD12236,23/09/2025,DHA,C1271,Sara Butt,Female,Lahore,Beverages,Coca Cola 1.5L,Coca-Cola,4,220,20,704,680,24,Debit Card,Bilal,3.5
ORD12237,18/01/2025,Wapda Town,C1401,Zain Khan,Male,Lahore,Stationery,Marker,Dollar,2,120,0,240,160,80,Credit Card,Hamza,4.7
ORD12238,13/06/2025,DHA,C1214,Usman Chaudhry,Male,Lahore,Grocery,Basmati Rice 5kg,Guard,5,3200,10,14400,13000,1400,Easypaisa,Hassan,4.6
ORD12239,27/11/2025,DHA,C1431,Zain Malik,Female,Lahore,Stationery,Marker,Dollar,2,120,5,228,160,68,JazzCash,Hassan,4.7
ORD12240,15/02/2025,Gulberg,C1539,Sara Malik,Male,Lahore,Grocery,Basmati Rice 5kg,Guard,1,3200,20,2560,2600,-40,JazzCash,Umar,4.3
ORD12241,02/01/2025,Wapda Town,C1660,Hassan Iqbal,Female,Lahore,Electronics,Power Bank,Xiaomi,1,4500,5,4275,3600,675,Cash,Zain,4.3
ORD12242,04/11/2025,Johar Town,C1051,Bilal Malik,Female,Lahore,Beverages,Nestle Water 1.5L,Nestle,1,90,20,72,60,12,Easypaisa,Hamza,3.6
ORD12243,02/08/2025,Wapda Town,C1085,Usman Butt,Female,Lahore,Home,Detergent 1kg,Surf Excel,5,850,0,4250,3400,850,JazzCash,Ali,4
ORD12244,20/10/2025,Gulberg,C1356,Maryam Malik,Male,Lahore,Electronics,Keyboard,A4Tech,3,2800,15,7140,6600,540,Cash,Ahmed,5
ORD12245,15/12/2025,Wapda Town,C1444,Ayesha Malik,Female,Lahore,Bakery,Bread,Dawn,2,120,0,240,160,80,JazzCash,Bilal,5
ORD12246,18/02/2025,Johar Town,C1684,Umar Malik,Female,Lahore,Bakery,Cake,Gourmet,1,900,10,810,700,110,Easypaisa,Zain,4.5
ORD12247,23/02/2025,Gulberg,C1522,Ayesha Chaudhry,Female,Lahore,Home,Soap,Lux,4,180,15,612,520,92,Debit Card,Hassan,4.1
ORD12248,01/05/2025,Gulberg,C1090,Maryam Sheikh,Male,Lahore,Home,Shampoo,Sunsilk,5,620,10,2790,2500,290,Easypaisa,Hamza,3.8
ORD12249,23/03/2025,Model Town,C1528,Maryam Khan,Male,Lahore,Beverages,Coca Cola 1.5L,Coca-Cola,4,220,15,748,680,68,Easypaisa,Hamza,3.6
ORD12250,22/07/2025,Wapda Town,C1693,Maryam Khan,Female,Lahore,Electronics,Mouse,Logitech,2,1800,20,2880,2800,80,Credit Card,Hassan,4.7
ORD12251,17/10/2025,DHA,C1638,Ayesha Chaudhry,Female,Lahore,Bakery,Bread,Dawn,2,120,10,216,160,56,Debit Card,Hamza,4
ORD12252,05/11/2025,Wapda Town,C1193,Fatima Iqbal,Male,Lahore,Home,Soap,Lux,3,180,0,540,390,150,Credit Card,Ahmed,4.9
ORD12253,30/12/2025,Model Town,C1338,Ayesha Malik,Male,Lahore,Electronics,Mouse,Logitech,4,1800,0,7200,5600,1600,Debit Card,Zain,4.8
ORD12254,29/06/2025,DHA,C1539,Umar Khan,Male,Lahore,Grocery,Tea 475g,Tapal,1,980,0,980,820,160,Credit Card,Ahmed,3.5
ORD12255,05/11/2025,Johar Town,C1536,Ayesha Chaudhry,Female,Lahore,Beverages,Coca Cola 1.5L,Coca-Cola,3,220,20,528,510,18,Easypaisa,Ahmed,4.4
ORD12256,25/11/2025,Gulberg,C1127,Ahmed Butt,Female,Lahore,Grocery,Cooking Oil 1L,Dalda,5,650,5,3087.5,2600,487.5,Cash,Ali,4.5
ORD12257,20/07/2025,Johar Town,C1586,Ali Sheikh,Female,Lahore,Stationery,Notebook,Dollar,4,180,10,648,480,168,Debit Card,Usman,3.7
ORD12258,07/04/2025,Wapda Town,C1017,Umar Butt,Male,Lahore,Home,Shampoo,Sunsilk,2,620,0,1240,1000,240,Cash,Umar,4.5
ORD12259,11/01/2025,Model Town,C1143,Bilal Chaudhry,Female,Lahore,Beverages,Coca Cola 1.5L,Coca-Cola,2,220,15,374,340,34,Debit Card,Umar,4.9
ORD12260,22/11/2025,Gulberg,C1658,Bilal Raza,Female,Lahore,Electronics,Mouse,Logitech,3,1800,15,4590,4200,390,JazzCash,Zain,4.9
ORD12261,14/12/2025,Wapda Town,C1505,Hassan Iqbal,Female,Lahore,Home,Soap,Lux,1,180,15,153,130,23,Credit Card,Zain,3.8
ORD12262,19/06/2025,Model Town,C1563,Fatima Sheikh,Female,Lahore,Stationery,Notebook,Dollar,3,180,15,459,360,99,JazzCash,Hassan,4.5
ORD12263,18/05/2025,Johar Town,C1678,Hamza Sheikh,Male,Lahore,Bakery,Bread,Dawn,3,120,20,288,240,48,Easypaisa,Umar,3.8
ORD12264,20/07/2025,Johar Town,C1031,Zain Chaudhry,Female,Lahore,Electronics,Power Bank,Xiaomi,3,4500,5,12825,10800,2025,Credit Card,Umar,3.5
ORD12265,18/09/2025,Model Town,C1790,Sara Malik,Female,Lahore,Bakery,Cookies,LU,2,250,5,475,360,115,Credit Card,Hassan,4.8
ORD12266,09/08/2025,Gulberg,C1365,Ali Raza,Female,Lahore,Bakery,Cake,Gourmet,3,900,20,2160,2100,60,Cash,Zain,5
ORD12267,17/01/2025,Model Town,C1475,Usman Khan,Male,Lahore,Bakery,Bread,Dawn,5,120,10,540,400,140,Easypaisa,Hassan,3.9
ORD12268,05/11/2025,Model Town,C1233,Maryam Chaudhry,Male,Lahore,Beverages,Nestle Water 1.5L,Nestle,1,90,15,76.5,60,16.5,JazzCash,Zain,3.9
ORD12269,26/06/2025,Wapda Town,C1030,Ahmed Sheikh,Male,Lahore,Stationery,Marker,Dollar,1,120,5,114,80,34,Credit Card,Zain,3.7
ORD12270,20/01/2025,DHA,C1024,Zain Butt,Male,Lahore,Stationery,Notebook,Dollar,1,180,10,162,120,42,Credit Card,Hassan,4
ORD12271,03/02/2025,Johar Town,C1230,Ayesha Iqbal,Male,Lahore,Beverages,Coca Cola 1.5L,Coca-Cola,5,220,10,990,850,140,Cash,Ali,3.7
ORD12272,03/05/2025,DHA,C1171,Umar Iqbal,Male,Lahore,Stationery,Pen,Dollar,5,60,0,300,175,125,Easypaisa,Bilal,3.7
ORD12273,11/08/2025,Gulberg,C1709,Ali Iqbal,Female,Lahore,Stationery,Pen,Dollar,2,60,10,108,70,38,Debit Card,Hassan,4.3
ORD12274,13/12/2025,Gulberg,C1266,Zain Sheikh,Male,Lahore,Electronics,Keyboard,A4Tech,3,2800,10,7560,6600,960,JazzCash,Ali,4.4
ORD12275,15/06/2025,DHA,C1367,Hamza Malik,Female,Lahore,Grocery,Basmati Rice 5kg,Guard,4,3200,10,11520,10400,1120,Cash,Hamza,3.7
ORD12276,06/04/2025,Johar Town,C1254,Ayesha Raza,Female,Lahore,Bakery,Bread,Dawn,4,120,15,408,320,88,Cash,Usman,4.8
ORD12277,08/12/2025,Johar Town,C1780,Umar Raza,Male,Lahore,Electronics,Keyboard,A4Tech,3,2800,15,7140,6600,540,Debit Card,Hamza,3.5
ORD12278,12/05/2025,Model Town,C1164,Ali Khan,Female,Lahore,Bakery,Bread,Dawn,5,120,15,510,400,110,JazzCash,Hassan,3.6
ORD12279,09/08/2025,Wapda Town,C1345,Ahmed Sheikh,Female,Lahore,Beverages,Pepsi 1.5L,Pepsi,2,220,20,352,340,12,Cash,Bilal,4
ORD12280,31/12/2025,Wapda Town,C1147,Usman Sheikh,Female,Lahore,Electronics,Power Bank,Xiaomi,5,4500,20,18000,18000,0,Debit Card,Ali,4.9
ORD12281,21/04/2025,Wapda Town,C1040,Bilal Iqbal,Male,Lahore,Electronics,Mouse,Logitech,5,1800,20,7200,7000,200,Credit Card,Usman,3.6
ORD12282,09/07/2025,DHA,C1048,Zain Butt,Male,Lahore,Bakery,Bread,Dawn,4,120,10,432,320,112,Debit Card,Ali,3.9
ORD12283,09/03/2025,Model Town,C1478,Usman Ahmed,Male,Lahore,Home,Soap,Lux,3,180,15,459,390,69,Credit Card,Bilal,4.4
ORD12284,27/05/2025,Wapda Town,C1725,Hassan Raza,Male,Lahore,Stationery,Pen,Dollar,2,60,0,120,70,50,Easypaisa,Zain,3.8
ORD12285,13/02/2025,Model Town,C1122,Zain Ahmed,Female,Lahore,Grocery,Cooking Oil 1L,Dalda,5,650,15,2762.5,2600,162.5,Cash,Hamza,3.7
ORD12286,27/10/2025,Model Town,C1348,Ahmed Chaudhry,Male,Lahore,Grocery,Tea 475g,Tapal,5,980,5,4655,4100,555,Debit Card,Ali,4.8
ORD12287,14/03/2025,Wapda Town,C1501,Hassan Butt,Male,Lahore,Stationery,Marker,Dollar,1,120,0,120,80,40,Cash,Hassan,4.1
ORD12288,08/02/2025,Model Town,C1797,Ayesha Ahmed,Male,Lahore,Electronics,Keyboard,A4Tech,2,2800,15,4760,4400,360,Credit Card,Usman,4.3
ORD12289,16/12/2025,DHA,C1355,Sara Ahmed,Female,Lahore,Home,Soap,Lux,1,180,15,153,130,23,Debit Card,Ahmed,3.9
ORD12290,12/06/2025,Johar Town,C1795,Zain Sheikh,Male,Lahore,Grocery,Basmati Rice 5kg,Guard,2,3200,0,6400,5200,1200,JazzCash,Umar,4.3
ORD12291,18/01/2025,Gulberg,C1175,Sara Iqbal,Female,Lahore,Beverages,Nestle Water 1.5L,Nestle,3,90,10,243,180,63,Easypaisa,Hamza,3.6
ORD12292,29/11/2025,Johar Town,C1280,Umar Chaudhry,Female,Lahore,Grocery,Sugar 1kg,Shan,1,180,20,144,150,-6,Credit Card,Ali,4.3
ORD12293,16/03/2025,Gulberg,C1046,Ahmed Malik,Male,Lahore,Beverages,Coca Cola 1.5L,Coca-Cola,5,220,20,880,850,30,Easypaisa,Usman,3.6
ORD12294,10/06/2025,Model Town,C1062,Ahmed Raza,Male,Lahore,Grocery,Cooking Oil 1L,Dalda,2,650,10,1170,1040,130,Debit Card,Ahmed,3.6
ORD12295,02/10/2025,Johar Town,C1178,Ali Malik,Male,Lahore,Stationery,Marker,Dollar,2,120,10,216,160,56,Easypaisa,Ali,4.6
ORD12296,23/11/2025,Johar Town,C1551,Sara Ahmed,Female,Lahore,Home,Detergent 1kg,Surf Excel,4,850,0,3400,2720,680,Debit Card,Hamza,4.4
ORD12297,27/08/2025,Model Town,C1439,Ayesha Butt,Male,Lahore,Stationery,Marker,Dollar,5,120,10,540,400,140,Cash,Ahmed,4
ORD12298,11/02/2025,Model Town,C1010,Ayesha Ahmed,Female,Lahore,Electronics,Power Bank,Xiaomi,1,4500,0,4500,3600,900,Debit Card,Bilal,4.3
ORD12299,15/01/2025,DHA,C1107,Usman Malik,Female,Lahore,Stationery,Marker,Dollar,5,120,20,480,400,80,Cash,Zain,3.6
ORD12300,26/02/2025,DHA,C1371,Bilal Iqbal,Female,Lahore,Bakery,Bread,Dawn,5,120,10,540,400,140,JazzCash,Umar,3.7
ORD12301,22/07/2025,Wapda Town,C1191,Ayesha Sheikh,Female,Lahore,Electronics,Keyboard,A4Tech,4,2800,0,11200,8800,2400,Cash,Hassan,4.2
ORD12302,17/12/2025,Johar Town,C1599,Hamza Sheikh,Male,Lahore,Grocery,Tea 475g,Tapal,2,980,15,1666,1640,26,Debit Card,Hamza,4.6
ORD12303,15/07/2025,DHA,C1373,Ayesha Malik,Female,Lahore,Home,Shampoo,Sunsilk,2,620,0,1240,1000,240,Cash,Hassan,4.3
ORD12304,26/09/2025,Johar Town,C1747,Usman Malik,Female,Lahore,Home,Shampoo,Sunsilk,3,620,0,1860,1500,360,Easypaisa,Ali,4
ORD12305,20/07/2025,Johar Town,C1745,Hassan Khan,Female,Lahore,Home,Detergent 1kg,Surf Excel,4,850,15,2890,2720,170,Cash,Ali,4.7
ORD12306,02/08/2025,DHA,C1191,Bilal Malik,Male,Lahore,Grocery,Sugar 1kg,Shan,2,180,0,360,300,60,JazzCash,Hamza,5
ORD12307,04/08/2025,Gulberg,C1257,Umar Iqbal,Female,Lahore,Beverages,Coca Cola 1.5L,Coca-Cola,3,220,15,561,510,51,JazzCash,Hamza,4.4
ORD12308,05/09/2025,Wapda Town,C1799,Hassan Khan,Male,Lahore,Grocery,Cooking Oil 1L,Dalda,4,650,20,2080,2080,0,Credit Card,Hassan,4.2
ORD12309,05/11/2025,Gulberg,C1784,Hamza Butt,Male,Lahore,Stationery,Notebook,Dollar,4,180,5,684,480,204,JazzCash,Ali,4.5
ORD12310,27/03/2025,Wapda Town,C1229,Bilal Ahmed,Male,Lahore,Home,Detergent 1kg,Surf Excel,4,850,10,3060,2720,340,Credit Card,Ahmed,4.1
ORD12311,18/12/2025,Wapda Town,C1463,Usman Butt,Male,Lahore,Beverages,Nestle Water 1.5L,Nestle,1,90,0,90,60,30,Credit Card,Umar,3.7
ORD12312,09/04/2025,Model Town,C1714,Sara Sheikh,Male,Lahore,Grocery,Basmati Rice 5kg,Guard,5,3200,0,16000,13000,3000,Easypaisa,Zain,4.5
ORD12313,27/09/2025,Wapda Town,C1489,Bilal Chaudhry,Male,Lahore,Bakery,Cake,Gourmet,5,900,10,4050,3500,550,Credit Card,Usman,4.9
ORD12314,11/03/2025,DHA,C1560,Umar Iqbal,Female,Lahore,Grocery,Tea 475g,Tapal,1,980,0,980,820,160,Credit Card,Ali,4.3
ORD12315,01/10/2025,Gulberg,C1505,Hassan Iqbal,Female,Lahore,Stationery,Notebook,Dollar,1,180,15,153,120,33,Debit Card,Ali,5
ORD12316,13/04/2025,DHA,C1361,Ayesha Butt,Female,Lahore,Grocery,Cooking Oil 1L,Dalda,5,650,15,2762.5,2600,162.5,Cash,Hamza,4.4
ORD12317,08/11/2025,Wapda Town,C1073,Ahmed Malik,Male,Lahore,Home,Detergent 1kg,Surf Excel,4,850,20,2720,2720,0,Easypaisa,Usman,4.5
ORD12318,28/02/2025,Gulberg,C1437,Ayesha Iqbal,Male,Lahore,Beverages,Nestle Water 1.5L,Nestle,1,90,15,76.5,60,16.5,Debit Card,Ali,4.1
ORD12319,20/12/2025,Gulberg,C1482,Sara Iqbal,Female,Lahore,Beverages,Coca Cola 1.5L,Coca-Cola,1,220,5,209,170,39,JazzCash,Ahmed,4.6
ORD12320,24/01/2025,Johar Town,C1488,Zain Butt,Female,Lahore,Electronics,Power Bank,Xiaomi,5,4500,0,22500,18000,4500,Credit Card,Zain,4.3
ORD12321,20/06/2025,Johar Town,C1697,Sara Ahmed,Male,Lahore,Bakery,Bread,Dawn,3,120,15,306,240,66,Easypaisa,Bilal,5
ORD12322,22/04/2025,DHA,C1796,Hamza Ahmed,Female,Lahore,Bakery,Cake,Gourmet,2,900,5,1710,1400,310,Credit Card,Ali,4.8
ORD12323,25/12/2025,Gulberg,C1645,Maryam Raza,Female,Lahore,Stationery,Notebook,Dollar,3,180,20,432,360,72,Easypaisa,Usman,4.9
ORD12324,24/02/2025,Gulberg,C1125,Maryam Sheikh,Male,Lahore,Stationery,Notebook,Dollar,2,180,15,306,240,66,JazzCash,Bilal,4
ORD12325,20/02/2025,DHA,C1240,Ahmed Iqbal,Female,Lahore,Beverages,Nestle Water 1.5L,Nestle,5,90,10,405,300,105,Debit Card,Ahmed,4.4
ORD12326,05/01/2025,DHA,C1794,Sara Khan,Female,Lahore,Home,Shampoo,Sunsilk,4,620,20,1984,2000,-16,Credit Card,Zain,4.8
ORD12327,24/10/2025,Gulberg,C1576,Maryam Butt,Male,Lahore,Bakery,Cookies,LU,2,250,10,450,360,90,Easypaisa,Umar,4.5
ORD12328,07/04/2025,Model Town,C1521,Ahmed Ahmed,Male,Lahore,Electronics,Power Bank,Xiaomi,1,4500,15,3825,3600,225,Debit Card,Umar,3.8
ORD12329,08/08/2025,Gulberg,C1491,Zain Malik,Female,Lahore,Home,Detergent 1kg,Surf Excel,4,850,5,3230,2720,510,Cash,Usman,4
ORD12330,30/11/2025,Gulberg,C1705,Sara Malik,Male,Lahore,Beverages,Nestle Water 1.5L,Nestle,2,90,10,162,120,42,Easypaisa,Hassan,3.8
ORD12331,01/05/2025,Gulberg,C1558,Ahmed Raza,Female,Lahore,Home,Soap,Lux,3,180,0,540,390,150,Credit Card,Usman,3.9
ORD12332,11/10/2025,DHA,C1251,Hamza Khan,Female,Lahore,Electronics,Mouse,Logitech,1,1800,5,1710,1400,310,Easypaisa,Hamza,4
ORD12333,16/02/2025,Model Town,C1281,Ali Raza,Male,Lahore,Grocery,Tea 475g,Tapal,1,980,10,882,820,62,Credit Card,Umar,4
ORD12334,14/11/2025,Model Town,C1040,Hamza Raza,Male,Lahore,Bakery,Cake,Gourmet,1,900,5,855,700,155,Credit Card,Zain,5
ORD12335,17/12/2025,Johar Town,C1395,Ahmed Ahmed,Male,Lahore,Stationery,Marker,Dollar,1,120,20,96,80,16,Debit Card,Zain,4.1
ORD12336,12/11/2025,Johar Town,C1037,Zain Butt,Male,Lahore,Electronics,Mouse,Logitech,5,1800,20,7200,7000,200,Easypaisa,Hamza,4.6
ORD12337,10/08/2025,Johar Town,C1794,Usman Iqbal,Male,Lahore,Bakery,Cake,Gourmet,4,900,20,2880,2800,80,Debit Card,Hamza,3.6
ORD12338,09/05/2025,Wapda Town,C1694,Ali Malik,Female,Lahore,Grocery,Basmati Rice 5kg,Guard,5,3200,5,15200,13000,2200,Debit Card,Bilal,4.5
ORD12339,18/03/2025,Johar Town,C1525,Maryam Malik,Female,Lahore,Electronics,Mouse,Logitech,4,1800,15,6120,5600,520,Easypaisa,Hassan,3.8
ORD12340,03/06/2025,Johar Town,C1244,Bilal Malik,Female,Lahore,Stationery,Marker,Dollar,5,120,20,480,400,80,Credit Card,Ali,4.9
ORD12341,27/09/2025,Gulberg,C1520,Umar Iqbal,Female,Lahore,Home,Soap,Lux,5,180,10,810,650,160,Debit Card,Bilal,3.9
ORD12342,15/10/2025,Wapda Town,C1338,Hamza Khan,Female,Lahore,Beverages,Coca Cola 1.5L,Coca-Cola,5,220,5,1045,850,195,Credit Card,Hassan,4
ORD12343,12/01/2025,Wapda Town,C1637,Hamza Raza,Female,Lahore,Bakery,Cookies,LU,2,250,20,400,360,40,Cash,Hassan,4.4
ORD12344,06/11/2025,DHA,C1616,Ahmed Chaudhry,Female,Lahore,Home,Soap,Lux,3,180,5,513,390,123,Credit Card,Ahmed,3.9
ORD12345,05/03/2025,Gulberg,C1781,Sara Iqbal,Female,Lahore,Bakery,Cake,Gourmet,2,900,0,1800,1400,400,Debit Card,Umar,3.8
ORD12346,21/05/2025,Model Town,C1529,Umar Sheikh,Female,Lahore,Electronics,Power Bank,Xiaomi,5,4500,15,19125,18000,1125,JazzCash,Bilal,4.2
ORD12347,29/07/2025,Model Town,C1599,Ali Ahmed,Female,Lahore,Stationery,Notebook,Dollar,4,180,0,720,480,240,JazzCash,Umar,4.9
ORD12348,11/02/2025,Model Town,C1106,Hamza Sheikh,Female,Lahore,Grocery,Cooking Oil 1L,Dalda,5,650,10,2925,2600,325,Credit Card,Hamza,4.1
ORD12349,16/06/2025,Wapda Town,C1433,Ali Ahmed,Female,Lahore,Grocery,Sugar 1kg,Shan,1,180,20,144,150,-6,Easypaisa,Bilal,3.9
ORD12350,16/12/2025,DHA,C1626,Zain Sheikh,Female,Lahore,Beverages,Pepsi 1.5L,Pepsi,3,220,5,627,510,117,Cash,Bilal,4
ORD12351,09/01/2025,Wapda Town,C1235,Ayesha Iqbal,Female,Lahore,Stationery,Pen,Dollar,4,60,15,204,140,64,Cash,Usman,4.7
ORD12352,16/05/2025,Model Town,C1720,Fatima Butt,Female,Lahore,Beverages,Nestle Water 1.5L,Nestle,4,90,0,360,240,120,Easypaisa,Ali,4
ORD12353,18/01/2025,Wapda Town,C1332,Maryam Chaudhry,Female,Lahore,Beverages,Coca Cola 1.5L,Coca-Cola,1,220,5,209,170,39,Debit Card,Hamza,4.8
ORD12354,04/06/2025,Wapda Town,C1663,Bilal Malik,Female,Lahore,Bakery,Bread,Dawn,4,120,5,456,320,136,JazzCash,Ahmed,4.5
ORD12355,11/04/2025,Gulberg,C1738,Ahmed Khan,Male,Lahore,Electronics,Power Bank,Xiaomi,3,4500,5,12825,10800,2025,Debit Card,Umar,4.3
ORD12356,13/07/2025,Johar Town,C1002,Bilal Iqbal,Male,Lahore,Bakery,Cookies,LU,1,250,20,200,180,20,Easypaisa,Umar,4
ORD12357,12/07/2025,DHA,C1425,Usman Khan,Male,Lahore,Home,Detergent 1kg,Surf Excel,2,850,15,1445,1360,85,Easypaisa,Hassan,3.9
ORD12358,15/12/2025,Model Town,C1521,Sara Sheikh,Male,Lahore,Electronics,Mouse,Logitech,5,1800,10,8100,7000,1100,Debit Card,Ali,4.3
ORD12359,12/12/2025,Model Town,C1696,Umar Ahmed,Female,Lahore,Beverages,Pepsi 1.5L,Pepsi,2,220,10,396,340,56,Cash,Umar,4.8
ORD12360,05/03/2025,Model Town,C1473,Umar Butt,Female,Lahore,Home,Soap,Lux,3,180,10,486,390,96,Debit Card,Hamza,3.9
ORD12361,20/07/2025,Wapda Town,C1629,Fatima Chaudhry,Female,Lahore,Home,Shampoo,Sunsilk,3,620,0,1860,1500,360,Credit Card,Umar,4.9
ORD12362,11/07/2025,DHA,C1515,Maryam Iqbal,Male,Lahore,Bakery,Cookies,LU,3,250,5,712.5,540,172.5,JazzCash,Zain,4.8
ORD12363,17/08/2025,Johar Town,C1488,Umar Chaudhry,Female,Lahore,Stationery,Pen,Dollar,3,60,0,180,105,75,JazzCash,Umar,3.9
ORD12364,16/05/2025,Model Town,C1364,Ahmed Raza,Female,Lahore,Beverages,Pepsi 1.5L,Pepsi,4,220,15,748,680,68,Credit Card,Hassan,3.9
ORD12365,08/02/2025,Gulberg,C1637,Sara Khan,Male,Lahore,Electronics,Keyboard,A4Tech,2,2800,5,5320,4400,920,Cash,Bilal,4.6
ORD12366,29/07/2025,Johar Town,C1248,Maryam Raza,Female,Lahore,Electronics,Keyboard,A4Tech,3,2800,20,6720,6600,120,Credit Card,Hassan,4.3
ORD12367,20/06/2025,Johar Town,C1351,Usman Malik,Male,Lahore,Stationery,Marker,Dollar,4,120,10,432,320,112,Easypaisa,Hamza,5
ORD12368,20/11/2025,DHA,C1478,Ali Ahmed,Male,Lahore,Stationery,Marker,Dollar,1,120,0,120,80,40,Cash,Hassan,4.7
ORD12369,27/10/2025,Gulberg,C1615,Maryam Sheikh,Female,Lahore,Stationery,Pen,Dollar,4,60,0,240,140,100,Cash,Ali,4.3
ORD12370,16/12/2025,DHA,C1412,Umar Ahmed,Female,Lahore,Electronics,Power Bank,Xiaomi,2,4500,15,7650,7200,450,Credit Card,Umar,4.2
ORD12371,17/02/2025,Model Town,C1685,Ali Raza,Female,Lahore,Bakery,Cake,Gourmet,4,900,20,2880,2800,80,JazzCash,Hamza,4.1
ORD12372,30/11/2025,Gulberg,C1759,Hamza Butt,Female,Lahore,Home,Shampoo,Sunsilk,2,620,20,992,1000,-8,Easypaisa,Zain,5
ORD12373,28/10/2025,Gulberg,C1283,Maryam Butt,Male,Lahore,Electronics,Mouse,Logitech,5,1800,20,7200,7000,200,Debit Card,Ahmed,4.6
ORD12374,22/10/2025,DHA,C1018,Hamza Raza,Female,Lahore,Stationery,Notebook,Dollar,4,180,15,612,480,132,Debit Card,Hamza,3.8
ORD12375,21/03/2025,Gulberg,C1222,Ahmed Sheikh,Female,Lahore,Grocery,Sugar 1kg,Shan,1,180,10,162,150,12,Cash,Bilal,4.2
ORD12376,19/08/2025,Gulberg,C1260,Ayesha Iqbal,Male,Lahore,Beverages,Pepsi 1.5L,Pepsi,5,220,20,880,850,30,Credit Card,Umar,3.9
ORD12377,04/06/2025,Wapda Town,C1269,Bilal Ahmed,Male,Lahore,Beverages,Pepsi 1.5L,Pepsi,2,220,10,396,340,56,Debit Card,Hassan,4.7
ORD12378,04/09/2025,Wapda Town,C1766,Zain Sheikh,Female,Lahore,Stationery,Notebook,Dollar,3,180,0,540,360,180,Credit Card,Umar,4.2
ORD12379,18/02/2025,Gulberg,C1518,Zain Malik,Male,Lahore,Beverages,Pepsi 1.5L,Pepsi,2,220,10,396,340,56,Debit Card,Zain,4.3
ORD12380,11/04/2025,Gulberg,C1358,Hassan Iqbal,Male,Lahore,Electronics,Keyboard,A4Tech,3,2800,20,6720,6600,120,Cash,Umar,4.3
ORD12381,17/06/2025,Wapda Town,C1536,Bilal Ahmed,Male,Lahore,Electronics,Power Bank,Xiaomi,5,4500,0,22500,18000,4500,JazzCash,Hamza,4
ORD12382,23/09/2025,Wapda Town,C1183,Hassan Malik,Male,Lahore,Grocery,Tea 475g,Tapal,4,980,10,3528,3280,248,JazzCash,Hassan,4
ORD12383,20/10/2025,Wapda Town,C1067,Bilal Sheikh,Male,Lahore,Grocery,Basmati Rice 5kg,Guard,1,3200,5,3040,2600,440,Credit Card,Usman,4.6
ORD12384,30/03/2025,DHA,C1589,Ayesha Malik,Male,Lahore,Electronics,Mouse,Logitech,1,1800,20,1440,1400,40,JazzCash,Ali,3.8
ORD12385,21/09/2025,DHA,C1093,Ahmed Raza,Female,Lahore,Electronics,Mouse,Logitech,4,1800,5,6840,5600,1240,Cash,Hassan,3.9
ORD12386,20/06/2025,Gulberg,C1065,Hamza Malik,Male,Lahore,Stationery,Pen,Dollar,3,60,5,171,105,66,Debit Card,Ahmed,4.7
ORD12387,01/06/2025,Gulberg,C1688,Maryam Ahmed,Male,Lahore,Grocery,Tea 475g,Tapal,4,980,20,3136,3280,-144,JazzCash,Hamza,4
ORD12388,09/10/2025,Model Town,C1417,Maryam Sheikh,Male,Lahore,Electronics,Power Bank,Xiaomi,3,4500,10,12150,10800,1350,Credit Card,Zain,5
ORD12389,05/06/2025,Gulberg,C1145,Umar Raza,Female,Lahore,Grocery,Cooking Oil 1L,Dalda,5,650,20,2600,2600,0,Debit Card,Ahmed,4.1
ORD12390,17/12/2025,Gulberg,C1712,Maryam Sheikh,Female,Lahore,Grocery,Basmati Rice 5kg,Guard,1,3200,15,2720,2600,120,JazzCash,Ali,3.5
ORD12391,26/12/2025,DHA,C1138,Maryam Ahmed,Female,Lahore,Stationery,Marker,Dollar,2,120,5,228,160,68,JazzCash,Usman,4.1
ORD12392,15/09/2025,DHA,C1654,Umar Butt,Female,Lahore,Beverages,Pepsi 1.5L,Pepsi,1,220,15,187,170,17,JazzCash,Hamza,4.9
ORD12393,16/01/2025,Wapda Town,C1726,Ahmed Khan,Male,Lahore,Bakery,Bread,Dawn,3,120,15,306,240,66,Credit Card,Hassan,3.7
ORD12394,21/11/2025,Johar Town,C1779,Usman Chaudhry,Male,Lahore,Stationery,Marker,Dollar,3,120,15,306,240,66,Debit Card,Usman,3.7
ORD12395,24/01/2025,Wapda Town,C1348,Sara Chaudhry,Male,Lahore,Stationery,Marker,Dollar,4,120,10,432,320,112,Credit Card,Hassan,4.3
ORD12396,04/03/2025,DHA,C1343,Usman Khan,Female,Lahore,Beverages,Nestle Water 1.5L,Nestle,3,90,0,270,180,90,JazzCash,Ahmed,4.6
ORD12397,17/03/2025,Model Town,C1045,Bilal Khan,Male,Lahore,Stationery,Marker,Dollar,4,120,0,480,320,160,Debit Card,Bilal,3.5
ORD12398,03/07/2025,Model Town,C1710,Sara Iqbal,Male,Lahore,Electronics,Keyboard,A4Tech,3,2800,15,7140,6600,540,JazzCash,Ahmed,3.9
ORD12399,12/02/2025,DHA,C1447,Umar Raza,Male,Lahore,Stationery,Marker,Dollar,5,120,20,480,400,80,Cash,Ali,4.9
ORD12400,18/06/2025,Johar Town,C1528,Fatima Chaudhry,Female,Lahore,Stationery,Pen,Dollar,4,60,5,228,140,88,Easypaisa,Zain,4.1
ORD12401,11/11/2025,Model Town,C1675,Ali Sheikh,Male,Lahore,Bakery,Bread,Dawn,1,120,5,114,80,34,Debit Card,Ahmed,4.8
ORD12402,20/02/2025,Gulberg,C1287,Ayesha Raza,Female,Lahore,Stationery,Notebook,Dollar,5,180,15,765,600,165,Cash,Ahmed,3.8
ORD12403,09/01/2025,Wapda Town,C1601,Hamza Malik,Male,Lahore,Beverages,Coca Cola 1.5L,Coca-Cola,1,220,10,198,170,28,JazzCash,Bilal,4
ORD12404,29/10/2025,Wapda Town,C1749,Ali Iqbal,Male,Lahore,Stationery,Notebook,Dollar,3,180,15,459,360,99,Credit Card,Umar,3.7
ORD12405,03/05/2025,Model Town,C1221,Zain Khan,Female,Lahore,Bakery,Cookies,LU,1,250,15,212.5,180,32.5,Debit Card,Usman,4.5
ORD12406,21/07/2025,Wapda Town,C1778,Fatima Sheikh,Female,Lahore,Home,Detergent 1kg,Surf Excel,5,850,10,3825,3400,425,Credit Card,Hamza,4.5
ORD12407,18/03/2025,Johar Town,C1163,Fatima Butt,Male,Lahore,Bakery,Bread,Dawn,3,120,20,288,240,48,Cash,Hassan,3.7
ORD12408,11/07/2025,Wapda Town,C1352,Umar Raza,Female,Lahore,Beverages,Pepsi 1.5L,Pepsi,4,220,20,704,680,24,Easypaisa,Hamza,4.5
ORD12409,15/09/2025,Wapda Town,C1225,Ayesha Raza,Female,Lahore,Grocery,Tea 475g,Tapal,3,980,10,2646,2460,186,JazzCash,Zain,4.7
ORD12410,01/09/2025,DHA,C1652,Hassan Ahmed,Female,Lahore,Electronics,Mouse,Logitech,1,1800,5,1710,1400,310,Credit Card,Zain,4.5
ORD12411,30/12/2025,Wapda Town,C1501,Bilal Chaudhry,Female,Lahore,Electronics,Power Bank,Xiaomi,2,4500,20,7200,7200,0,Cash,Ali,4.6
ORD12412,30/05/2025,Model Town,C1331,Ahmed Ahmed,Female,Lahore,Bakery,Cookies,LU,2,250,15,425,360,65,Easypaisa,Bilal,4
ORD12413,18/05/2025,Gulberg,C1786,Hamza Sheikh,Female,Lahore,Bakery,Cookies,LU,3,250,10,675,540,135,Cash,Hamza,4.2
ORD12414,03/11/2025,Wapda Town,C1212,Hamza Butt,Male,Lahore,Home,Detergent 1kg,Surf Excel,1,850,0,850,680,170,Cash,Hamza,4.7
ORD12415,20/01/2025,Johar Town,C1177,Bilal Butt,Male,Lahore,Grocery,Sugar 1kg,Shan,5,180,15,765,750,15,JazzCash,Bilal,4.6
ORD12416,21/04/2025,Model Town,C1391,Umar Khan,Female,Lahore,Electronics,Power Bank,Xiaomi,5,4500,5,21375,18000,3375,Easypaisa,Ahmed,4.9
ORD12417,21/11/2025,Johar Town,C1202,Bilal Khan,Male,Lahore,Bakery,Bread,Dawn,3,120,0,360,240,120,Credit Card,Hassan,4.2
ORD12418,04/05/2025,Model Town,C1107,Hamza Iqbal,Female,Lahore,Electronics,Power Bank,Xiaomi,4,4500,15,15300,14400,900,Credit Card,Hamza,4.8
ORD12419,26/06/2025,Gulberg,C1630,Umar Chaudhry,Female,Lahore,Beverages,Nestle Water 1.5L,Nestle,2,90,15,153,120,33,Easypaisa,Usman,4.2
ORD12420,25/01/2025,DHA,C1640,Sara Ahmed,Male,Lahore,Stationery,Pen,Dollar,2,60,15,102,70,32,JazzCash,Usman,4.6
ORD12421,28/06/2025,DHA,C1756,Ali Butt,Male,Lahore,Home,Soap,Lux,2,180,20,288,260,28,Credit Card,Zain,4.6
ORD12422,29/11/2025,Gulberg,C1690,Ayesha Chaudhry,Female,Lahore,Stationery,Notebook,Dollar,5,180,5,855,600,255,Credit Card,Usman,3.6
ORD12423,23/03/2025,Johar Town,C1622,Hamza Sheikh,Female,Lahore,Home,Detergent 1kg,Surf Excel,4,850,10,3060,2720,340,JazzCash,Bilal,3.9
ORD12424,22/07/2025,Gulberg,C1493,Hamza Ahmed,Male,Lahore,Grocery,Tea 475g,Tapal,5,980,20,3920,4100,-180,JazzCash,Ali,4.2
ORD12425,11/07/2025,DHA,C1307,Ahmed Raza,Male,Lahore,Electronics,Mouse,Logitech,2,1800,20,2880,2800,80,Credit Card,Hassan,4.5
ORD12426,08/08/2025,Wapda Town,C1778,Zain Malik,Female,Lahore,Electronics,Power Bank,Xiaomi,5,4500,5,21375,18000,3375,JazzCash,Umar,3.9
ORD12427,16/08/2025,Wapda Town,C1038,Ayesha Khan,Female,Lahore,Home,Soap,Lux,4,180,10,648,520,128,Credit Card,Bilal,4.6
ORD12428,15/05/2025,Johar Town,C1785,Umar Chaudhry,Female,Lahore,Stationery,Marker,Dollar,2,120,10,216,160,56,Cash,Zain,4.8
ORD12429,16/10/2025,DHA,C1787,Sara Khan,Female,Lahore,Beverages,Pepsi 1.5L,Pepsi,1,220,20,176,170,6,Easypaisa,Hassan,3.9
ORD12430,27/02/2025,Model Town,C1478,Ahmed Khan,Male,Lahore,Electronics,Mouse,Logitech,3,1800,20,4320,4200,120,Cash,Ali,4.9
ORD12431,26/11/2025,DHA,C1630,Bilal Malik,Male,Lahore,Electronics,Keyboard,A4Tech,4,2800,5,10640,8800,1840,Credit Card,Umar,3.7
ORD12432,30/06/2025,Model Town,C1261,Ahmed Malik,Female,Lahore,Electronics,Keyboard,A4Tech,5,2800,10,12600,11000,1600,Credit Card,Umar,4
ORD12433,21/07/2025,Johar Town,C1635,Zain Iqbal,Male,Lahore,Bakery,Cookies,LU,3,250,15,637.5,540,97.5,Debit Card,Usman,4.3
ORD12434,10/07/2025,DHA,C1498,Maryam Raza,Female,Lahore,Electronics,Power Bank,Xiaomi,1,4500,20,3600,3600,0,Credit Card,Ali,4.5
ORD12435,26/07/2025,Gulberg,C1796,Hassan Sheikh,Male,Lahore,Grocery,Cooking Oil 1L,Dalda,5,650,10,2925,2600,325,Debit Card,Hassan,4.6
ORD12436,02/12/2025,DHA,C1019,Ayesha Ahmed,Female,Lahore,Stationery,Pen,Dollar,4,60,0,240,140,100,Easypaisa,Umar,4.5
ORD12437,19/02/2025,Model Town,C1738,Maryam Malik,Female,Lahore,Electronics,Power Bank,Xiaomi,4,4500,20,14400,14400,0,Cash,Zain,4.6
ORD12438,20/10/2025,Model Town,C1291,Hamza Sheikh,Male,Lahore,Electronics,Mouse,Logitech,5,1800,5,8550,7000,1550,Cash,Umar,3.5
ORD12439,08/11/2025,Model Town,C1357,Sara Khan,Male,Lahore,Home,Detergent 1kg,Surf Excel,1,850,0,850,680,170,Cash,Umar,4.6
ORD12440,16/07/2025,Gulberg,C1501,Fatima Sheikh,Male,Lahore,Home,Shampoo,Sunsilk,3,620,20,1488,1500,-12,JazzCash,Zain,4
ORD12441,20/02/2025,DHA,C1593,Hassan Sheikh,Female,Lahore,Home,Shampoo,Sunsilk,2,620,0,1240,1000,240,Easypaisa,Hassan,4
ORD12442,12/04/2025,DHA,C1721,Fatima Sheikh,Male,Lahore,Home,Soap,Lux,2,180,10,324,260,64,Easypaisa,Ahmed,4.2
ORD12443,10/03/2025,Gulberg,C1219,Hassan Iqbal,Male,Lahore,Bakery,Cake,Gourmet,2,900,10,1620,1400,220,Debit Card,Ahmed,3.6
ORD12444,08/04/2025,Model Town,C1651,Bilal Malik,Female,Lahore,Grocery,Tea 475g,Tapal,3,980,5,2793,2460,333,Easypaisa,Hassan,4
ORD12445,31/12/2025,Gulberg,C1712,Bilal Khan,Male,Lahore,Stationery,Marker,Dollar,4,120,15,408,320,88,Cash,Ahmed,4.9
ORD12446,11/12/2025,DHA,C1575,Usman Sheikh,Male,Lahore,Stationery,Notebook,Dollar,3,180,15,459,360,99,JazzCash,Usman,5
ORD12447,25/06/2025,Model Town,C1606,Bilal Ahmed,Male,Lahore,Beverages,Nestle Water 1.5L,Nestle,4,90,5,342,240,102,JazzCash,Hamza,4.1
ORD12448,26/10/2025,Johar Town,C1171,Ahmed Raza,Male,Lahore,Grocery,Basmati Rice 5kg,Guard,2,3200,5,6080,5200,880,Credit Card,Usman,4.7
ORD12449,12/02/2025,Johar Town,C1342,Sara Raza,Female,Lahore,Grocery,Tea 475g,Tapal,5,980,20,3920,4100,-180,Credit Card,Umar,4.9
ORD12450,19/11/2025,Johar Town,C1186,Hamza Iqbal,Female,Lahore,Stationery,Pen,Dollar,4,60,10,216,140,76,Credit Card,Ali,3.7
ORD12451,19/02/2025,Johar Town,C1392,Ayesha Malik,Male,Lahore,Stationery,Marker,Dollar,3,120,0,360,240,120,Credit Card,Usman,3.6
ORD12452,10/10/2025,Wapda Town,C1222,Ayesha Sheikh,Female,Lahore,Stationery,Marker,Dollar,5,120,0,600,400,200,Cash,Bilal,4.8
ORD12453,11/02/2025,Gulberg,C1077,Bilal Malik,Male,Lahore,Electronics,Keyboard,A4Tech,2,2800,5,5320,4400,920,Debit Card,Zain,3.9
ORD12454,31/01/2025,Johar Town,C1555,Hassan Sheikh,Male,Lahore,Grocery,Basmati Rice 5kg,Guard,2,3200,15,5440,5200,240,Debit Card,Ahmed,4.3
ORD12455,22/07/2025,Wapda Town,C1011,Umar Chaudhry,Female,Lahore,Electronics,Keyboard,A4Tech,4,2800,0,11200,8800,2400,Cash,Hassan,4.7
ORD12456,13/07/2025,Gulberg,C1495,Umar Chaudhry,Male,Lahore,Beverages,Nestle Water 1.5L,Nestle,5,90,10,405,300,105,Easypaisa,Usman,4.9
ORD12457,13/09/2025,Wapda Town,C1529,Umar Khan,Female,Lahore,Beverages,Pepsi 1.5L,Pepsi,3,220,20,528,510,18,Cash,Hamza,4.7
ORD12458,24/04/2025,DHA,C1671,Hamza Sheikh,Female,Lahore,Grocery,Cooking Oil 1L,Dalda,2,650,15,1105,1040,65,JazzCash,Hamza,4.2
ORD12459,25/02/2025,Gulberg,C1331,Maryam Malik,Male,Lahore,Bakery,Cake,Gourmet,1,900,15,765,700,65,Easypaisa,Bilal,4.7
ORD12460,19/10/2025,DHA,C1134,Hamza Ahmed,Female,Lahore,Grocery,Tea 475g,Tapal,1,980,5,931,820,111,Cash,Ali,4.3
ORD12461,11/07/2025,Model Town,C1558,Usman Sheikh,Female,Lahore,Bakery,Cake,Gourmet,1,900,5,855,700,155,Cash,Umar,3.9
ORD12462,02/03/2025,Johar Town,C1653,Umar Butt,Female,Lahore,Electronics,Mouse,Logitech,1,1800,20,1440,1400,40,Debit Card,Hamza,4.7
ORD12463,13/03/2025,Gulberg,C1564,Maryam Chaudhry,Female,Lahore,Beverages,Pepsi 1.5L,Pepsi,4,220,20,704,680,24,Credit Card,Ahmed,3.7
ORD12464,05/11/2025,Johar Town,C1775,Fatima Raza,Male,Lahore,Beverages,Pepsi 1.5L,Pepsi,3,220,20,528,510,18,JazzCash,Ali,3.5
ORD12465,05/07/2025,Model Town,C1319,Hamza Raza,Female,Lahore,Home,Detergent 1kg,Surf Excel,3,850,0,2550,2040,510,JazzCash,Hassan,4.7
ORD12466,28/12/2025,Gulberg,C1312,Ali Ahmed,Male,Lahore,Electronics,Mouse,Logitech,1,1800,5,1710,1400,310,JazzCash,Hassan,3.8
ORD12467,20/10/2025,Model Town,C1580,Sara Khan,Male,Lahore,Electronics,Keyboard,A4Tech,5,2800,20,11200,11000,200,Credit Card,Umar,3.6
ORD12468,10/09/2025,Gulberg,C1354,Umar Chaudhry,Male,Lahore,Grocery,Tea 475g,Tapal,1,980,5,931,820,111,JazzCash,Bilal,3.6
ORD12469,10/05/2025,Gulberg,C1402,Bilal Malik,Female,Lahore,Stationery,Pen,Dollar,1,60,10,54,35,19,Debit Card,Hassan,4.2
ORD12470,14/10/2025,Model Town,C1469,Ayesha Sheikh,Male,Lahore,Electronics,Mouse,Logitech,5,1800,15,7650,7000,650,Cash,Hamza,3.9
ORD12471,08/06/2025,Johar Town,C1082,Zain Chaudhry,Male,Lahore,Electronics,Power Bank,Xiaomi,5,4500,15,19125,18000,1125,Cash,Hassan,3.8
ORD12472,16/05/2025,Model Town,C1271,Hamza Ahmed,Male,Lahore,Bakery,Cookies,LU,4,250,10,900,720,180,Credit Card,Bilal,4.8
ORD12473,23/01/2025,Gulberg,C1555,Ahmed Iqbal,Female,Lahore,Bakery,Cookies,LU,4,250,5,950,720,230,Cash,Zain,4.8
ORD12474,25/03/2025,Wapda Town,C1369,Sara Raza,Female,Lahore,Home,Detergent 1kg,Surf Excel,4,850,20,2720,2720,0,Easypaisa,Ali,3.7
ORD12475,27/01/2025,DHA,C1461,Hamza Raza,Female,Lahore,Home,Shampoo,Sunsilk,4,620,15,2108,2000,108,Easypaisa,Zain,4.2
ORD12476,20/09/2025,Model Town,C1700,Sara Malik,Female,Lahore,Bakery,Cookies,LU,2,250,5,475,360,115,JazzCash,Zain,3.9
ORD12477,15/12/2025,Wapda Town,C1520,Bilal Sheikh,Female,Lahore,Grocery,Cooking Oil 1L,Dalda,5,650,0,3250,2600,650,Easypaisa,Ahmed,4.8
ORD12478,14/07/2025,Model Town,C1070,Hassan Butt,Female,Lahore,Stationery,Marker,Dollar,5,120,5,570,400,170,JazzCash,Umar,3.6
ORD12479,15/08/2025,DHA,C1480,Ali Malik,Female,Lahore,Home,Soap,Lux,4,180,20,576,520,56,Debit Card,Hamza,3.8
ORD12480,28/08/2025,Gulberg,C1057,Ayesha Malik,Female,Lahore,Bakery,Bread,Dawn,4,120,0,480,320,160,Cash,Usman,4.3
ORD12481,03/08/2025,Wapda Town,C1669,Usman Raza,Male,Lahore,Beverages,Pepsi 1.5L,Pepsi,1,220,15,187,170,17,Debit Card,Hassan,3.8
ORD12482,04/05/2025,Wapda Town,C1236,Bilal Raza,Female,Lahore,Grocery,Cooking Oil 1L,Dalda,2,650,20,1040,1040,0,Cash,Hamza,4.7
ORD12483,15/01/2025,Gulberg,C1409,Sara Iqbal,Male,Lahore,Home,Shampoo,Sunsilk,3,620,5,1767,1500,267,Debit Card,Zain,4.2
ORD12484,20/07/2025,Gulberg,C1140,Fatima Iqbal,Male,Lahore,Electronics,Mouse,Logitech,5,1800,10,8100,7000,1100,Easypaisa,Ahmed,3.5
ORD12485,15/07/2025,DHA,C1295,Fatima Chaudhry,Female,Lahore,Electronics,Keyboard,A4Tech,5,2800,20,11200,11000,200,Debit Card,Ali,3.7
ORD12486,24/10/2025,Johar Town,C1371,Hamza Raza,Male,Lahore,Stationery,Marker,Dollar,1,120,10,108,80,28,JazzCash,Ahmed,4
ORD12487,16/08/2025,DHA,C1031,Ayesha Sheikh,Female,Lahore,Home,Soap,Lux,2,180,10,324,260,64,JazzCash,Hamza,3.5
ORD12488,03/04/2025,Johar Town,C1126,Hassan Ahmed,Female,Lahore,Grocery,Cooking Oil 1L,Dalda,5,650,5,3087.5,2600,487.5,Cash,Ali,4.4
ORD12489,16/06/2025,Wapda Town,C1795,Sara Butt,Female,Lahore,Bakery,Cookies,LU,4,250,5,950,720,230,JazzCash,Umar,3.7
ORD12490,23/09/2025,Johar Town,C1318,Sara Iqbal,Female,Lahore,Home,Detergent 1kg,Surf Excel,1,850,10,765,680,85,Debit Card,Ali,4.2
ORD12491,08/12/2025,Gulberg,C1438,Ali Malik,Male,Lahore,Bakery,Cookies,LU,3,250,10,675,540,135,Debit Card,Ahmed,4.2
ORD12492,10/01/2025,Wapda Town,C1500,Bilal Iqbal,Male,Lahore,Electronics,Mouse,Logitech,1,1800,5,1710,1400,310,Debit Card,Ahmed,3.7
ORD12493,23/03/2025,Model Town,C1370,Bilal Iqbal,Female,Lahore,Stationery,Marker,Dollar,1,120,0,120,80,40,Cash,Hamza,3.9
ORD12494,13/09/2025,DHA,C1416,Umar Butt,Female,Lahore,Bakery,Bread,Dawn,1,120,0,120,80,40,Credit Card,Ahmed,4.7
ORD12495,02/07/2025,DHA,C1283,Usman Khan,Male,Lahore,Beverages,Coca Cola 1.5L,Coca-Cola,5,220,15,935,850,85,Easypaisa,Ahmed,4.2
ORD12496,24/06/2025,Johar Town,C1014,Sara Iqbal,Female,Lahore,Electronics,Power Bank,Xiaomi,5,4500,5,21375,18000,3375,Debit Card,Hassan,4.5
ORD12497,21/04/2025,Gulberg,C1091,Bilal Iqbal,Female,Lahore,Home,Shampoo,Sunsilk,1,620,15,527,500,27,JazzCash,Usman,3.8
ORD12498,25/07/2025,DHA,C1513,Maryam Ahmed,Female,Lahore,Home,Detergent 1kg,Surf Excel,3,850,20,2040,2040,0,Cash,Ali,4
ORD12499,24/02/2025,Model Town,C1686,Usman Khan,Male,Lahore,Bakery,Cookies,LU,4,250,20,800,720,80,Credit Card,Ali,4.4
ORD12500,24/01/2025,Johar Town,C1244,Hassan Butt,Female,Lahore,Grocery,Cooking Oil 1L,Dalda,5,650,10,2925,2600,325,Cash,Bilal,4.4
ORD12501,12/04/2025,Johar Town,C1608,Ahmed Iqbal,Female,Lahore,Home,Shampoo,Sunsilk,3,620,20,1488,1500,-12,Credit Card,Ali,3.6
ORD12502,19/04/2025,DHA,C1616,Usman Khan,Female,Lahore,Bakery,Cake,Gourmet,4,900,0,3600,2800,800,Credit Card,Umar,4
ORD12503,26/02/2025,Model Town,C1244,Sara Sheikh,Male,Lahore,Electronics,Mouse,Logitech,3,1800,20,4320,4200,120,Easypaisa,Usman,4
ORD12504,10/02/2025,Johar Town,C1308,Zain Chaudhry,Female,Lahore,Bakery,Cake,Gourmet,2,900,0,1800,1400,400,Debit Card,Hamza,4.6
ORD12505,25/08/2025,Johar Town,C1651,Bilal Malik,Female,Lahore,Home,Detergent 1kg,Surf Excel,3,850,10,2295,2040,255,Credit Card,Umar,4.3
ORD12506,26/03/2025,Gulberg,C1346,Umar Raza,Male,Lahore,Bakery,Cookies,LU,3,250,15,637.5,540,97.5,JazzCash,Ahmed,4.8
ORD12507,11/11/2025,Wapda Town,C1663,Ali Raza,Male,Lahore,Bakery,Bread,Dawn,2,120,10,216,160,56,Credit Card,Umar,4.4
ORD12508,03/08/2025,DHA,C1010,Sara Ahmed,Female,Lahore,Grocery,Basmati Rice 5kg,Guard,1,3200,20,2560,2600,-40,Credit Card,Umar,3.8
ORD12509,01/08/2025,Model Town,C1712,Maryam Butt,Male,Lahore,Beverages,Coca Cola 1.5L,Coca-Cola,2,220,15,374,340,34,Credit Card,Bilal,4.4
ORD12510,17/01/2025,Gulberg,C1610,Ahmed Raza,Male,Lahore,Beverages,Coca Cola 1.5L,Coca-Cola,5,220,5,1045,850,195,Cash,Zain,3.7
ORD12511,04/05/2025,Johar Town,C1406,Bilal Ahmed,Female,Lahore,Grocery,Basmati Rice 5kg,Guard,4,3200,5,12160,10400,1760,Easypaisa,Zain,4.1
ORD12512,07/01/2025,Johar Town,C1626,Hassan Malik,Female,Lahore,Grocery,Basmati Rice 5kg,Guard,5,3200,10,14400,13000,1400,JazzCash,Bilal,4.2
ORD12513,06/06/2025,Johar Town,C1780,Zain Iqbal,Female,Lahore,Beverages,Pepsi 1.5L,Pepsi,5,220,20,880,850,30,Easypaisa,Umar,4.7
ORD12514,12/02/2025,Johar Town,C1171,Umar Butt,Female,Lahore,Electronics,Mouse,Logitech,5,1800,0,9000,7000,2000,Easypaisa,Hassan,4.1
ORD12515,06/01/2025,Wapda Town,C1017,Sara Khan,Male,Lahore,Grocery,Cooking Oil 1L,Dalda,2,650,20,1040,1040,0,Easypaisa,Bilal,4.8
ORD12516,28/07/2025,Model Town,C1516,Ayesha Malik,Female,Lahore,Grocery,Sugar 1kg,Shan,3,180,5,513,450,63,Credit Card,Bilal,4.5
ORD12517,27/01/2025,Gulberg,C1411,Sara Chaudhry,Male,Lahore,Stationery,Pen,Dollar,2,60,5,114,70,44,Cash,Hamza,4.2
ORD12518,06/07/2025,Johar Town,C1314,Hassan Sheikh,Male,Lahore,Electronics,Power Bank,Xiaomi,2,4500,20,7200,7200,0,Credit Card,Zain,4.8
ORD12519,10/12/2025,Wapda Town,C1481,Fatima Malik,Female,Lahore,Bakery,Bread,Dawn,3,120,5,342,240,102,Easypaisa,Hassan,3.9
ORD12520,19/09/2025,Model Town,C1239,Bilal Iqbal,Male,Lahore,Grocery,Cooking Oil 1L,Dalda,2,650,0,1300,1040,260,Debit Card,Ahmed,3.8
ORD12521,28/04/2025,Johar Town,C1301,Ayesha Raza,Male,Lahore,Home,Soap,Lux,1,180,5,171,130,41,JazzCash,Zain,3.8
ORD12522,23/08/2025,DHA,C1046,Hamza Ahmed,Female,Lahore,Beverages,Pepsi 1.5L,Pepsi,2,220,5,418,340,78,Cash,Usman,3.9
ORD12523,09/03/2025,Gulberg,C1375,Hamza Iqbal,Female,Lahore,Electronics,Mouse,Logitech,1,1800,15,1530,1400,130,Cash,Bilal,4.5
ORD12524,24/12/2025,DHA,C1350,Umar Raza,Male,Lahore,Grocery,Sugar 1kg,Shan,2,180,5,342,300,42,Cash,Usman,4.1
ORD12525,10/07/2025,Wapda Town,C1037,Ayesha Ahmed,Male,Lahore,Grocery,Cooking Oil 1L,Dalda,3,650,5,1852.5,1560,292.5,Debit Card,Zain,4.9
ORD12526,28/06/2025,Wapda Town,C1261,Ahmed Chaudhry,Male,Lahore,Stationery,Marker,Dollar,2,120,10,216,160,56,Credit Card,Umar,4.8
ORD12527,10/06/2025,Model Town,C1237,Usman Butt,Female,Lahore,Electronics,Keyboard,A4Tech,1,2800,15,2380,2200,180,Easypaisa,Hassan,3.5
ORD12528,09/08/2025,Wapda Town,C1673,Hamza Sheikh,Male,Lahore,Grocery,Tea 475g,Tapal,2,980,0,1960,1640,320,Credit Card,Usman,3.5
ORD12529,01/01/2025,Gulberg,C1297,Usman Khan,Female,Lahore,Home,Soap,Lux,1,180,10,162,130,32,JazzCash,Hamza,4.3
ORD12530,03/07/2025,Model Town,C1472,Ahmed Raza,Male,Lahore,Stationery,Marker,Dollar,4,120,20,384,320,64,Debit Card,Hamza,3.5
ORD12531,16/09/2025,Gulberg,C1292,Umar Ahmed,Male,Lahore,Grocery,Basmati Rice 5kg,Guard,1,3200,0,3200,2600,600,Debit Card,Usman,4.2
ORD12532,20/09/2025,Wapda Town,C1609,Hassan Khan,Female,Lahore,Bakery,Cake,Gourmet,5,900,0,4500,3500,1000,Easypaisa,Ali,4.1
ORD12533,05/05/2025,Wapda Town,C1485,Maryam Iqbal,Male,Lahore,Bakery,Cake,Gourmet,1,900,15,765,700,65,JazzCash,Zain,4.9
ORD12534,02/11/2025,Model Town,C1343,Umar Butt,Female,Lahore,Grocery,Sugar 1kg,Shan,1,180,20,144,150,-6,Easypaisa,Usman,4.3
ORD12535,07/01/2025,Gulberg,C1742,Zain Ahmed,Female,Lahore,Home,Detergent 1kg,Surf Excel,4,850,5,3230,2720,510,Easypaisa,Usman,4.4
ORD12536,23/08/2025,Gulberg,C1478,Fatima Malik,Male,Lahore,Beverages,Coca Cola 1.5L,Coca-Cola,4,220,10,792,680,112,JazzCash,Hassan,3.6
ORD12537,24/07/2025,Wapda Town,C1644,Sara Iqbal,Male,Lahore,Bakery,Cookies,LU,5,250,20,1000,900,100,Credit Card,Zain,5
ORD12538,08/11/2025,Gulberg,C1267,Umar Chaudhry,Female,Lahore,Bakery,Bread,Dawn,4,120,15,408,320,88,JazzCash,Ahmed,4.9
ORD12539,14/07/2025,DHA,C1071,Fatima Iqbal,Female,Lahore,Bakery,Cake,Gourmet,4,900,15,3060,2800,260,Cash,Ali,4.1
ORD12540,01/07/2025,DHA,C1412,Hassan Raza,Male,Lahore,Home,Detergent 1kg,Surf Excel,3,850,20,2040,2040,0,Cash,Ahmed,4.9
ORD12541,02/12/2025,Gulberg,C1738,Ali Butt,Female,Lahore,Home,Detergent 1kg,Surf Excel,5,850,5,4037.5,3400,637.5,JazzCash,Zain,4.1
ORD12542,20/04/2025,Johar Town,C1019,Zain Malik,Male,Lahore,Beverages,Coca Cola 1.5L,Coca-Cola,4,220,15,748,680,68,Easypaisa,Umar,4.5
ORD12543,04/09/2025,DHA,C1290,Fatima Chaudhry,Male,Lahore,Grocery,Cooking Oil 1L,Dalda,4,650,0,2600,2080,520,Cash,Ali,3.7
ORD12544,07/12/2025,DHA,C1329,Ali Khan,Female,Lahore,Grocery,Cooking Oil 1L,Dalda,3,650,10,1755,1560,195,Credit Card,Ahmed,4.3
ORD12545,19/01/2025,Johar Town,C1582,Ayesha Sheikh,Female,Lahore,Stationery,Marker,Dollar,5,120,20,480,400,80,Debit Card,Umar,3.7
ORD12546,13/07/2025,Johar Town,C1791,Bilal Malik,Male,Lahore,Grocery,Tea 475g,Tapal,2,980,0,1960,1640,320,Cash,Ahmed,3.5
ORD12547,10/02/2025,Wapda Town,C1315,Sara Malik,Male,Lahore,Electronics,Mouse,Logitech,3,1800,5,5130,4200,930,Easypaisa,Bilal,3.7
ORD12548,18/10/2025,DHA,C1424,Umar Butt,Female,Lahore,Bakery,Cake,Gourmet,4,900,10,3240,2800,440,Debit Card,Zain,3.6
ORD12549,07/11/2025,Johar Town,C1464,Hamza Sheikh,Male,Lahore,Home,Detergent 1kg,Surf Excel,2,850,10,1530,1360,170,Cash,Usman,3.7
ORD12550,20/01/2025,DHA,C1392,Maryam Chaudhry,Female,Lahore,Beverages,Pepsi 1.5L,Pepsi,3,220,0,660,510,150,Cash,Usman,4
ORD12551,04/12/2025,DHA,C1105,Fatima Butt,Male,Lahore,Electronics,Power Bank,Xiaomi,5,4500,0,22500,18000,4500,Credit Card,Ali,4.1
ORD12552,09/08/2025,Wapda Town,C1131,Ayesha Raza,Female,Lahore,Grocery,Basmati Rice 5kg,Guard,2,3200,5,6080,5200,880,Easypaisa,Ahmed,4.4
ORD12553,15/07/2025,Johar Town,C1486,Umar Iqbal,Female,Lahore,Beverages,Coca Cola 1.5L,Coca-Cola,1,220,10,198,170,28,Credit Card,Bilal,3.7
ORD12554,16/03/2025,DHA,C1550,Fatima Sheikh,Male,Lahore,Beverages,Coca Cola 1.5L,Coca-Cola,5,220,5,1045,850,195,Cash,Hassan,4.8
ORD12555,01/05/2025,Gulberg,C1232,Ahmed Ahmed,Male,Lahore,Home,Detergent 1kg,Surf Excel,3,850,10,2295,2040,255,Debit Card,Hamza,4.5
ORD12556,20/11/2025,Wapda Town,C1781,Hassan Sheikh,Male,Lahore,Bakery,Bread,Dawn,3,120,0,360,240,120,Easypaisa,Ali,3.5
ORD12557,21/08/2025,Wapda Town,C1129,Maryam Iqbal,Female,Lahore,Grocery,Basmati Rice 5kg,Guard,1,3200,20,2560,2600,-40,JazzCash,Usman,4.8
ORD12558,06/09/2025,DHA,C1065,Ali Malik,Female,Lahore,Home,Shampoo,Sunsilk,5,620,5,2945,2500,445,Cash,Bilal,3.6
ORD12559,05/02/2025,Gulberg,C1320,Ali Iqbal,Male,Lahore,Bakery,Bread,Dawn,1,120,20,96,80,16,Debit Card,Usman,4
ORD12560,01/03/2025,DHA,C1462,Ali Iqbal,Female,Lahore,Home,Shampoo,Sunsilk,1,620,10,558,500,58,Cash,Bilal,4.7
ORD12561,17/07/2025,Model Town,C1540,Hassan Ahmed,Male,Lahore,Home,Detergent 1kg,Surf Excel,3,850,20,2040,2040,0,Debit Card,Ali,3.9
ORD12562,01/07/2025,Johar Town,C1783,Usman Chaudhry,Female,Lahore,Home,Soap,Lux,3,180,15,459,390,69,Easypaisa,Bilal,4.7
ORD12563,21/08/2025,Johar Town,C1461,Bilal Raza,Female,Lahore,Stationery,Pen,Dollar,1,60,5,57,35,22,Cash,Hassan,3.9
ORD12564,24/02/2025,DHA,C1092,Usman Sheikh,Female,Lahore,Stationery,Notebook,Dollar,4,180,20,576,480,96,Cash,Ahmed,4.8
ORD12565,09/01/2025,DHA,C1240,Ahmed Khan,Female,Lahore,Beverages,Pepsi 1.5L,Pepsi,4,220,15,748,680,68,Easypaisa,Hamza,3.9
ORD12566,17/12/2025,Wapda Town,C1416,Zain Iqbal,Female,Lahore,Grocery,Basmati Rice 5kg,Guard,1,3200,20,2560,2600,-40,Easypaisa,Ali,3.7
ORD12567,26/04/2025,Gulberg,C1063,Bilal Chaudhry,Female,Lahore,Home,Detergent 1kg,Surf Excel,4,850,10,3060,2720,340,JazzCash,Hamza,4.2
ORD12568,03/06/2025,Wapda Town,C1279,Fatima Raza,Male,Lahore,Bakery,Cookies,LU,5,250,20,1000,900,100,Easypaisa,Ahmed,4.8
ORD12569,07/05/2025,Model Town,C1480,Ali Ahmed,Female,Lahore,Home,Detergent 1kg,Surf Excel,1,850,0,850,680,170,Easypaisa,Hassan,4.5
ORD12570,10/06/2025,Johar Town,C1038,Ayesha Ahmed,Male,Lahore,Bakery,Cookies,LU,5,250,5,1187.5,900,287.5,Cash,Umar,3.7
ORD12571,27/12/2025,Wapda Town,C1025,Usman Ahmed,Female,Lahore,Home,Detergent 1kg,Surf Excel,1,850,10,765,680,85,Credit Card,Bilal,3.6
ORD12572,02/07/2025,DHA,C1233,Hassan Malik,Female,Lahore,Electronics,Power Bank,Xiaomi,4,4500,15,15300,14400,900,JazzCash,Hamza,5
ORD12573,25/06/2025,Gulberg,C1492,Zain Khan,Male,Lahore,Electronics,Mouse,Logitech,2,1800,20,2880,2800,80,Debit Card,Zain,3.9
ORD12574,01/01/2025,Wapda Town,C1185,Umar Sheikh,Female,Lahore,Grocery,Sugar 1kg,Shan,5,180,20,720,750,-30,Debit Card,Hamza,4.6
ORD12575,11/11/2025,Gulberg,C1466,Hassan Raza,Female,Lahore,Home,Shampoo,Sunsilk,4,620,5,2356,2000,356,Debit Card,Bilal,4.3
ORD12576,19/03/2025,Wapda Town,C1386,Hamza Malik,Male,Lahore,Beverages,Nestle Water 1.5L,Nestle,5,90,10,405,300,105,Easypaisa,Hamza,4.3
ORD12577,06/12/2025,DHA,C1591,Hassan Ahmed,Female,Lahore,Grocery,Sugar 1kg,Shan,1,180,5,171,150,21,JazzCash,Hamza,4.2
ORD12578,18/01/2025,Wapda Town,C1657,Ahmed Chaudhry,Male,Lahore,Home,Detergent 1kg,Surf Excel,3,850,10,2295,2040,255,Credit Card,Umar,4.4
ORD12579,02/03/2025,DHA,C1026,Umar Malik,Female,Lahore,Stationery,Notebook,Dollar,4,180,5,684,480,204,Credit Card,Hamza,4
ORD12580,17/04/2025,Gulberg,C1105,Bilal Iqbal,Female,Lahore,Bakery,Cake,Gourmet,5,900,15,3825,3500,325,Easypaisa,Ahmed,4.8
ORD12581,29/04/2025,Johar Town,C1487,Maryam Ahmed,Female,Lahore,Bakery,Cake,Gourmet,2,900,10,1620,1400,220,Easypaisa,Usman,4
ORD12582,06/03/2025,Gulberg,C1637,Usman Sheikh,Male,Lahore,Bakery,Cake,Gourmet,1,900,10,810,700,110,Cash,Ahmed,4.5
ORD12583,26/02/2025,DHA,C1435,Ahmed Sheikh,Male,Lahore,Stationery,Marker,Dollar,1,120,0,120,80,40,JazzCash,Umar,3.8
ORD12584,13/05/2025,Gulberg,C1143,Ahmed Malik,Male,Lahore,Electronics,Power Bank,Xiaomi,5,4500,20,18000,18000,0,Cash,Usman,4.5
ORD12585,09/04/2025,Wapda Town,C1053,Zain Sheikh,Female,Lahore,Bakery,Cookies,LU,4,250,20,800,720,80,Debit Card,Hassan,4.5
ORD12586,22/04/2025,Wapda Town,C1128,Ayesha Chaudhry,Male,Lahore,Grocery,Basmati Rice 5kg,Guard,3,3200,10,8640,7800,840,Easypaisa,Zain,5
ORD12587,03/08/2025,Wapda Town,C1561,Usman Butt,Male,Lahore,Grocery,Cooking Oil 1L,Dalda,2,650,0,1300,1040,260,Easypaisa,Hassan,4.6
ORD12588,27/09/2025,Model Town,C1394,Ahmed Malik,Male,Lahore,Stationery,Pen,Dollar,3,60,0,180,105,75,Debit Card,Hassan,4.1
ORD12589,01/03/2025,Johar Town,C1434,Fatima Malik,Female,Lahore,Stationery,Marker,Dollar,4,120,20,384,320,64,JazzCash,Ali,4.1
ORD12590,25/08/2025,Johar Town,C1231,Sara Ahmed,Male,Lahore,Home,Soap,Lux,1,180,5,171,130,41,Debit Card,Zain,3.7
ORD12591,01/10/2025,Gulberg,C1180,Umar Malik,Female,Lahore,Beverages,Nestle Water 1.5L,Nestle,4,90,15,306,240,66,JazzCash,Bilal,4.4
ORD12592,16/11/2025,DHA,C1190,Sara Sheikh,Female,Lahore,Bakery,Cookies,LU,2,250,5,475,360,115,Credit Card,Bilal,4.5
ORD12593,23/05/2025,Model Town,C1520,Ahmed Ahmed,Male,Lahore,Beverages,Nestle Water 1.5L,Nestle,4,90,20,288,240,48,Credit Card,Hassan,3.8
ORD12594,07/08/2025,Gulberg,C1329,Fatima Chaudhry,Female,Lahore,Electronics,Mouse,Logitech,5,1800,20,7200,7000,200,Cash,Zain,4
ORD12595,28/06/2025,Johar Town,C1799,Ayesha Chaudhry,Male,Lahore,Bakery,Cake,Gourmet,1,900,15,765,700,65,Debit Card,Zain,4.4
ORD12596,19/12/2025,Johar Town,C1480,Usman Ahmed,Female,Lahore,Beverages,Pepsi 1.5L,Pepsi,3,220,15,561,510,51,Debit Card,Hamza,4.1
ORD12597,12/01/2025,Wapda Town,C1305,Ahmed Khan,Male,Lahore,Beverages,Pepsi 1.5L,Pepsi,2,220,10,396,340,56,JazzCash,Zain,4
ORD12598,14/11/2025,Johar Town,C1739,Ayesha Malik,Female,Lahore,Bakery,Cake,Gourmet,4,900,15,3060,2800,260,Easypaisa,Zain,4.6
ORD12599,04/02/2025,Model Town,C1276,Zain Ahmed,Male,Lahore,Bakery,Cake,Gourmet,2,900,10,1620,1400,220,Cash,Umar,4.5
ORD12600,20/07/2025,Model Town,C1152,Hamza Sheikh,Female,Lahore,Home,Detergent 1kg,Surf Excel,2,850,20,1360,1360,0,Easypaisa,Ali,3.7
ORD12601,06/07/2025,Johar Town,C1032,Ali Khan,Female,Lahore,Bakery,Cookies,LU,2,250,5,475,360,115,Easypaisa,Hassan,3.5
ORD12602,18/09/2025,DHA,C1653,Fatima Butt,Female,Lahore,Stationery,Notebook,Dollar,5,180,5,855,600,255,Debit Card,Usman,4.7
ORD12603,21/01/2025,Johar Town,C1086,Usman Chaudhry,Male,Lahore,Home,Shampoo,Sunsilk,5,620,20,2480,2500,-20,Easypaisa,Zain,4.6
ORD12604,29/05/2025,Gulberg,C1484,Usman Khan,Male,Lahore,Bakery,Cookies,LU,2,250,5,475,360,115,JazzCash,Umar,4.8
ORD12605,09/10/2025,DHA,C1690,Ahmed Sheikh,Male,Lahore,Electronics,Mouse,Logitech,5,1800,15,7650,7000,650,Easypaisa,Hamza,4.6
ORD12606,18/04/2025,Johar Town,C1640,Maryam Iqbal,Female,Lahore,Stationery,Pen,Dollar,3,60,0,180,105,75,Credit Card,Ali,4.5
ORD12607,10/01/2025,Wapda Town,C1118,Sara Raza,Female,Lahore,Grocery,Sugar 1kg,Shan,1,180,0,180,150,30,Debit Card,Usman,4.1
ORD12608,30/03/2025,Johar Town,C1429,Ali Chaudhry,Male,Lahore,Beverages,Nestle Water 1.5L,Nestle,1,90,0,90,60,30,Debit Card,Hassan,4
ORD12609,20/03/2025,Gulberg,C1723,Hassan Raza,Male,Lahore,Stationery,Marker,Dollar,5,120,5,570,400,170,Credit Card,Hassan,5
ORD12610,19/06/2025,Wapda Town,C1145,Fatima Khan,Male,Lahore,Beverages,Nestle Water 1.5L,Nestle,1,90,15,76.5,60,16.5,Easypaisa,Hamza,3.8
ORD12611,05/08/2025,Model Town,C1745,Zain Raza,Male,Lahore,Home,Shampoo,Sunsilk,4,620,20,1984,2000,-16,Debit Card,Hassan,4.8
ORD12612,11/05/2025,Gulberg,C1399,Ahmed Sheikh,Female,Lahore,Electronics,Keyboard,A4Tech,3,2800,0,8400,6600,1800,Credit Card,Umar,3.5
ORD12613,18/12/2025,Wapda Town,C1029,Ahmed Iqbal,Male,Lahore,Bakery,Cookies,LU,3,250,10,675,540,135,Easypaisa,Hamza,3.9
ORD12614,25/10/2025,Gulberg,C1601,Usman Raza,Male,Lahore,Home,Shampoo,Sunsilk,2,620,20,992,1000,-8,Cash,Zain,3.5
ORD12615,10/01/2025,Wapda Town,C1723,Umar Ahmed,Male,Lahore,Stationery,Marker,Dollar,4,120,20,384,320,64,Cash,Zain,4.8
ORD12616,29/12/2025,Johar Town,C1137,Zain Khan,Female,Lahore,Electronics,Keyboard,A4Tech,2,2800,5,5320,4400,920,JazzCash,Hassan,5
ORD12617,28/11/2025,DHA,C1278,Maryam Khan,Female,Lahore,Home,Shampoo,Sunsilk,3,620,5,1767,1500,267,Easypaisa,Hamza,3.8
ORD12618,24/06/2025,DHA,C1048,Ahmed Ahmed,Male,Lahore,Stationery,Marker,Dollar,2,120,20,192,160,32,Credit Card,Usman,4.7
ORD12619,13/06/2025,Model Town,C1457,Maryam Butt,Female,Lahore,Bakery,Cake,Gourmet,4,900,5,3420,2800,620,Cash,Hassan,3.6
ORD12620,16/08/2025,Johar Town,C1021,Bilal Iqbal,Male,Lahore,Electronics,Power Bank,Xiaomi,5,4500,0,22500,18000,4500,JazzCash,Umar,3.7
ORD12621,06/10/2025,Johar Town,C1624,Hassan Iqbal,Female,Lahore,Home,Detergent 1kg,Surf Excel,3,850,5,2422.5,2040,382.5,Credit Card,Zain,4.4
ORD12622,03/04/2025,Model Town,C1454,Hamza Chaudhry,Female,Lahore,Grocery,Sugar 1kg,Shan,3,180,20,432,450,-18,JazzCash,Ali,3.7
ORD12623,07/04/2025,Gulberg,C1726,Bilal Iqbal,Female,Lahore,Home,Shampoo,Sunsilk,5,620,5,2945,2500,445,Easypaisa,Usman,4.2
ORD12624,09/05/2025,Model Town,C1001,Fatima Iqbal,Female,Lahore,Electronics,Power Bank,Xiaomi,1,4500,0,4500,3600,900,Cash,Ali,4.8
ORD12625,04/12/2025,Johar Town,C1389,Maryam Sheikh,Male,Lahore,Beverages,Pepsi 1.5L,Pepsi,1,220,5,209,170,39,Cash,Hassan,3.9
ORD12626,10/08/2025,Wapda Town,C1651,Sara Malik,Male,Lahore,Stationery,Marker,Dollar,1,120,5,114,80,34,Easypaisa,Bilal,4.1
ORD12627,24/02/2025,Wapda Town,C1774,Zain Chaudhry,Male,Lahore,Stationery,Notebook,Dollar,2,180,20,288,240,48,Easypaisa,Ali,4.5
ORD12628,18/06/2025,Johar Town,C1534,Zain Chaudhry,Female,Lahore,Stationery,Pen,Dollar,1,60,5,57,35,22,Debit Card,Zain,4.6
ORD12629,15/10/2025,Gulberg,C1560,Bilal Malik,Female,Lahore,Bakery,Cake,Gourmet,4,900,20,2880,2800,80,Easypaisa,Hassan,3.6
ORD12630,19/10/2025,Model Town,C1602,Bilal Raza,Female,Lahore,Grocery,Basmati Rice 5kg,Guard,4,3200,5,12160,10400,1760,Credit Card,Umar,4.5
ORD12631,25/11/2025,Gulberg,C1045,Ayesha Sheikh,Male,Lahore,Stationery,Pen,Dollar,3,60,10,162,105,57,Easypaisa,Usman,4.1
ORD12632,25/06/2025,Model Town,C1364,Sara Ahmed,Female,Lahore,Electronics,Power Bank,Xiaomi,2,4500,10,8100,7200,900,Cash,Bilal,3.9
ORD12633,24/10/2025,Wapda Town,C1338,Zain Khan,Female,Lahore,Stationery,Marker,Dollar,2,120,20,192,160,32,JazzCash,Hamza,4
ORD12634,10/06/2025,DHA,C1427,Zain Ahmed,Female,Lahore,Home,Shampoo,Sunsilk,2,620,15,1054,1000,54,Easypaisa,Bilal,5
ORD12635,22/04/2025,Johar Town,C1059,Ayesha Ahmed,Female,Lahore,Electronics,Power Bank,Xiaomi,1,4500,15,3825,3600,225,Easypaisa,Hamza,3.6
ORD12636,18/12/2025,Gulberg,C1504,Fatima Malik,Female,Lahore,Stationery,Notebook,Dollar,3,180,0,540,360,180,JazzCash,Usman,3.7
ORD12637,12/04/2025,DHA,C1014,Hassan Malik,Female,Lahore,Stationery,Marker,Dollar,5,120,10,540,400,140,JazzCash,Zain,3.7
ORD12638,11/10/2025,Johar Town,C1090,Usman Sheikh,Female,Lahore,Electronics,Power Bank,Xiaomi,1,4500,5,4275,3600,675,Debit Card,Usman,4.2
ORD12639,10/06/2025,DHA,C1639,Ayesha Butt,Female,Lahore,Stationery,Marker,Dollar,3,120,0,360,240,120,JazzCash,Ahmed,3.8
ORD12640,07/03/2025,Gulberg,C1300,Umar Iqbal,Male,Lahore,Beverages,Coca Cola 1.5L,Coca-Cola,4,220,15,748,680,68,JazzCash,Hassan,4.6
ORD12641,10/06/2025,Johar Town,C1038,Ali Sheikh,Male,Lahore,Electronics,Keyboard,A4Tech,4,2800,0,11200,8800,2400,Easypaisa,Bilal,3.6
ORD12642,03/08/2025,DHA,C1482,Umar Ahmed,Male,Lahore,Electronics,Keyboard,A4Tech,3,2800,20,6720,6600,120,Cash,Hassan,4.9
ORD12643,02/11/2025,Model Town,C1333,Ali Chaudhry,Female,Lahore,Grocery,Cooking Oil 1L,Dalda,4,650,0,2600,2080,520,Cash,Usman,3.8
ORD12644,18/03/2025,DHA,C1396,Bilal Raza,Female,Lahore,Bakery,Cake,Gourmet,2,900,0,1800,1400,400,JazzCash,Zain,3.9
ORD12645,03/01/2025,DHA,C1595,Hamza Khan,Male,Lahore,Electronics,Keyboard,A4Tech,3,2800,10,7560,6600,960,Easypaisa,Hassan,4.6
ORD12646,08/08/2025,Wapda Town,C1621,Zain Raza,Male,Lahore,Grocery,Tea 475g,Tapal,4,980,15,3332,3280,52,Debit Card,Usman,4.2
ORD12647,09/04/2025,DHA,C1695,Umar Khan,Male,Lahore,Bakery,Cake,Gourmet,5,900,0,4500,3500,1000,JazzCash,Usman,4.5
ORD12648,06/05/2025,Model Town,C1577,Ali Butt,Male,Lahore,Home,Shampoo,Sunsilk,4,620,5,2356,2000,356,Debit Card,Ahmed,4.3
ORD12649,11/07/2025,Gulberg,C1469,Sara Khan,Female,Lahore,Electronics,Power Bank,Xiaomi,1,4500,15,3825,3600,225,Easypaisa,Ahmed,4.9
ORD12650,04/02/2025,Gulberg,C1058,Hassan Malik,Female,Lahore,Electronics,Power Bank,Xiaomi,1,4500,5,4275,3600,675,Credit Card,Ahmed,4.2
ORD12651,03/11/2025,Johar Town,C1746,Ahmed Malik,Male,Lahore,Home,Detergent 1kg,Surf Excel,1,850,15,722.5,680,42.5,Debit Card,Ali,4.6
ORD12652,22/03/2025,Gulberg,C1003,Hamza Malik,Male,Lahore,Bakery,Cookies,LU,5,250,5,1187.5,900,287.5,Easypaisa,Ali,3.7
ORD12653,02/08/2025,Johar Town,C1524,Hassan Chaudhry,Female,Lahore,Grocery,Basmati Rice 5kg,Guard,5,3200,5,15200,13000,2200,Credit Card,Usman,4.2
ORD12654,28/01/2025,DHA,C1503,Maryam Chaudhry,Male,Lahore,Electronics,Keyboard,A4Tech,5,2800,20,11200,11000,200,JazzCash,Usman,3.6
ORD12655,10/04/2025,Gulberg,C1172,Umar Khan,Female,Lahore,Beverages,Pepsi 1.5L,Pepsi,5,220,0,1100,850,250,Credit Card,Hamza,4.6
ORD12656,07/07/2025,DHA,C1503,Umar Khan,Female,Lahore,Bakery,Cake,Gourmet,3,900,5,2565,2100,465,Cash,Hamza,4.8
ORD12657,16/05/2025,Johar Town,C1371,Ayesha Malik,Female,Lahore,Home,Detergent 1kg,Surf Excel,3,850,10,2295,2040,255,JazzCash,Umar,4.5
ORD12658,29/08/2025,Gulberg,C1453,Ali Raza,Female,Lahore,Home,Shampoo,Sunsilk,5,620,10,2790,2500,290,Credit Card,Umar,4.2
ORD12659,28/01/2025,Wapda Town,C1513,Sara Chaudhry,Male,Lahore,Home,Detergent 1kg,Surf Excel,2,850,20,1360,1360,0,JazzCash,Bilal,3.7
ORD12660,25/09/2025,Model Town,C1704,Maryam Ahmed,Female,Lahore,Grocery,Cooking Oil 1L,Dalda,5,650,5,3087.5,2600,487.5,Credit Card,Ali,4.2
ORD12661,01/01/2025,Wapda Town,C1435,Ali Iqbal,Female,Lahore,Electronics,Mouse,Logitech,4,1800,0,7200,5600,1600,Easypaisa,Ahmed,4.7
ORD12662,08/02/2025,DHA,C1484,Sara Iqbal,Male,Lahore,Stationery,Marker,Dollar,4,120,15,408,320,88,Debit Card,Umar,4.4
ORD12663,08/04/2025,Wapda Town,C1702,Hamza Malik,Female,Lahore,Grocery,Cooking Oil 1L,Dalda,3,650,5,1852.5,1560,292.5,Credit Card,Ali,4.8
ORD12664,10/01/2025,DHA,C1570,Ali Chaudhry,Male,Lahore,Grocery,Basmati Rice 5kg,Guard,5,3200,20,12800,13000,-200,Cash,Umar,3.5
ORD12665,21/09/2025,Gulberg,C1376,Usman Khan,Female,Lahore,Stationery,Marker,Dollar,4,120,15,408,320,88,Easypaisa,Ali,4.6
ORD12666,29/01/2025,Johar Town,C1231,Umar Iqbal,Female,Lahore,Home,Soap,Lux,1,180,10,162,130,32,JazzCash,Hamza,4.2
ORD12667,19/03/2025,Gulberg,C1336,Ahmed Ahmed,Male,Lahore,Stationery,Pen,Dollar,4,60,0,240,140,100,JazzCash,Ahmed,3.6
ORD12668,29/08/2025,DHA,C1029,Maryam Butt,Male,Lahore,Grocery,Basmati Rice 5kg,Guard,4,3200,20,10240,10400,-160,Credit Card,Ahmed,3.7
ORD12669,07/12/2025,Johar Town,C1721,Zain Butt,Male,Lahore,Electronics,Power Bank,Xiaomi,4,4500,5,17100,14400,2700,Cash,Ahmed,5
ORD12670,30/03/2025,Wapda Town,C1485,Bilal Chaudhry,Female,Lahore,Bakery,Cookies,LU,3,250,20,600,540,60,Debit Card,Hamza,4
ORD12671,20/08/2025,DHA,C1155,Umar Raza,Male,Lahore,Stationery,Pen,Dollar,3,60,5,171,105,66,Cash,Bilal,3.6
ORD12672,26/05/2025,DHA,C1041,Zain Iqbal,Male,Lahore,Grocery,Sugar 1kg,Shan,2,180,15,306,300,6,Debit Card,Hassan,4.2
ORD12673,10/11/2025,Wapda Town,C1790,Zain Chaudhry,Female,Lahore,Beverages,Coca Cola 1.5L,Coca-Cola,4,220,15,748,680,68,JazzCash,Ali,4.6
ORD12674,12/07/2025,Gulberg,C1469,Bilal Khan,Female,Lahore,Grocery,Sugar 1kg,Shan,3,180,15,459,450,9,JazzCash,Bilal,4.4
ORD12675,20/07/2025,DHA,C1603,Sara Khan,Male,Lahore,Bakery,Cake,Gourmet,1,900,10,810,700,110,Debit Card,Zain,4.3
ORD12676,29/03/2025,Model Town,C1262,Bilal Iqbal,Male,Lahore,Electronics,Power Bank,Xiaomi,1,4500,10,4050,3600,450,JazzCash,Hamza,3.8
ORD12677,13/05/2025,Model Town,C1755,Sara Ahmed,Male,Lahore,Electronics,Mouse,Logitech,3,1800,5,5130,4200,930,Cash,Ali,4.5
ORD12678,30/01/2025,Wapda Town,C1257,Umar Sheikh,Female,Lahore,Stationery,Marker,Dollar,3,120,0,360,240,120,JazzCash,Hassan,4.7
ORD12679,09/02/2025,Gulberg,C1513,Zain Malik,Male,Lahore,Beverages,Coca Cola 1.5L,Coca-Cola,5,220,15,935,850,85,Easypaisa,Hassan,4.5
ORD12680,21/12/2025,Johar Town,C1673,Umar Raza,Male,Lahore,Bakery,Bread,Dawn,1,120,5,114,80,34,Credit Card,Umar,4.5
ORD12681,10/03/2025,Wapda Town,C1168,Sara Chaudhry,Male,Lahore,Grocery,Sugar 1kg,Shan,3,180,10,486,450,36,JazzCash,Usman,5
ORD12682,25/05/2025,Wapda Town,C1287,Ayesha Raza,Female,Lahore,Home,Shampoo,Sunsilk,3,620,20,1488,1500,-12,Cash,Bilal,3.8
ORD12683,07/05/2025,DHA,C1699,Ayesha Butt,Male,Lahore,Home,Detergent 1kg,Surf Excel,4,850,20,2720,2720,0,Credit Card,Hamza,3.6
ORD12684,04/04/2025,DHA,C1353,Usman Butt,Female,Lahore,Home,Soap,Lux,5,180,0,900,650,250,Easypaisa,Hamza,4.4
ORD12685,15/09/2025,Wapda Town,C1555,Fatima Chaudhry,Female,Lahore,Bakery,Cake,Gourmet,5,900,15,3825,3500,325,Credit Card,Bilal,3.9
ORD12686,20/09/2025,Johar Town,C1285,Ali Ahmed,Male,Lahore,Electronics,Keyboard,A4Tech,3,2800,0,8400,6600,1800,JazzCash,Hassan,4.1
ORD12687,02/01/2025,Johar Town,C1713,Ayesha Iqbal,Male,Lahore,Stationery,Pen,Dollar,5,60,15,255,175,80,JazzCash,Hassan,3.9
ORD12688,08/05/2025,Johar Town,C1286,Fatima Raza,Female,Lahore,Bakery,Cake,Gourmet,1,900,0,900,700,200,Easypaisa,Hassan,4.1
ORD12689,09/12/2025,DHA,C1420,Fatima Sheikh,Male,Lahore,Electronics,Keyboard,A4Tech,1,2800,0,2800,2200,600,Debit Card,Hassan,4.8
ORD12690,01/02/2025,Wapda Town,C1259,Fatima Khan,Female,Lahore,Home,Detergent 1kg,Surf Excel,4,850,10,3060,2720,340,Debit Card,Ali,4.1
ORD12691,09/03/2025,Johar Town,C1255,Ali Malik,Female,Lahore,Stationery,Notebook,Dollar,4,180,10,648,480,168,Debit Card,Umar,3.6
ORD12692,31/07/2025,DHA,C1468,Hamza Sheikh,Male,Lahore,Stationery,Marker,Dollar,2,120,10,216,160,56,Cash,Ali,3.7
ORD12693,09/02/2025,Wapda Town,C1191,Fatima Chaudhry,Male,Lahore,Beverages,Nestle Water 1.5L,Nestle,1,90,15,76.5,60,16.5,Easypaisa,Hamza,3.6
ORD12694,23/12/2025,DHA,C1526,Umar Sheikh,Male,Lahore,Electronics,Keyboard,A4Tech,5,2800,20,11200,11000,200,Credit Card,Hamza,4
ORD12695,01/06/2025,Wapda Town,C1181,Hamza Butt,Male,Lahore,Grocery,Basmati Rice 5kg,Guard,2,3200,20,5120,5200,-80,Debit Card,Hamza,4.1
ORD12696,22/01/2025,Wapda Town,C1732,Sara Raza,Male,Lahore,Electronics,Power Bank,Xiaomi,3,4500,15,11475,10800,675,JazzCash,Usman,5
ORD12697,30/09/2025,Johar Town,C1046,Hassan Ahmed,Male,Lahore,Electronics,Keyboard,A4Tech,1,2800,10,2520,2200,320,Debit Card,Umar,3.6
ORD12698,27/03/2025,Johar Town,C1443,Umar Sheikh,Female,Lahore,Beverages,Nestle Water 1.5L,Nestle,2,90,0,180,120,60,Debit Card,Umar,4.9
ORD12699,04/09/2025,Wapda Town,C1720,Zain Iqbal,Male,Lahore,Bakery,Cookies,LU,2,250,15,425,360,65,Easypaisa,Usman,4.3
ORD12700,13/07/2025,Wapda Town,C1495,Ayesha Malik,Female,Lahore,Grocery,Cooking Oil 1L,Dalda,2,650,0,1300,1040,260,Easypaisa,Ali,4.9
ORD12701,04/01/2025,Johar Town,C1273,Zain Iqbal,Female,Lahore,Home,Detergent 1kg,Surf Excel,5,850,5,4037.5,3400,637.5,Easypaisa,Hassan,4
ORD12702,06/08/2025,Model Town,C1660,Maryam Khan,Male,Lahore,Beverages,Pepsi 1.5L,Pepsi,2,220,15,374,340,34,Credit Card,Zain,3.8
ORD12703,29/09/2025,Johar Town,C1063,Usman Chaudhry,Male,Lahore,Electronics,Power Bank,Xiaomi,5,4500,15,19125,18000,1125,Debit Card,Usman,4.3
ORD12704,18/08/2025,Gulberg,C1782,Maryam Butt,Female,Lahore,Grocery,Sugar 1kg,Shan,2,180,10,324,300,24,Credit Card,Zain,3.9
ORD12705,30/07/2025,Model Town,C1470,Zain Khan,Female,Lahore,Bakery,Cake,Gourmet,2,900,20,1440,1400,40,Cash,Ali,4.1
ORD12706,13/10/2025,Model Town,C1653,Bilal Sheikh,Female,Lahore,Bakery,Bread,Dawn,3,120,20,288,240,48,Debit Card,Hamza,4.8
ORD12707,25/06/2025,DHA,C1528,Zain Raza,Female,Lahore,Home,Shampoo,Sunsilk,1,620,10,558,500,58,Easypaisa,Hassan,3.8
ORD12708,31/12/2025,DHA,C1558,Sara Iqbal,Female,Lahore,Beverages,Nestle Water 1.5L,Nestle,1,90,5,85.5,60,25.5,JazzCash,Umar,4.9
ORD12709,13/08/2025,Johar Town,C1694,Sara Raza,Female,Lahore,Grocery,Basmati Rice 5kg,Guard,4,3200,5,12160,10400,1760,JazzCash,Bilal,4.9
ORD12710,04/08/2025,Gulberg,C1652,Fatima Iqbal,Male,Lahore,Electronics,Mouse,Logitech,4,1800,15,6120,5600,520,Cash,Ali,3.7
ORD12711,25/01/2025,Gulberg,C1711,Ahmed Malik,Female,Lahore,Beverages,Pepsi 1.5L,Pepsi,5,220,20,880,850,30,Cash,Hamza,3.7
ORD12712,25/04/2025,Wapda Town,C1055,Hamza Ahmed,Male,Lahore,Beverages,Coca Cola 1.5L,Coca-Cola,4,220,20,704,680,24,JazzCash,Ahmed,4.9
ORD12713,07/07/2025,Johar Town,C1334,Umar Chaudhry,Male,Lahore,Beverages,Pepsi 1.5L,Pepsi,4,220,10,792,680,112,Debit Card,Umar,4.2
ORD12714,19/09/2025,DHA,C1623,Umar Iqbal,Female,Lahore,Home,Detergent 1kg,Surf Excel,3,850,15,2167.5,2040,127.5,JazzCash,Bilal,4
ORD12715,11/09/2025,Wapda Town,C1380,Hamza Khan,Female,Lahore,Electronics,Power Bank,Xiaomi,3,4500,20,10800,10800,0,Credit Card,Hassan,4.5
ORD12716,18/07/2025,Gulberg,C1308,Fatima Iqbal,Female,Lahore,Beverages,Nestle Water 1.5L,Nestle,1,90,15,76.5,60,16.5,Cash,Hassan,4.4
ORD12717,24/03/2025,Johar Town,C1064,Ayesha Butt,Male,Lahore,Stationery,Pen,Dollar,2,60,10,108,70,38,Easypaisa,Zain,3.6
ORD12718,04/02/2025,DHA,C1384,Ayesha Raza,Female,Lahore,Bakery,Cake,Gourmet,2,900,0,1800,1400,400,Credit Card,Usman,3.6
ORD12719,15/04/2025,Wapda Town,C1269,Ayesha Malik,Male,Lahore,Grocery,Cooking Oil 1L,Dalda,4,650,15,2210,2080,130,JazzCash,Usman,4
ORD12720,30/01/2025,Johar Town,C1741,Ahmed Butt,Female,Lahore,Beverages,Nestle Water 1.5L,Nestle,3,90,5,256.5,180,76.5,Credit Card,Ahmed,4.6
ORD12721,30/03/2025,DHA,C1660,Ali Raza,Male,Lahore,Bakery,Bread,Dawn,4,120,5,456,320,136,Debit Card,Ali,4.7
ORD12722,20/01/2025,Model Town,C1586,Hamza Khan,Male,Lahore,Electronics,Power Bank,Xiaomi,2,4500,10,8100,7200,900,Credit Card,Umar,4.4
ORD12723,10/05/2025,DHA,C1310,Umar Khan,Male,Lahore,Grocery,Cooking Oil 1L,Dalda,2,650,5,1235,1040,195,JazzCash,Ali,4.9
ORD12724,28/02/2025,Wapda Town,C1728,Hamza Chaudhry,Male,Lahore,Beverages,Coca Cola 1.5L,Coca-Cola,2,220,10,396,340,56,Debit Card,Hassan,4.4
ORD12725,18/12/2025,Model Town,C1560,Umar Ahmed,Male,Lahore,Bakery,Cookies,LU,2,250,15,425,360,65,Easypaisa,Hassan,3.9
ORD12726,07/03/2025,Johar Town,C1635,Ahmed Malik,Male,Lahore,Grocery,Basmati Rice 5kg,Guard,2,3200,0,6400,5200,1200,Debit Card,Ahmed,3.6
ORD12727,31/10/2025,Wapda Town,C1539,Sara Khan,Male,Lahore,Electronics,Power Bank,Xiaomi,1,4500,5,4275,3600,675,JazzCash,Hamza,4.5
ORD12728,04/06/2025,Wapda Town,C1111,Zain Khan,Male,Lahore,Electronics,Mouse,Logitech,2,1800,0,3600,2800,800,Cash,Hassan,3.8
ORD12729,20/07/2025,Model Town,C1156,Hassan Sheikh,Female,Lahore,Bakery,Cake,Gourmet,2,900,0,1800,1400,400,Easypaisa,Ahmed,5
ORD12730,31/12/2025,Gulberg,C1671,Hassan Ahmed,Male,Lahore,Stationery,Notebook,Dollar,4,180,0,720,480,240,JazzCash,Umar,3.9
ORD12731,14/06/2025,Johar Town,C1024,Hassan Raza,Female,Lahore,Grocery,Basmati Rice 5kg,Guard,2,3200,5,6080,5200,880,JazzCash,Zain,4.1
ORD12732,10/09/2025,Model Town,C1354,Ali Chaudhry,Female,Lahore,Grocery,Sugar 1kg,Shan,5,180,15,765,750,15,Credit Card,Usman,4
ORD12733,01/12/2025,Model Town,C1775,Maryam Malik,Male,Lahore,Home,Detergent 1kg,Surf Excel,2,850,0,1700,1360,340,Easypaisa,Ahmed,4.8
ORD12734,06/12/2025,Gulberg,C1668,Zain Khan,Female,Lahore,Home,Shampoo,Sunsilk,5,620,0,3100,2500,600,Easypaisa,Ahmed,4.9
ORD12735,21/10/2025,Model Town,C1409,Ayesha Khan,Male,Lahore,Bakery,Cookies,LU,2,250,0,500,360,140,Credit Card,Bilal,4.1
ORD12736,02/11/2025,Johar Town,C1785,Hassan Malik,Female,Lahore,Home,Soap,Lux,5,180,5,855,650,205,Cash,Ahmed,4.2
ORD12737,15/12/2025,Wapda Town,C1508,Ahmed Raza,Male,Lahore,Electronics,Power Bank,Xiaomi,1,4500,0,4500,3600,900,JazzCash,Hamza,3.8
ORD12738,04/04/2025,Model Town,C1346,Fatima Chaudhry,Female,Lahore,Beverages,Coca Cola 1.5L,Coca-Cola,2,220,0,440,340,100,Credit Card,Hassan,4.4
ORD12739,30/11/2025,Wapda Town,C1750,Ali Chaudhry,Male,Lahore,Beverages,Pepsi 1.5L,Pepsi,4,220,10,792,680,112,Debit Card,Zain,4.9
ORD12740,21/12/2025,DHA,C1761,Bilal Iqbal,Female,Lahore,Beverages,Nestle Water 1.5L,Nestle,3,90,20,216,180,36,Cash,Hassan,4.4
ORD12741,28/02/2025,DHA,C1532,Usman Malik,Female,Lahore,Bakery,Cookies,LU,1,250,5,237.5,180,57.5,Easypaisa,Hassan,4.3
ORD12742,08/09/2025,Johar Town,C1247,Fatima Khan,Male,Lahore,Beverages,Coca Cola 1.5L,Coca-Cola,5,220,5,1045,850,195,Credit Card,Hassan,4.1
ORD12743,13/08/2025,Model Town,C1281,Fatima Sheikh,Female,Lahore,Electronics,Power Bank,Xiaomi,3,4500,15,11475,10800,675,Credit Card,Ali,4.1
ORD12744,09/09/2025,Johar Town,C1109,Ayesha Iqbal,Female,Lahore,Grocery,Cooking Oil 1L,Dalda,1,650,15,552.5,520,32.5,Debit Card,Umar,4.2
ORD12745,20/01/2025,DHA,C1005,Fatima Ahmed,Male,Lahore,Grocery,Sugar 1kg,Shan,3,180,20,432,450,-18,Credit Card,Bilal,4.7
ORD12746,09/07/2025,DHA,C1729,Hassan Sheikh,Male,Lahore,Home,Detergent 1kg,Surf Excel,5,850,0,4250,3400,850,Cash,Hamza,4.3
ORD12747,02/03/2025,Johar Town,C1385,Ahmed Ahmed,Male,Lahore,Grocery,Sugar 1kg,Shan,4,180,0,720,600,120,Easypaisa,Ahmed,4.7
ORD12748,24/06/2025,DHA,C1265,Usman Sheikh,Male,Lahore,Electronics,Power Bank,Xiaomi,3,4500,15,11475,10800,675,Easypaisa,Bilal,4.9
ORD12749,29/04/2025,Gulberg,C1204,Bilal Raza,Female,Lahore,Home,Soap,Lux,1,180,10,162,130,32,Credit Card,Zain,4.8
ORD12750,01/07/2025,Gulberg,C1237,Ali Ahmed,Male,Lahore,Stationery,Pen,Dollar,4,60,0,240,140,100,JazzCash,Hamza,4.5
ORD12751,12/03/2025,Wapda Town,C1386,Sara Chaudhry,Female,Lahore,Beverages,Coca Cola 1.5L,Coca-Cola,2,220,5,418,340,78,Debit Card,Ali,4.5
ORD12752,16/08/2025,Johar Town,C1548,Hamza Khan,Female,Lahore,Stationery,Notebook,Dollar,4,180,20,576,480,96,Easypaisa,Ahmed,5
ORD12753,27/10/2025,Wapda Town,C1088,Umar Iqbal,Male,Lahore,Beverages,Coca Cola 1.5L,Coca-Cola,1,220,20,176,170,6,JazzCash,Ali,3.6
ORD12754,30/07/2025,DHA,C1541,Zain Raza,Female,Lahore,Stationery,Pen,Dollar,1,60,5,57,35,22,Debit Card,Umar,4.7
ORD12755,18/01/2025,Wapda Town,C1339,Maryam Iqbal,Male,Lahore,Grocery,Tea 475g,Tapal,2,980,15,1666,1640,26,Credit Card,Usman,4.4
ORD12756,01/07/2025,Model Town,C1590,Hamza Raza,Male,Lahore,Electronics,Keyboard,A4Tech,5,2800,15,11900,11000,900,Cash,Umar,4.8
ORD12757,24/12/2025,DHA,C1173,Fatima Khan,Male,Lahore,Electronics,Keyboard,A4Tech,2,2800,15,4760,4400,360,Cash,Hamza,5
ORD12758,04/02/2025,DHA,C1473,Sara Raza,Female,Lahore,Stationery,Pen,Dollar,2,60,10,108,70,38,JazzCash,Usman,3.9
ORD12759,12/12/2025,Johar Town,C1167,Umar Raza,Female,Lahore,Grocery,Tea 475g,Tapal,2,980,20,1568,1640,-72,Cash,Ahmed,3.6
ORD12760,16/08/2025,Johar Town,C1700,Maryam Raza,Female,Lahore,Grocery,Tea 475g,Tapal,5,980,0,4900,4100,800,Easypaisa,Hamza,4.9
ORD12761,03/05/2025,Wapda Town,C1289,Ahmed Raza,Male,Lahore,Grocery,Sugar 1kg,Shan,5,180,10,810,750,60,Debit Card,Zain,4.6
ORD12762,18/03/2025,Johar Town,C1691,Fatima Chaudhry,Female,Lahore,Bakery,Bread,Dawn,2,120,15,204,160,44,Easypaisa,Umar,4.4
ORD12763,12/10/2025,Model Town,C1334,Umar Raza,Female,Lahore,Grocery,Cooking Oil 1L,Dalda,1,650,5,617.5,520,97.5,Easypaisa,Ali,4.7
ORD12764,24/06/2025,Wapda Town,C1480,Ali Raza,Male,Lahore,Bakery,Cake,Gourmet,2,900,0,1800,1400,400,Cash,Umar,4.6
ORD12765,03/03/2025,DHA,C1411,Bilal Raza,Female,Lahore,Grocery,Tea 475g,Tapal,1,980,0,980,820,160,Cash,Ali,5
ORD12766,16/09/2025,DHA,C1311,Usman Raza,Female,Lahore,Beverages,Pepsi 1.5L,Pepsi,5,220,15,935,850,85,Debit Card,Zain,5
ORD12767,05/04/2025,Wapda Town,C1691,Maryam Chaudhry,Female,Lahore,Beverages,Coca Cola 1.5L,Coca-Cola,4,220,10,792,680,112,Cash,Ahmed,4.2
ORD12768,14/10/2025,Johar Town,C1343,Ahmed Butt,Male,Lahore,Grocery,Cooking Oil 1L,Dalda,3,650,5,1852.5,1560,292.5,JazzCash,Ahmed,4.3
ORD12769,25/03/2025,Wapda Town,C1062,Sara Sheikh,Female,Lahore,Beverages,Coca Cola 1.5L,Coca-Cola,4,220,20,704,680,24,Easypaisa,Ahmed,3.7
ORD12770,09/08/2025,Johar Town,C1585,Zain Iqbal,Female,Lahore,Electronics,Power Bank,Xiaomi,2,4500,20,7200,7200,0,Cash,Hamza,4
ORD12771,09/12/2025,Gulberg,C1194,Zain Chaudhry,Male,Lahore,Bakery,Bread,Dawn,1,120,0,120,80,40,JazzCash,Ahmed,4.2
ORD12772,06/05/2025,Wapda Town,C1770,Maryam Sheikh,Female,Lahore,Home,Shampoo,Sunsilk,1,620,20,496,500,-4,JazzCash,Hassan,3.7
ORD12773,13/09/2025,Johar Town,C1280,Fatima Raza,Male,Lahore,Stationery,Notebook,Dollar,5,180,20,720,600,120,Easypaisa,Umar,4.6
ORD12774,04/10/2025,Model Town,C1356,Ali Chaudhry,Female,Lahore,Home,Soap,Lux,2,180,20,288,260,28,Credit Card,Zain,4.1
ORD12775,15/08/2025,DHA,C1694,Bilal Ahmed,Male,Lahore,Beverages,Coca Cola 1.5L,Coca-Cola,4,220,15,748,680,68,JazzCash,Ali,4.2
ORD12776,28/10/2025,DHA,C1004,Ali Malik,Female,Lahore,Electronics,Keyboard,A4Tech,4,2800,20,8960,8800,160,Credit Card,Usman,4.6
ORD12777,01/02/2025,Wapda Town,C1232,Ali Malik,Male,Lahore,Beverages,Coca Cola 1.5L,Coca-Cola,2,220,15,374,340,34,Easypaisa,Bilal,4
ORD12778,10/07/2025,Wapda Town,C1733,Ali Chaudhry,Female,Lahore,Home,Detergent 1kg,Surf Excel,2,850,0,1700,1360,340,Cash,Hamza,3.8
ORD12779,14/02/2025,Johar Town,C1279,Ayesha Sheikh,Female,Lahore,Home,Shampoo,Sunsilk,3,620,5,1767,1500,267,Credit Card,Ali,3.7
ORD12780,29/12/2025,Wapda Town,C1026,Ali Iqbal,Male,Lahore,Bakery,Bread,Dawn,4,120,20,384,320,64,Easypaisa,Hamza,4.4
ORD12781,17/04/2025,Johar Town,C1223,Bilal Butt,Male,Lahore,Beverages,Pepsi 1.5L,Pepsi,4,220,15,748,680,68,JazzCash,Zain,4.5
ORD12782,23/03/2025,Johar Town,C1510,Zain Butt,Male,Lahore,Bakery,Bread,Dawn,4,120,5,456,320,136,Credit Card,Hassan,3.7
ORD12783,30/04/2025,Gulberg,C1557,Maryam Raza,Male,Lahore,Beverages,Nestle Water 1.5L,Nestle,4,90,0,360,240,120,Debit Card,Bilal,4.9
ORD12784,18/01/2025,DHA,C1203,Hassan Malik,Male,Lahore,Beverages,Nestle Water 1.5L,Nestle,4,90,0,360,240,120,Cash,Hassan,4.3
ORD12785,07/07/2025,DHA,C1662,Ayesha Khan,Female,Lahore,Home,Shampoo,Sunsilk,1,620,5,589,500,89,Easypaisa,Hassan,4.2
ORD12786,31/10/2025,Model Town,C1432,Sara Sheikh,Male,Lahore,Bakery,Cake,Gourmet,3,900,0,2700,2100,600,Easypaisa,Bilal,4.1
ORD12787,28/12/2025,Gulberg,C1377,Ayesha Malik,Female,Lahore,Electronics,Keyboard,A4Tech,3,2800,5,7980,6600,1380,JazzCash,Usman,4.2
ORD12788,16/01/2025,Johar Town,C1664,Sara Sheikh,Female,Lahore,Electronics,Mouse,Logitech,2,1800,15,3060,2800,260,JazzCash,Hassan,3.9
ORD12789,09/03/2025,Gulberg,C1227,Sara Chaudhry,Female,Lahore,Bakery,Cake,Gourmet,2,900,20,1440,1400,40,JazzCash,Hassan,4.5
ORD12790,11/02/2025,Johar Town,C1097,Sara Iqbal,Female,Lahore,Stationery,Pen,Dollar,1,60,5,57,35,22,Credit Card,Zain,4.7
ORD12791,15/12/2025,DHA,C1012,Umar Sheikh,Female,Lahore,Stationery,Marker,Dollar,1,120,5,114,80,34,JazzCash,Hamza,4.5
ORD12792,19/01/2025,DHA,C1507,Umar Chaudhry,Male,Lahore,Home,Shampoo,Sunsilk,4,620,5,2356,2000,356,Credit Card,Hamza,3.9
ORD12793,14/10/2025,Gulberg,C1237,Fatima Iqbal,Male,Lahore,Bakery,Cookies,LU,5,250,0,1250,900,350,Credit Card,Usman,4.8
ORD12794,15/07/2025,DHA,C1580,Umar Malik,Female,Lahore,Beverages,Pepsi 1.5L,Pepsi,1,220,10,198,170,28,Credit Card,Hassan,4.4
ORD12795,01/08/2025,Wapda Town,C1345,Sara Raza,Male,Lahore,Beverages,Nestle Water 1.5L,Nestle,5,90,10,405,300,105,Debit Card,Zain,4
ORD12796,27/05/2025,Johar Town,C1077,Ayesha Khan,Female,Lahore,Home,Soap,Lux,4,180,10,648,520,128,Debit Card,Ahmed,3.6
ORD12797,16/02/2025,Model Town,C1688,Umar Malik,Male,Lahore,Grocery,Cooking Oil 1L,Dalda,4,650,5,2470,2080,390,Credit Card,Hamza,4.5
ORD12798,25/08/2025,Johar Town,C1292,Fatima Chaudhry,Female,Lahore,Beverages,Nestle Water 1.5L,Nestle,2,90,5,171,120,51,JazzCash,Hassan,4.4
ORD12799,03/02/2025,Gulberg,C1595,Ahmed Khan,Male,Lahore,Home,Shampoo,Sunsilk,4,620,0,2480,2000,480,Credit Card,Hamza,4.1
ORD12800,12/01/2025,Model Town,C1317,Bilal Chaudhry,Male,Lahore,Stationery,Pen,Dollar,2,60,5,114,70,44,Easypaisa,Zain,4.4
ORD12801,19/11/2025,Gulberg,C1632,Zain Khan,Male,Lahore,Electronics,Mouse,Logitech,4,1800,15,6120,5600,520,Easypaisa,Ali,4.9
ORD12802,30/05/2025,Gulberg,C1015,Bilal Iqbal,Female,Lahore,Stationery,Marker,Dollar,3,120,20,288,240,48,Debit Card,Bilal,4.1
ORD12803,22/10/2025,Johar Town,C1553,Ayesha Khan,Female,Lahore,Electronics,Keyboard,A4Tech,4,2800,5,10640,8800,1840,Debit Card,Ahmed,4.5
ORD12804,19/07/2025,Johar Town,C1454,Fatima Raza,Female,Lahore,Home,Soap,Lux,1,180,20,144,130,14,Easypaisa,Ali,4.4
ORD12805,04/10/2025,Johar Town,C1271,Hamza Khan,Female,Lahore,Bakery,Bread,Dawn,4,120,10,432,320,112,JazzCash,Zain,4.4
ORD12806,15/09/2025,Gulberg,C1154,Hassan Khan,Female,Lahore,Grocery,Tea 475g,Tapal,2,980,10,1764,1640,124,Credit Card,Hamza,4.7
ORD12807,24/11/2025,Johar Town,C1367,Bilal Sheikh,Female,Lahore,Beverages,Coca Cola 1.5L,Coca-Cola,2,220,10,396,340,56,Debit Card,Ali,3.8
ORD12808,22/02/2025,Johar Town,C1517,Ayesha Ahmed,Male,Lahore,Stationery,Pen,Dollar,4,60,0,240,140,100,JazzCash,Ahmed,3.8
ORD12809,08/06/2025,Model Town,C1001,Bilal Khan,Male,Lahore,Home,Shampoo,Sunsilk,3,620,15,1581,1500,81,Easypaisa,Hamza,3.9
ORD12810,22/05/2025,Gulberg,C1437,Ahmed Butt,Male,Lahore,Home,Soap,Lux,5,180,0,900,650,250,Cash,Zain,3.6
ORD12811,02/05/2025,DHA,C1565,Umar Ahmed,Male,Lahore,Stationery,Marker,Dollar,4,120,10,432,320,112,Cash,Bilal,3.7
ORD12812,24/09/2025,DHA,C1135,Fatima Sheikh,Female,Lahore,Bakery,Bread,Dawn,2,120,5,228,160,68,Cash,Ali,4.7
ORD12813,21/09/2025,Johar Town,C1601,Hamza Chaudhry,Male,Lahore,Electronics,Keyboard,A4Tech,1,2800,0,2800,2200,600,JazzCash,Ahmed,3.7
ORD12814,16/01/2025,Model Town,C1097,Fatima Ahmed,Female,Lahore,Grocery,Cooking Oil 1L,Dalda,3,650,10,1755,1560,195,JazzCash,Ahmed,4.1
ORD12815,01/12/2025,Wapda Town,C1119,Hassan Sheikh,Female,Lahore,Grocery,Sugar 1kg,Shan,5,180,20,720,750,-30,Cash,Zain,4
ORD12816,22/10/2025,Wapda Town,C1449,Ahmed Sheikh,Female,Lahore,Grocery,Cooking Oil 1L,Dalda,5,650,15,2762.5,2600,162.5,Cash,Umar,3.5
ORD12817,06/01/2025,Wapda Town,C1209,Maryam Butt,Female,Lahore,Stationery,Pen,Dollar,5,60,5,285,175,110,Cash,Umar,4.9
ORD12818,26/12/2025,Wapda Town,C1226,Hassan Butt,Male,Lahore,Grocery,Tea 475g,Tapal,1,980,5,931,820,111,Debit Card,Bilal,4.4
ORD12819,25/03/2025,Gulberg,C1682,Ali Malik,Female,Lahore,Beverages,Pepsi 1.5L,Pepsi,5,220,10,990,850,140,Cash,Umar,4.2
ORD12820,25/09/2025,Model Town,C1262,Fatima Khan,Female,Lahore,Bakery,Cookies,LU,4,250,5,950,720,230,Easypaisa,Ali,3.6
ORD12821,03/04/2025,Johar Town,C1061,Umar Iqbal,Male,Lahore,Home,Shampoo,Sunsilk,2,620,0,1240,1000,240,Easypaisa,Zain,4.2
ORD12822,17/02/2025,Model Town,C1050,Zain Ahmed,Male,Lahore,Beverages,Pepsi 1.5L,Pepsi,1,220,20,176,170,6,Cash,Usman,4.8
ORD12823,30/12/2025,Johar Town,C1201,Ali Butt,Female,Lahore,Stationery,Notebook,Dollar,5,180,20,720,600,120,Credit Card,Umar,4.4
ORD12824,11/03/2025,Gulberg,C1292,Zain Iqbal,Female,Lahore,Grocery,Tea 475g,Tapal,2,980,5,1862,1640,222,JazzCash,Ali,4.8
ORD12825,26/10/2025,Model Town,C1561,Ali Raza,Female,Lahore,Stationery,Pen,Dollar,1,60,20,48,35,13,Cash,Zain,3.7
ORD12826,03/02/2025,Gulberg,C1532,Ahmed Sheikh,Female,Lahore,Beverages,Pepsi 1.5L,Pepsi,2,220,15,374,340,34,Cash,Ahmed,3.9
ORD12827,28/07/2025,Gulberg,C1263,Ali Malik,Female,Lahore,Grocery,Basmati Rice 5kg,Guard,5,3200,15,13600,13000,600,Easypaisa,Zain,3.9
ORD12828,17/10/2025,Wapda Town,C1697,Maryam Iqbal,Male,Lahore,Electronics,Mouse,Logitech,4,1800,0,7200,5600,1600,Easypaisa,Usman,4.5
ORD12829,22/08/2025,Wapda Town,C1571,Hassan Iqbal,Male,Lahore,Electronics,Keyboard,A4Tech,4,2800,15,9520,8800,720,Easypaisa,Bilal,3.7
ORD12830,21/05/2025,Gulberg,C1298,Sara Iqbal,Female,Lahore,Grocery,Sugar 1kg,Shan,2,180,20,288,300,-12,Easypaisa,Hamza,3.8
ORD12831,08/04/2025,Model Town,C1416,Umar Ahmed,Female,Lahore,Stationery,Marker,Dollar,5,120,10,540,400,140,Debit Card,Ahmed,3.6
ORD12832,27/05/2025,Gulberg,C1481,Bilal Sheikh,Female,Lahore,Home,Detergent 1kg,Surf Excel,5,850,15,3612.5,3400,212.5,JazzCash,Ahmed,3.7
ORD12833,18/12/2025,Model Town,C1087,Ahmed Sheikh,Female,Lahore,Home,Detergent 1kg,Surf Excel,5,850,15,3612.5,3400,212.5,Debit Card,Hamza,4.2
ORD12834,08/04/2025,DHA,C1410,Fatima Sheikh,Female,Lahore,Electronics,Power Bank,Xiaomi,5,4500,5,21375,18000,3375,Cash,Ali,4.1
ORD12835,13/07/2025,Gulberg,C1162,Ahmed Iqbal,Female,Lahore,Beverages,Coca Cola 1.5L,Coca-Cola,4,220,10,792,680,112,Debit Card,Hassan,3.6
ORD12836,17/03/2025,Johar Town,C1349,Usman Iqbal,Female,Lahore,Electronics,Mouse,Logitech,3,1800,5,5130,4200,930,Cash,Ahmed,4.3
ORD12837,25/09/2025,Gulberg,C1464,Usman Ahmed,Female,Lahore,Bakery,Cookies,LU,5,250,15,1062.5,900,162.5,Cash,Zain,4.7
ORD12838,05/01/2025,Johar Town,C1786,Ahmed Malik,Male,Lahore,Stationery,Pen,Dollar,2,60,10,108,70,38,JazzCash,Bilal,4.1
ORD12839,31/07/2025,Johar Town,C1296,Zain Butt,Male,Lahore,Grocery,Sugar 1kg,Shan,5,180,20,720,750,-30,Debit Card,Usman,4.6
ORD12840,31/12/2025,Johar Town,C1593,Bilal Raza,Male,Lahore,Grocery,Basmati Rice 5kg,Guard,5,3200,0,16000,13000,3000,Cash,Bilal,4.9
ORD12841,25/11/2025,Model Town,C1525,Hassan Raza,Male,Lahore,Grocery,Sugar 1kg,Shan,1,180,20,144,150,-6,Easypaisa,Umar,4.4
ORD12842,06/10/2025,Johar Town,C1099,Ahmed Sheikh,Male,Lahore,Beverages,Nestle Water 1.5L,Nestle,3,90,0,270,180,90,Debit Card,Ali,3.8
ORD12843,15/11/2025,Wapda Town,C1112,Zain Khan,Male,Lahore,Bakery,Cake,Gourmet,5,900,0,4500,3500,1000,JazzCash,Hamza,3.7
ORD12844,09/06/2025,Wapda Town,C1791,Sara Sheikh,Male,Lahore,Beverages,Coca Cola 1.5L,Coca-Cola,3,220,15,561,510,51,Credit Card,Zain,4.3
ORD12845,20/08/2025,Johar Town,C1786,Maryam Raza,Male,Lahore,Electronics,Keyboard,A4Tech,2,2800,15,4760,4400,360,Debit Card,Umar,4.7
ORD12846,18/03/2025,Johar Town,C1655,Hamza Malik,Female,Lahore,Electronics,Keyboard,A4Tech,3,2800,5,7980,6600,1380,Cash,Ali,4.8
ORD12847,27/09/2025,Gulberg,C1340,Ali Malik,Female,Lahore,Stationery,Marker,Dollar,2,120,20,192,160,32,Credit Card,Zain,3.8
ORD12848,27/09/2025,Gulberg,C1269,Ayesha Sheikh,Female,Lahore,Beverages,Nestle Water 1.5L,Nestle,4,90,5,342,240,102,Easypaisa,Hamza,4.9
ORD12849,29/12/2025,Model Town,C1307,Hamza Chaudhry,Male,Lahore,Grocery,Cooking Oil 1L,Dalda,5,650,20,2600,2600,0,Debit Card,Ahmed,4.4
ORD12850,10/06/2025,Wapda Town,C1369,Sara Malik,Male,Lahore,Beverages,Pepsi 1.5L,Pepsi,2,220,15,374,340,34,Credit Card,Usman,4.1
ORD12851,18/02/2025,DHA,C1729,Ahmed Raza,Female,Lahore,Stationery,Marker,Dollar,1,120,15,102,80,22,Debit Card,Ahmed,4.5
ORD12852,04/03/2025,DHA,C1365,Usman Sheikh,Female,Lahore,Grocery,Tea 475g,Tapal,1,980,10,882,820,62,Credit Card,Umar,4
ORD12853,15/04/2025,Model Town,C1100,Ahmed Iqbal,Male,Lahore,Beverages,Pepsi 1.5L,Pepsi,5,220,20,880,850,30,Debit Card,Hassan,4.8
ORD12854,25/10/2025,Wapda Town,C1479,Ali Ahmed,Male,Lahore,Home,Detergent 1kg,Surf Excel,5,850,15,3612.5,3400,212.5,Cash,Hassan,4.7
ORD12855,04/06/2025,Wapda Town,C1509,Hamza Iqbal,Female,Lahore,Beverages,Coca Cola 1.5L,Coca-Cola,3,220,20,528,510,18,Cash,Ali,4.8
ORD12856,01/09/2025,Gulberg,C1376,Sara Butt,Female,Lahore,Bakery,Cookies,LU,1,250,5,237.5,180,57.5,JazzCash,Bilal,3.8
ORD12857,12/08/2025,DHA,C1598,Ali Malik,Male,Lahore,Beverages,Nestle Water 1.5L,Nestle,2,90,15,153,120,33,Cash,Usman,3.8
ORD12858,28/04/2025,Gulberg,C1450,Ali Raza,Female,Lahore,Bakery,Cookies,LU,3,250,20,600,540,60,Debit Card,Ali,5
ORD12859,26/09/2025,DHA,C1471,Ayesha Chaudhry,Female,Lahore,Beverages,Coca Cola 1.5L,Coca-Cola,5,220,15,935,850,85,Cash,Umar,3.5
ORD12860,26/07/2025,Gulberg,C1004,Zain Chaudhry,Female,Lahore,Home,Soap,Lux,3,180,15,459,390,69,Debit Card,Usman,4.8
ORD12861,09/10/2025,Johar Town,C1124,Sara Malik,Female,Lahore,Beverages,Pepsi 1.5L,Pepsi,2,220,20,352,340,12,JazzCash,Usman,4.2
ORD12862,14/05/2025,Johar Town,C1614,Hassan Malik,Male,Lahore,Home,Detergent 1kg,Surf Excel,4,850,10,3060,2720,340,Credit Card,Zain,4.5
ORD12863,09/08/2025,Model Town,C1676,Umar Khan,Female,Lahore,Bakery,Bread,Dawn,1,120,15,102,80,22,JazzCash,Zain,5
ORD12864,18/02/2025,Johar Town,C1349,Fatima Raza,Male,Lahore,Beverages,Pepsi 1.5L,Pepsi,3,220,10,594,510,84,Cash,Bilal,5
ORD12865,10/08/2025,Johar Town,C1122,Ali Sheikh,Male,Lahore,Electronics,Mouse,Logitech,2,1800,10,3240,2800,440,Easypaisa,Ali,4.2
ORD12866,29/12/2025,Model Town,C1259,Zain Ahmed,Male,Lahore,Grocery,Sugar 1kg,Shan,5,180,5,855,750,105,Easypaisa,Zain,4.4
ORD12867,05/07/2025,DHA,C1171,Ahmed Malik,Female,Lahore,Stationery,Marker,Dollar,3,120,20,288,240,48,JazzCash,Hassan,4.9
ORD12868,17/04/2025,Wapda Town,C1509,Usman Chaudhry,Female,Lahore,Home,Detergent 1kg,Surf Excel,4,850,10,3060,2720,340,Easypaisa,Hamza,4.3
ORD12869,01/09/2025,DHA,C1573,Umar Ahmed,Male,Lahore,Home,Soap,Lux,5,180,5,855,650,205,Credit Card,Ali,4.2
ORD12870,01/11/2025,Gulberg,C1561,Zain Raza,Male,Lahore,Grocery,Sugar 1kg,Shan,2,180,20,288,300,-12,Easypaisa,Umar,4.8
ORD12871,09/04/2025,Model Town,C1416,Ahmed Iqbal,Male,Lahore,Beverages,Nestle Water 1.5L,Nestle,5,90,0,450,300,150,Cash,Ali,3.6
ORD12872,25/04/2025,Wapda Town,C1001,Bilal Raza,Male,Lahore,Bakery,Bread,Dawn,3,120,10,324,240,84,Debit Card,Hamza,5
ORD12873,13/09/2025,Wapda Town,C1619,Ali Ahmed,Male,Lahore,Bakery,Bread,Dawn,1,120,10,108,80,28,JazzCash,Hamza,3.6
ORD12874,16/07/2025,DHA,C1644,Zain Ahmed,Female,Lahore,Electronics,Keyboard,A4Tech,5,2800,0,14000,11000,3000,Easypaisa,Hassan,4.3
ORD12875,14/01/2025,Model Town,C1473,Zain Malik,Female,Lahore,Home,Soap,Lux,5,180,20,720,650,70,Easypaisa,Usman,5
ORD12876,27/10/2025,Johar Town,C1780,Hassan Chaudhry,Male,Lahore,Stationery,Pen,Dollar,1,60,0,60,35,25,Easypaisa,Bilal,3.8
ORD12877,30/03/2025,Wapda Town,C1580,Ayesha Butt,Female,Lahore,Grocery,Sugar 1kg,Shan,5,180,15,765,750,15,Credit Card,Umar,3.7
ORD12878,27/11/2025,Johar Town,C1161,Ayesha Chaudhry,Male,Lahore,Electronics,Keyboard,A4Tech,4,2800,20,8960,8800,160,Cash,Ali,4.5
ORD12879,07/06/2025,Model Town,C1211,Zain Butt,Female,Lahore,Stationery,Marker,Dollar,1,120,15,102,80,22,Cash,Hamza,4.3
ORD12880,28/07/2025,Model Town,C1773,Ahmed Khan,Female,Lahore,Bakery,Cake,Gourmet,5,900,20,3600,3500,100,JazzCash,Umar,3.8
ORD12881,27/06/2025,DHA,C1218,Maryam Malik,Female,Lahore,Bakery,Cookies,LU,4,250,20,800,720,80,Credit Card,Bilal,4.8
ORD12882,27/01/2025,Model Town,C1406,Ayesha Sheikh,Female,Lahore,Beverages,Coca Cola 1.5L,Coca-Cola,2,220,5,418,340,78,JazzCash,Hamza,4.7
ORD12883,16/05/2025,Model Town,C1395,Sara Raza,Female,Lahore,Stationery,Pen,Dollar,5,60,15,255,175,80,Easypaisa,Ali,4
ORD12884,18/11/2025,DHA,C1328,Zain Khan,Male,Lahore,Stationery,Notebook,Dollar,3,180,15,459,360,99,Credit Card,Ahmed,4.7
ORD12885,04/05/2025,Gulberg,C1573,Maryam Raza,Female,Lahore,Home,Soap,Lux,2,180,20,288,260,28,Credit Card,Hassan,4.5
ORD12886,13/05/2025,DHA,C1287,Fatima Khan,Female,Lahore,Electronics,Mouse,Logitech,2,1800,15,3060,2800,260,JazzCash,Ahmed,4.1
ORD12887,30/09/2025,Model Town,C1595,Hassan Butt,Male,Lahore,Beverages,Pepsi 1.5L,Pepsi,5,220,10,990,850,140,Debit Card,Hamza,4.4
ORD12888,05/06/2025,Gulberg,C1487,Hassan Chaudhry,Male,Lahore,Stationery,Marker,Dollar,1,120,10,108,80,28,Cash,Bilal,3.6
ORD12889,01/01/2025,DHA,C1031,Hamza Ahmed,Male,Lahore,Stationery,Pen,Dollar,2,60,5,114,70,44,Debit Card,Hamza,4
ORD12890,28/04/2025,Johar Town,C1207,Bilal Sheikh,Female,Lahore,Bakery,Cookies,LU,5,250,15,1062.5,900,162.5,Credit Card,Hamza,3.9
ORD12891,21/07/2025,Johar Town,C1140,Ayesha Malik,Female,Lahore,Home,Shampoo,Sunsilk,1,620,5,589,500,89,Credit Card,Ali,4
ORD12892,17/03/2025,Gulberg,C1022,Usman Chaudhry,Female,Lahore,Grocery,Sugar 1kg,Shan,1,180,0,180,150,30,Cash,Umar,4.7
ORD12893,26/02/2025,Model Town,C1307,Fatima Raza,Female,Lahore,Stationery,Marker,Dollar,3,120,0,360,240,120,Easypaisa,Umar,3.8
ORD12894,11/04/2025,DHA,C1258,Hassan Iqbal,Female,Lahore,Beverages,Pepsi 1.5L,Pepsi,4,220,0,880,680,200,Credit Card,Bilal,4.6
ORD12895,31/08/2025,Gulberg,C1353,Zain Butt,Female,Lahore,Bakery,Cake,Gourmet,2,900,10,1620,1400,220,Cash,Usman,4.6
ORD12896,15/01/2025,DHA,C1444,Ayesha Khan,Female,Lahore,Stationery,Pen,Dollar,5,60,15,255,175,80,Cash,Ali,4.9
ORD12897,04/11/2025,Johar Town,C1584,Ahmed Butt,Male,Lahore,Beverages,Pepsi 1.5L,Pepsi,4,220,0,880,680,200,Easypaisa,Umar,3.9
ORD12898,03/11/2025,Gulberg,C1717,Maryam Malik,Male,Lahore,Stationery,Marker,Dollar,5,120,10,540,400,140,Easypaisa,Hamza,4.9
ORD12899,17/08/2025,Model Town,C1593,Ahmed Khan,Female,Lahore,Grocery,Sugar 1kg,Shan,5,180,0,900,750,150,Credit Card,Ali,4.8
ORD12900,07/08/2025,Model Town,C1541,Hassan Raza,Female,Lahore,Electronics,Mouse,Logitech,4,1800,0,7200,5600,1600,JazzCash,Bilal,4.3
ORD12901,11/04/2025,DHA,C1474,Hassan Sheikh,Female,Lahore,Grocery,Cooking Oil 1L,Dalda,3,650,20,1560,1560,0,Credit Card,Ahmed,4.8
ORD12902,15/05/2025,Wapda Town,C1060,Sara Khan,Male,Lahore,Bakery,Bread,Dawn,4,120,5,456,320,136,Cash,Umar,4.3
ORD12903,17/09/2025,Johar Town,C1758,Ahmed Sheikh,Female,Lahore,Beverages,Nestle Water 1.5L,Nestle,4,90,10,324,240,84,JazzCash,Zain,4.6
ORD12904,15/09/2025,Wapda Town,C1576,Zain Iqbal,Male,Lahore,Electronics,Keyboard,A4Tech,3,2800,0,8400,6600,1800,Cash,Hassan,5
ORD12905,17/11/2025,Gulberg,C1731,Hamza Butt,Female,Lahore,Grocery,Tea 475g,Tapal,3,980,15,2499,2460,39,JazzCash,Ahmed,3.7
ORD12906,05/07/2025,Wapda Town,C1613,Zain Sheikh,Female,Lahore,Beverages,Pepsi 1.5L,Pepsi,1,220,5,209,170,39,Debit Card,Hassan,3.5
ORD12907,04/11/2025,DHA,C1272,Ali Malik,Male,Lahore,Beverages,Pepsi 1.5L,Pepsi,3,220,15,561,510,51,Easypaisa,Ali,4.7
ORD12908,21/05/2025,Johar Town,C1027,Ahmed Butt,Female,Lahore,Grocery,Cooking Oil 1L,Dalda,4,650,5,2470,2080,390,Debit Card,Ali,4.3
ORD12909,17/06/2025,Johar Town,C1081,Zain Butt,Male,Lahore,Grocery,Basmati Rice 5kg,Guard,3,3200,5,9120,7800,1320,Easypaisa,Usman,4.7
ORD12910,29/01/2025,Wapda Town,C1244,Ali Iqbal,Female,Lahore,Electronics,Power Bank,Xiaomi,1,4500,0,4500,3600,900,JazzCash,Bilal,4.6
ORD12911,22/04/2025,Wapda Town,C1458,Hassan Butt,Female,Lahore,Bakery,Cookies,LU,4,250,15,850,720,130,Credit Card,Zain,3.9
ORD12912,23/02/2025,Model Town,C1149,Zain Malik,Male,Lahore,Electronics,Mouse,Logitech,5,1800,5,8550,7000,1550,Easypaisa,Bilal,4.8
ORD12913,28/10/2025,Johar Town,C1372,Hamza Chaudhry,Female,Lahore,Electronics,Mouse,Logitech,5,1800,10,8100,7000,1100,JazzCash,Ali,4
ORD12914,23/06/2025,Wapda Town,C1127,Sara Sheikh,Female,Lahore,Bakery,Bread,Dawn,2,120,0,240,160,80,Credit Card,Bilal,4.6
ORD12915,21/08/2025,DHA,C1525,Fatima Raza,Male,Lahore,Home,Detergent 1kg,Surf Excel,3,850,0,2550,2040,510,Credit Card,Ahmed,4.3
ORD12916,11/03/2025,DHA,C1043,Hassan Iqbal,Male,Lahore,Stationery,Pen,Dollar,3,60,15,153,105,48,Easypaisa,Hamza,4.4
ORD12917,04/07/2025,DHA,C1341,Fatima Ahmed,Male,Lahore,Electronics,Keyboard,A4Tech,5,2800,5,13300,11000,2300,JazzCash,Usman,4.5
ORD12918,17/08/2025,Model Town,C1643,Ayesha Chaudhry,Female,Lahore,Home,Soap,Lux,3,180,15,459,390,69,Credit Card,Usman,4.1
ORD12919,29/12/2025,Model Town,C1152,Bilal Malik,Female,Lahore,Grocery,Cooking Oil 1L,Dalda,2,650,20,1040,1040,0,JazzCash,Umar,4.4
ORD12920,09/01/2025,DHA,C1615,Bilal Raza,Female,Lahore,Home,Detergent 1kg,Surf Excel,3,850,10,2295,2040,255,Easypaisa,Bilal,4.9
ORD12921,24/02/2025,Wapda Town,C1350,Umar Chaudhry,Male,Lahore,Home,Soap,Lux,2,180,5,342,260,82,Debit Card,Zain,4
ORD12922,24/04/2025,Model Town,C1458,Bilal Khan,Female,Lahore,Electronics,Mouse,Logitech,2,1800,15,3060,2800,260,Credit Card,Ali,4.7
ORD12923,20/03/2025,DHA,C1203,Ahmed Raza,Female,Lahore,Home,Detergent 1kg,Surf Excel,4,850,15,2890,2720,170,Cash,Hassan,3.9
ORD12924,12/09/2025,DHA,C1374,Hamza Malik,Female,Lahore,Stationery,Notebook,Dollar,1,180,10,162,120,42,Credit Card,Zain,4.4
ORD12925,22/06/2025,Model Town,C1572,Zain Malik,Male,Lahore,Electronics,Keyboard,A4Tech,2,2800,0,5600,4400,1200,Credit Card,Umar,4.5
ORD12926,01/08/2025,Wapda Town,C1365,Ali Raza,Male,Lahore,Home,Shampoo,Sunsilk,1,620,20,496,500,-4,Cash,Hamza,4.6
ORD12927,27/01/2025,Gulberg,C1380,Hamza Chaudhry,Female,Lahore,Electronics,Mouse,Logitech,1,1800,15,1530,1400,130,Debit Card,Ali,4.4
ORD12928,24/10/2025,Model Town,C1570,Umar Khan,Male,Lahore,Home,Shampoo,Sunsilk,2,620,5,1178,1000,178,Cash,Hamza,3.6
ORD12929,22/10/2025,Gulberg,C1091,Ali Iqbal,Female,Lahore,Bakery,Cake,Gourmet,5,900,10,4050,3500,550,JazzCash,Hassan,4.4
ORD12930,17/02/2025,Gulberg,C1166,Umar Raza,Male,Lahore,Grocery,Sugar 1kg,Shan,2,180,5,342,300,42,Cash,Hassan,4.5
ORD12931,02/05/2025,Johar Town,C1512,Sara Khan,Male,Lahore,Stationery,Notebook,Dollar,5,180,15,765,600,165,Cash,Hassan,4.3
ORD12932,22/11/2025,Wapda Town,C1546,Sara Malik,Female,Lahore,Home,Shampoo,Sunsilk,2,620,0,1240,1000,240,Credit Card,Umar,4.3
ORD12933,31/07/2025,DHA,C1139,Maryam Khan,Male,Lahore,Home,Soap,Lux,4,180,5,684,520,164,Credit Card,Ali,3.8
ORD12934,06/04/2025,Model Town,C1285,Usman Sheikh,Female,Lahore,Stationery,Pen,Dollar,4,60,10,216,140,76,Credit Card,Ahmed,3.9
ORD12935,28/11/2025,Wapda Town,C1445,Umar Malik,Female,Lahore,Bakery,Bread,Dawn,2,120,15,204,160,44,JazzCash,Zain,4.3
ORD12936,16/12/2025,DHA,C1280,Sara Butt,Female,Lahore,Stationery,Marker,Dollar,4,120,15,408,320,88,Easypaisa,Umar,4.5
ORD12937,06/06/2025,Wapda Town,C1632,Maryam Iqbal,Male,Lahore,Electronics,Keyboard,A4Tech,5,2800,5,13300,11000,2300,Cash,Zain,4
ORD12938,12/08/2025,Wapda Town,C1286,Ali Butt,Female,Lahore,Home,Soap,Lux,2,180,5,342,260,82,JazzCash,Ahmed,4.8
ORD12939,17/10/2025,Model Town,C1429,Zain Ahmed,Male,Lahore,Home,Soap,Lux,5,180,15,765,650,115,JazzCash,Usman,4.8
ORD12940,23/10/2025,Model Town,C1574,Ayesha Butt,Male,Lahore,Beverages,Pepsi 1.5L,Pepsi,2,220,10,396,340,56,Cash,Hassan,4.2
ORD12941,28/04/2025,Gulberg,C1397,Zain Ahmed,Male,Lahore,Home,Shampoo,Sunsilk,5,620,10,2790,2500,290,JazzCash,Hamza,4.2
ORD12942,04/06/2025,Wapda Town,C1251,Ali Raza,Female,Lahore,Stationery,Marker,Dollar,3,120,15,306,240,66,Credit Card,Hamza,4.5
ORD12943,16/06/2025,Model Town,C1515,Umar Khan,Male,Lahore,Stationery,Pen,Dollar,4,60,10,216,140,76,Credit Card,Zain,3.6
ORD12944,09/03/2025,DHA,C1655,Bilal Raza,Male,Lahore,Home,Shampoo,Sunsilk,4,620,15,2108,2000,108,Easypaisa,Hassan,3.7
ORD12945,19/01/2025,Model Town,C1364,Hassan Raza,Female,Lahore,Electronics,Keyboard,A4Tech,1,2800,10,2520,2200,320,Debit Card,Ahmed,3.6
ORD12946,19/03/2025,Model Town,C1733,Ahmed Iqbal,Male,Lahore,Grocery,Tea 475g,Tapal,4,980,10,3528,3280,248,Cash,Hassan,4
ORD12947,20/11/2025,DHA,C1687,Zain Khan,Female,Lahore,Bakery,Bread,Dawn,5,120,20,480,400,80,Easypaisa,Zain,4.4
ORD12948,01/05/2025,Gulberg,C1557,Ahmed Raza,Male,Lahore,Beverages,Coca Cola 1.5L,Coca-Cola,5,220,10,990,850,140,Debit Card,Usman,4.6
ORD12949,14/09/2025,Johar Town,C1502,Zain Khan,Female,Lahore,Home,Soap,Lux,4,180,5,684,520,164,Debit Card,Hassan,3.8
ORD12950,19/02/2025,Wapda Town,C1080,Maryam Chaudhry,Male,Lahore,Grocery,Tea 475g,Tapal,1,980,20,784,820,-36,Cash,Zain,3.7
ORD12951,05/11/2025,DHA,C1595,Umar Iqbal,Male,Lahore,Grocery,Sugar 1kg,Shan,3,180,15,459,450,9,Credit Card,Usman,4.2
ORD12952,27/12/2025,Model Town,C1098,Ahmed Raza,Male,Lahore,Beverages,Coca Cola 1.5L,Coca-Cola,5,220,20,880,850,30,Credit Card,Hassan,3.6
ORD12953,04/01/2025,Gulberg,C1227,Ali Sheikh,Male,Lahore,Stationery,Pen,Dollar,4,60,10,216,140,76,Cash,Usman,4.8
ORD12954,13/03/2025,Model Town,C1295,Hamza Malik,Female,Lahore,Grocery,Tea 475g,Tapal,5,980,20,3920,4100,-180,Cash,Bilal,5
ORD12955,03/05/2025,Gulberg,C1625,Usman Chaudhry,Female,Lahore,Beverages,Pepsi 1.5L,Pepsi,3,220,5,627,510,117,Debit Card,Ali,3.8
ORD12956,06/08/2025,Johar Town,C1227,Hassan Sheikh,Male,Lahore,Home,Soap,Lux,4,180,0,720,520,200,Easypaisa,Zain,4
ORD12957,12/01/2025,DHA,C1340,Hamza Butt,Female,Lahore,Home,Detergent 1kg,Surf Excel,3,850,15,2167.5,2040,127.5,Easypaisa,Usman,4.8
ORD12958,12/12/2025,Johar Town,C1466,Maryam Iqbal,Male,Lahore,Beverages,Coca Cola 1.5L,Coca-Cola,4,220,0,880,680,200,Cash,Ahmed,4.8
ORD12959,02/07/2025,Model Town,C1043,Umar Khan,Female,Lahore,Stationery,Marker,Dollar,4,120,20,384,320,64,Easypaisa,Ali,4.7
ORD12960,02/04/2025,Wapda Town,C1208,Usman Malik,Female,Lahore,Grocery,Basmati Rice 5kg,Guard,4,3200,15,10880,10400,480,Debit Card,Hassan,4.6
ORD12961,29/04/2025,DHA,C1752,Sara Iqbal,Male,Lahore,Grocery,Sugar 1kg,Shan,3,180,20,432,450,-18,Easypaisa,Zain,4.2
ORD12962,29/01/2025,Johar Town,C1111,Maryam Malik,Male,Lahore,Home,Shampoo,Sunsilk,3,620,5,1767,1500,267,Debit Card,Bilal,3.8
ORD12963,16/12/2025,DHA,C1757,Ahmed Khan,Male,Lahore,Electronics,Keyboard,A4Tech,5,2800,10,12600,11000,1600,Cash,Bilal,3.6
ORD12964,01/12/2025,Wapda Town,C1034,Hamza Ahmed,Male,Lahore,Grocery,Sugar 1kg,Shan,3,180,20,432,450,-18,JazzCash,Hassan,3.8
ORD12965,20/07/2025,Model Town,C1208,Hassan Khan,Female,Lahore,Electronics,Power Bank,Xiaomi,2,4500,5,8550,7200,1350,Easypaisa,Zain,4.5
ORD12966,10/04/2025,Wapda Town,C1554,Bilal Ahmed,Female,Lahore,Home,Shampoo,Sunsilk,1,620,0,620,500,120,Credit Card,Hassan,4.2
ORD12967,18/08/2025,Gulberg,C1765,Bilal Chaudhry,Male,Lahore,Grocery,Cooking Oil 1L,Dalda,1,650,15,552.5,520,32.5,Cash,Usman,4
ORD12968,25/12/2025,Johar Town,C1643,Sara Chaudhry,Male,Lahore,Bakery,Bread,Dawn,5,120,5,570,400,170,Easypaisa,Zain,4.1
ORD12969,25/02/2025,DHA,C1038,Hamza Ahmed,Female,Lahore,Home,Soap,Lux,5,180,15,765,650,115,Debit Card,Hassan,3.5
ORD12970,26/12/2025,Wapda Town,C1086,Umar Malik,Male,Lahore,Grocery,Basmati Rice 5kg,Guard,3,3200,10,8640,7800,840,Cash,Umar,4.4
ORD12971,12/07/2025,Wapda Town,C1617,Maryam Raza,Female,Lahore,Electronics,Power Bank,Xiaomi,4,4500,0,18000,14400,3600,Cash,Hamza,4
ORD12972,19/11/2025,Wapda Town,C1208,Hamza Chaudhry,Male,Lahore,Electronics,Keyboard,A4Tech,2,2800,10,5040,4400,640,Easypaisa,Hamza,4.8
ORD12973,04/01/2025,Gulberg,C1481,Fatima Iqbal,Female,Lahore,Bakery,Cookies,LU,4,250,5,950,720,230,Debit Card,Usman,4.2
ORD12974,25/10/2025,Johar Town,C1647,Zain Sheikh,Male,Lahore,Stationery,Notebook,Dollar,4,180,0,720,480,240,Cash,Hamza,4.3
ORD12975,11/01/2025,Johar Town,C1447,Ali Ahmed,Female,Lahore,Stationery,Notebook,Dollar,1,180,20,144,120,24,JazzCash,Ahmed,4.7
ORD12976,04/02/2025,Johar Town,C1140,Ayesha Sheikh,Male,Lahore,Stationery,Pen,Dollar,1,60,0,60,35,25,JazzCash,Ahmed,4
ORD12977,09/12/2025,Model Town,C1503,Ayesha Khan,Male,Lahore,Stationery,Marker,Dollar,5,120,15,510,400,110,Credit Card,Umar,3.7
ORD12978,17/07/2025,Wapda Town,C1344,Umar Sheikh,Female,Lahore,Bakery,Bread,Dawn,1,120,0,120,80,40,Easypaisa,Ahmed,4.9
ORD12979,19/08/2025,DHA,C1400,Maryam Ahmed,Male,Lahore,Beverages,Nestle Water 1.5L,Nestle,3,90,20,216,180,36,Debit Card,Ahmed,4
ORD12980,03/03/2025,Wapda Town,C1757,Zain Chaudhry,Female,Lahore,Beverages,Coca Cola 1.5L,Coca-Cola,4,220,5,836,680,156,JazzCash,Usman,4
ORD12981,25/01/2025,Model Town,C1765,Bilal Sheikh,Female,Lahore,Home,Soap,Lux,1,180,15,153,130,23,Debit Card,Zain,4.3
ORD12982,10/10/2025,Model Town,C1269,Fatima Chaudhry,Female,Lahore,Beverages,Nestle Water 1.5L,Nestle,1,90,15,76.5,60,16.5,Easypaisa,Umar,4.4
ORD12983,11/07/2025,DHA,C1222,Fatima Malik,Female,Lahore,Bakery,Cake,Gourmet,3,900,20,2160,2100,60,Easypaisa,Umar,4.6
ORD12984,01/04/2025,Wapda Town,C1205,Ali Sheikh,Female,Lahore,Electronics,Mouse,Logitech,1,1800,0,1800,1400,400,Easypaisa,Ali,3.7
ORD12985,09/09/2025,Wapda Town,C1590,Hassan Malik,Female,Lahore,Grocery,Basmati Rice 5kg,Guard,5,3200,15,13600,13000,600,Debit Card,Ahmed,3.8
ORD12986,09/02/2025,Johar Town,C1041,Hamza Sheikh,Male,Lahore,Beverages,Nestle Water 1.5L,Nestle,4,90,20,288,240,48,JazzCash,Umar,4.1
ORD12987,01/05/2025,Johar Town,C1055,Usman Raza,Female,Lahore,Electronics,Keyboard,A4Tech,2,2800,15,4760,4400,360,Credit Card,Umar,4.3
ORD12988,28/02/2025,Wapda Town,C1681,Sara Malik,Female,Lahore,Beverages,Nestle Water 1.5L,Nestle,2,90,15,153,120,33,Credit Card,Ali,4.2
ORD12989,20/10/2025,Johar Town,C1085,Ayesha Chaudhry,Female,Lahore,Beverages,Pepsi 1.5L,Pepsi,2,220,20,352,340,12,Credit Card,Ahmed,4.7
ORD12990,18/10/2025,Gulberg,C1324,Hamza Chaudhry,Female,Lahore,Stationery,Pen,Dollar,4,60,10,216,140,76,Easypaisa,Ali,4.2
ORD12991,15/04/2025,DHA,C1657,Hamza Malik,Female,Lahore,Grocery,Cooking Oil 1L,Dalda,3,650,5,1852.5,1560,292.5,Debit Card,Ali,3.6
ORD12992,19/06/2025,Johar Town,C1471,Usman Khan,Female,Lahore,Home,Soap,Lux,1,180,20,144,130,14,JazzCash,Ahmed,4.6
ORD12993,07/04/2025,DHA,C1428,Usman Raza,Male,Lahore,Home,Shampoo,Sunsilk,3,620,15,1581,1500,81,Debit Card,Ali,4.1
ORD12994,13/07/2025,DHA,C1333,Ali Sheikh,Female,Lahore,Home,Detergent 1kg,Surf Excel,5,850,20,3400,3400,0,Debit Card,Bilal,3.9
ORD12995,24/02/2025,Johar Town,C1499,Maryam Chaudhry,Female,Lahore,Grocery,Basmati Rice 5kg,Guard,1,3200,10,2880,2600,280,JazzCash,Hassan,4
ORD12996,27/10/2025,Wapda Town,C1073,Fatima Sheikh,Male,Lahore,Beverages,Pepsi 1.5L,Pepsi,1,220,0,220,170,50,Debit Card,Usman,4.6
ORD12997,18/11/2025,DHA,C1216,Fatima Raza,Male,Lahore,Bakery,Bread,Dawn,3,120,15,306,240,66,Cash,Ali,4
ORD12998,13/09/2025,DHA,C1406,Ali Ahmed,Female,Lahore,Grocery,Cooking Oil 1L,Dalda,3,650,15,1657.5,1560,97.5,Credit Card,Usman,4.1
ORD12999,04/06/2025,Johar Town,C1004,Usman Ahmed,Male,Lahore,Electronics,Keyboard,A4Tech,3,2800,15,7140,6600,540,Credit Card,Bilal,4.7
ORD13000,15/11/2025,Johar Town,C1584,Bilal Khan,Female,Lahore,Stationery,Marker,Dollar,2,120,5,228,160,68,Cash,Umar,3.9
ORD13001,01/06/2025,Gulberg,C1640,Hamza Raza,Female,Lahore,Beverages,Coca Cola 1.5L,Coca-Cola,4,220,15,748,680,68,Cash,Ahmed,4.1
ORD13002,08/05/2025,Model Town,C1592,Hamza Ahmed,Female,Lahore,Bakery,Cake,Gourmet,1,900,0,900,700,200,Debit Card,Zain,3.7
ORD13003,13/05/2025,Gulberg,C1175,Usman Raza,Male,Lahore,Stationery,Marker,Dollar,1,120,5,114,80,34,Easypaisa,Zain,4.1
ORD13004,16/07/2025,Model Town,C1260,Zain Ahmed,Female,Lahore,Bakery,Bread,Dawn,5,120,10,540,400,140,Credit Card,Ali,3.8
ORD13005,12/12/2025,Gulberg,C1144,Fatima Iqbal,Male,Lahore,Beverages,Coca Cola 1.5L,Coca-Cola,4,220,10,792,680,112,Credit Card,Hamza,4.5
ORD13006,13/06/2025,Gulberg,C1683,Hamza Chaudhry,Male,Lahore,Bakery,Bread,Dawn,4,120,20,384,320,64,JazzCash,Ahmed,4.6
ORD13007,01/04/2025,Johar Town,C1088,Sara Ahmed,Male,Lahore,Stationery,Pen,Dollar,5,60,5,285,175,110,Credit Card,Usman,4.4
ORD13008,08/11/2025,Gulberg,C1292,Ali Ahmed,Male,Lahore,Electronics,Power Bank,Xiaomi,1,4500,10,4050,3600,450,JazzCash,Zain,4.5
ORD13009,23/07/2025,Gulberg,C1292,Usman Sheikh,Female,Lahore,Bakery,Cake,Gourmet,2,900,20,1440,1400,40,Debit Card,Ahmed,4.9
ORD13010,25/03/2025,DHA,C1044,Usman Khan,Female,Lahore,Stationery,Notebook,Dollar,1,180,15,153,120,33,Credit Card,Hamza,4.4
ORD13011,15/09/2025,DHA,C1640,Bilal Ahmed,Male,Lahore,Bakery,Cake,Gourmet,4,900,15,3060,2800,260,Easypaisa,Usman,4.9
ORD13012,04/11/2025,DHA,C1622,Ahmed Sheikh,Female,Lahore,Grocery,Cooking Oil 1L,Dalda,4,650,15,2210,2080,130,Credit Card,Ali,5
ORD13013,10/06/2025,Gulberg,C1098,Ahmed Malik,Male,Lahore,Beverages,Pepsi 1.5L,Pepsi,1,220,20,176,170,6,JazzCash,Zain,4.8
ORD13014,22/04/2025,Johar Town,C1242,Bilal Butt,Female,Lahore,Grocery,Sugar 1kg,Shan,4,180,20,576,600,-24,Cash,Usman,3.7
ORD13015,09/05/2025,Gulberg,C1645,Hassan Butt,Male,Lahore,Home,Detergent 1kg,Surf Excel,4,850,15,2890,2720,170,Debit Card,Zain,3.9
ORD13016,10/05/2025,Model Town,C1041,Ayesha Chaudhry,Female,Lahore,Beverages,Pepsi 1.5L,Pepsi,5,220,15,935,850,85,Cash,Bilal,4.7
ORD13017,13/11/2025,Model Town,C1656,Maryam Sheikh,Female,Lahore,Stationery,Notebook,Dollar,5,180,20,720,600,120,Easypaisa,Bilal,3.6
ORD13018,04/10/2025,Gulberg,C1041,Ayesha Iqbal,Male,Lahore,Stationery,Pen,Dollar,4,60,5,228,140,88,Credit Card,Ahmed,3.5
ORD13019,22/04/2025,Gulberg,C1705,Zain Chaudhry,Male,Lahore,Stationery,Notebook,Dollar,3,180,0,540,360,180,Credit Card,Umar,4.7
ORD13020,12/03/2025,DHA,C1297,Ahmed Sheikh,Male,Lahore,Electronics,Keyboard,A4Tech,2,2800,15,4760,4400,360,JazzCash,Usman,4.2
ORD13021,11/08/2025,Wapda Town,C1327,Maryam Butt,Male,Lahore,Stationery,Marker,Dollar,2,120,20,192,160,32,JazzCash,Ali,4.7
ORD13022,28/03/2025,Johar Town,C1687,Zain Butt,Female,Lahore,Bakery,Cake,Gourmet,2,900,15,1530,1400,130,JazzCash,Hamza,4.3
ORD13023,02/09/2025,Johar Town,C1361,Ayesha Malik,Male,Lahore,Stationery,Notebook,Dollar,3,180,5,513,360,153,JazzCash,Zain,4.4
ORD13024,06/02/2025,Johar Town,C1691,Ahmed Malik,Female,Lahore,Grocery,Tea 475g,Tapal,5,980,20,3920,4100,-180,Debit Card,Bilal,4.6
ORD13025,30/01/2025,Model Town,C1491,Hamza Khan,Female,Lahore,Electronics,Mouse,Logitech,4,1800,0,7200,5600,1600,JazzCash,Bilal,4.5
ORD13026,09/11/2025,Model Town,C1387,Fatima Sheikh,Female,Lahore,Bakery,Cookies,LU,2,250,10,450,360,90,Debit Card,Ali,3.9
ORD13027,06/01/2025,Wapda Town,C1800,Bilal Raza,Female,Lahore,Electronics,Power Bank,Xiaomi,3,4500,0,13500,10800,2700,Credit Card,Usman,3.7
ORD13028,09/07/2025,Johar Town,C1194,Maryam Khan,Female,Lahore,Bakery,Cookies,LU,3,250,0,750,540,210,JazzCash,Ali,4
ORD13029,19/02/2025,Gulberg,C1766,Maryam Ahmed,Male,Lahore,Bakery,Cookies,LU,2,250,10,450,360,90,JazzCash,Hamza,4.2
ORD13030,25/06/2025,Model Town,C1775,Hamza Khan,Female,Lahore,Grocery,Cooking Oil 1L,Dalda,4,650,5,2470,2080,390,Cash,Bilal,3.6
ORD13031,02/05/2025,DHA,C1138,Umar Chaudhry,Female,Lahore,Home,Detergent 1kg,Surf Excel,2,850,5,1615,1360,255,Cash,Hassan,4.8
ORD13032,14/12/2025,Johar Town,C1529,Ahmed Chaudhry,Male,Lahore,Beverages,Pepsi 1.5L,Pepsi,5,220,0,1100,850,250,JazzCash,Hassan,4
ORD13033,07/06/2025,Gulberg,C1073,Usman Chaudhry,Female,Lahore,Stationery,Pen,Dollar,3,60,5,171,105,66,JazzCash,Hamza,3.9
ORD13034,12/09/2025,Wapda Town,C1211,Hassan Ahmed,Male,Lahore,Beverages,Pepsi 1.5L,Pepsi,1,220,10,198,170,28,JazzCash,Hamza,3.7
ORD13035,04/05/2025,DHA,C1690,Ali Khan,Male,Lahore,Grocery,Tea 475g,Tapal,3,980,20,2352,2460,-108,JazzCash,Ali,4.3
ORD13036,10/01/2025,Wapda Town,C1382,Maryam Ahmed,Male,Lahore,Beverages,Nestle Water 1.5L,Nestle,4,90,10,324,240,84,Cash,Usman,3.6
ORD13037,20/03/2025,Wapda Town,C1090,Ayesha Khan,Male,Lahore,Electronics,Mouse,Logitech,3,1800,0,5400,4200,1200,JazzCash,Bilal,5
ORD13038,02/02/2025,Wapda Town,C1457,Zain Malik,Male,Lahore,Home,Shampoo,Sunsilk,5,620,15,2635,2500,135,Cash,Bilal,4.4
ORD13039,21/10/2025,Gulberg,C1287,Hassan Raza,Female,Lahore,Home,Detergent 1kg,Surf Excel,2,850,5,1615,1360,255,Credit Card,Hassan,4.6
ORD13040,07/06/2025,Model Town,C1370,Ahmed Khan,Male,Lahore,Electronics,Mouse,Logitech,1,1800,0,1800,1400,400,Credit Card,Hamza,3.5
ORD13041,07/01/2025,Gulberg,C1241,Hamza Iqbal,Female,Lahore,Stationery,Pen,Dollar,1,60,5,57,35,22,Easypaisa,Bilal,3.7
ORD13042,30/08/2025,Wapda Town,C1366,Umar Chaudhry,Male,Lahore,Beverages,Nestle Water 1.5L,Nestle,2,90,5,171,120,51,Cash,Umar,4.1
ORD13043,09/02/2025,Wapda Town,C1568,Ayesha Chaudhry,Female,Lahore,Stationery,Marker,Dollar,5,120,20,480,400,80,Easypaisa,Umar,4.6
ORD13044,09/07/2025,Model Town,C1673,Ahmed Butt,Male,Lahore,Grocery,Cooking Oil 1L,Dalda,5,650,15,2762.5,2600,162.5,JazzCash,Ali,4.3
ORD13045,21/10/2025,Gulberg,C1285,Fatima Chaudhry,Male,Lahore,Beverages,Nestle Water 1.5L,Nestle,4,90,5,342,240,102,Cash,Bilal,4
ORD13046,28/10/2025,Model Town,C1523,Ahmed Chaudhry,Male,Lahore,Electronics,Keyboard,A4Tech,3,2800,20,6720,6600,120,Credit Card,Ali,4.3
ORD13047,18/12/2025,DHA,C1746,Zain Khan,Male,Lahore,Grocery,Tea 475g,Tapal,5,980,15,4165,4100,65,Cash,Zain,4.8
ORD13048,13/06/2025,Wapda Town,C1109,Fatima Iqbal,Male,Lahore,Bakery,Cookies,LU,5,250,5,1187.5,900,287.5,Easypaisa,Usman,3.5
ORD13049,23/05/2025,Wapda Town,C1188,Ayesha Ahmed,Female,Lahore,Electronics,Power Bank,Xiaomi,2,4500,5,8550,7200,1350,Credit Card,Ahmed,4.9
ORD13050,27/04/2025,Gulberg,C1144,Ali Chaudhry,Male,Lahore,Bakery,Cookies,LU,4,250,15,850,720,130,Credit Card,Hassan,4.2
ORD13051,03/12/2025,DHA,C1699,Zain Iqbal,Female,Lahore,Electronics,Mouse,Logitech,1,1800,10,1620,1400,220,Debit Card,Zain,3.9
ORD13052,19/01/2025,Model Town,C1480,Maryam Butt,Male,Lahore,Home,Shampoo,Sunsilk,5,620,15,2635,2500,135,Cash,Ahmed,4.6
ORD13053,22/08/2025,Gulberg,C1788,Sara Raza,Female,Lahore,Beverages,Nestle Water 1.5L,Nestle,1,90,10,81,60,21,Cash,Ali,4.7
ORD13054,01/06/2025,Model Town,C1551,Maryam Khan,Female,Lahore,Home,Detergent 1kg,Surf Excel,4,850,10,3060,2720,340,Cash,Ahmed,4.9
ORD13055,09/06/2025,Gulberg,C1535,Umar Raza,Female,Lahore,Bakery,Cookies,LU,4,250,15,850,720,130,Debit Card,Hamza,3.7
ORD13056,30/05/2025,Wapda Town,C1562,Umar Chaudhry,Male,Lahore,Electronics,Keyboard,A4Tech,1,2800,10,2520,2200,320,Cash,Ahmed,5
ORD13057,15/09/2025,Johar Town,C1161,Hamza Chaudhry,Male,Lahore,Home,Soap,Lux,1,180,5,171,130,41,Credit Card,Bilal,3.8
ORD13058,15/01/2025,Model Town,C1676,Umar Chaudhry,Female,Lahore,Home,Detergent 1kg,Surf Excel,2,850,10,1530,1360,170,JazzCash,Ahmed,4.6
ORD13059,24/11/2025,Gulberg,C1476,Ayesha Butt,Female,Lahore,Grocery,Sugar 1kg,Shan,2,180,20,288,300,-12,Easypaisa,Usman,3.9
ORD13060,12/01/2025,Johar Town,C1061,Ahmed Sheikh,Female,Lahore,Electronics,Power Bank,Xiaomi,1,4500,0,4500,3600,900,Debit Card,Usman,3.9
ORD13061,16/05/2025,Gulberg,C1523,Ahmed Butt,Female,Lahore,Electronics,Power Bank,Xiaomi,4,4500,10,16200,14400,1800,Credit Card,Ali,4.8
ORD13062,01/09/2025,Johar Town,C1778,Ayesha Raza,Male,Lahore,Grocery,Basmati Rice 5kg,Guard,2,3200,10,5760,5200,560,Debit Card,Zain,4.8
ORD13063,16/12/2025,Johar Town,C1390,Usman Iqbal,Male,Lahore,Home,Soap,Lux,1,180,10,162,130,32,Debit Card,Hassan,3.7
ORD13064,22/06/2025,Wapda Town,C1028,Zain Butt,Male,Lahore,Electronics,Mouse,Logitech,1,1800,0,1800,1400,400,Easypaisa,Ahmed,4.2
ORD13065,07/05/2025,Gulberg,C1034,Hamza Butt,Male,Lahore,Stationery,Pen,Dollar,5,60,5,285,175,110,Cash,Bilal,3.9
ORD13066,28/11/2025,Johar Town,C1574,Bilal Butt,Female,Lahore,Home,Soap,Lux,2,180,10,324,260,64,Easypaisa,Ali,3.7
ORD13067,29/07/2025,Wapda Town,C1319,Bilal Butt,Female,Lahore,Grocery,Sugar 1kg,Shan,5,180,20,720,750,-30,Cash,Bilal,4.8
ORD13068,18/06/2025,Wapda Town,C1158,Umar Butt,Female,Lahore,Electronics,Mouse,Logitech,4,1800,10,6480,5600,880,Cash,Ali,3.9
ORD13069,10/11/2025,Johar Town,C1197,Usman Malik,Female,Lahore,Bakery,Cake,Gourmet,3,900,0,2700,2100,600,JazzCash,Zain,4.4
ORD13070,28/06/2025,Johar Town,C1521,Fatima Khan,Female,Lahore,Bakery,Bread,Dawn,2,120,10,216,160,56,Cash,Umar,4
ORD13071,12/09/2025,Wapda Town,C1703,Zain Chaudhry,Male,Lahore,Stationery,Marker,Dollar,5,120,0,600,400,200,Credit Card,Bilal,4.7
ORD13072,31/05/2025,Model Town,C1505,Ayesha Chaudhry,Female,Lahore,Beverages,Coca Cola 1.5L,Coca-Cola,2,220,10,396,340,56,Credit Card,Bilal,4.3
ORD13073,16/05/2025,Model Town,C1290,Ali Khan,Female,Lahore,Bakery,Bread,Dawn,1,120,10,108,80,28,Cash,Hamza,4.4
ORD13074,19/09/2025,Model Town,C1129,Maryam Chaudhry,Female,Lahore,Beverages,Coca Cola 1.5L,Coca-Cola,3,220,20,528,510,18,Credit Card,Hassan,4.2
ORD13075,31/10/2025,Model Town,C1022,Sara Ahmed,Male,Lahore,Beverages,Nestle Water 1.5L,Nestle,3,90,10,243,180,63,Cash,Ahmed,4.8
ORD13076,11/05/2025,DHA,C1363,Maryam Malik,Female,Lahore,Grocery,Tea 475g,Tapal,2,980,10,1764,1640,124,Cash,Ali,4.6
ORD13077,31/01/2025,DHA,C1480,Ali Chaudhry,Male,Lahore,Bakery,Cake,Gourmet,2,900,5,1710,1400,310,Easypaisa,Usman,4
ORD13078,23/02/2025,Gulberg,C1703,Umar Khan,Male,Lahore,Stationery,Pen,Dollar,3,60,5,171,105,66,Debit Card,Zain,3.6
ORD13079,29/04/2025,Johar Town,C1691,Zain Raza,Female,Lahore,Stationery,Marker,Dollar,5,120,10,540,400,140,Debit Card,Umar,4.3
ORD13080,03/07/2025,Gulberg,C1512,Sara Raza,Female,Lahore,Beverages,Nestle Water 1.5L,Nestle,2,90,15,153,120,33,Credit Card,Zain,4.9
ORD13081,06/06/2025,DHA,C1468,Maryam Ahmed,Male,Lahore,Bakery,Cake,Gourmet,3,900,20,2160,2100,60,Easypaisa,Hassan,4.6
ORD13082,10/09/2025,Gulberg,C1542,Hassan Butt,Male,Lahore,Stationery,Pen,Dollar,2,60,15,102,70,32,Credit Card,Ahmed,3.7
ORD13083,04/11/2025,Model Town,C1105,Ayesha Sheikh,Female,Lahore,Beverages,Coca Cola 1.5L,Coca-Cola,2,220,15,374,340,34,Cash,Bilal,5
ORD13084,23/05/2025,Gulberg,C1083,Usman Sheikh,Male,Lahore,Stationery,Pen,Dollar,3,60,10,162,105,57,JazzCash,Ali,4.9
ORD13085,09/01/2025,Wapda Town,C1736,Sara Butt,Male,Lahore,Electronics,Mouse,Logitech,2,1800,5,3420,2800,620,Easypaisa,Bilal,4.5
ORD13086,23/06/2025,Johar Town,C1453,Umar Chaudhry,Female,Lahore,Bakery,Cookies,LU,2,250,20,400,360,40,Credit Card,Usman,3.8
ORD13087,18/04/2025,Johar Town,C1655,Ayesha Malik,Male,Lahore,Electronics,Power Bank,Xiaomi,3,4500,5,12825,10800,2025,Easypaisa,Hassan,4.4
ORD13088,24/10/2025,Gulberg,C1013,Usman Sheikh,Male,Lahore,Beverages,Pepsi 1.5L,Pepsi,3,220,0,660,510,150,Easypaisa,Umar,4.6
ORD13089,04/02/2025,Model Town,C1583,Zain Sheikh,Female,Lahore,Electronics,Mouse,Logitech,3,1800,20,4320,4200,120,Debit Card,Umar,3.6
ORD13090,02/07/2025,DHA,C1186,Ali Malik,Male,Lahore,Home,Detergent 1kg,Surf Excel,1,850,0,850,680,170,JazzCash,Umar,3.8
ORD13091,07/12/2025,Wapda Town,C1215,Hassan Chaudhry,Female,Lahore,Bakery,Cookies,LU,1,250,15,212.5,180,32.5,Debit Card,Ali,5
ORD13092,10/11/2025,DHA,C1530,Hamza Khan,Male,Lahore,Home,Detergent 1kg,Surf Excel,3,850,0,2550,2040,510,Easypaisa,Zain,4.4
ORD13093,23/12/2025,Gulberg,C1001,Sara Khan,Female,Lahore,Grocery,Cooking Oil 1L,Dalda,4,650,20,2080,2080,0,Debit Card,Usman,3.5
ORD13094,02/12/2025,Gulberg,C1535,Sara Raza,Female,Lahore,Stationery,Pen,Dollar,1,60,5,57,35,22,Debit Card,Hassan,4.4
ORD13095,26/11/2025,Gulberg,C1135,Hassan Malik,Male,Lahore,Stationery,Pen,Dollar,5,60,15,255,175,80,Credit Card,Umar,4.9
ORD13096,28/02/2025,Gulberg,C1203,Usman Malik,Male,Lahore,Home,Soap,Lux,4,180,20,576,520,56,JazzCash,Ahmed,4.7
ORD13097,02/01/2025,DHA,C1013,Usman Raza,Male,Lahore,Bakery,Cookies,LU,1,250,15,212.5,180,32.5,Debit Card,Ahmed,3.6
ORD13098,20/09/2025,DHA,C1529,Maryam Chaudhry,Female,Lahore,Stationery,Marker,Dollar,4,120,15,408,320,88,Credit Card,Zain,4.9
ORD13099,03/01/2025,DHA,C1344,Ali Raza,Female,Lahore,Bakery,Cookies,LU,5,250,0,1250,900,350,Debit Card,Hassan,4.1
ORD13100,15/11/2025,Model Town,C1183,Fatima Sheikh,Female,Lahore,Electronics,Power Bank,Xiaomi,4,4500,5,17100,14400,2700,Cash,Ali,3.9
ORD13101,20/12/2025,Wapda Town,C1277,Zain Iqbal,Male,Lahore,Beverages,Pepsi 1.5L,Pepsi,3,220,5,627,510,117,Credit Card,Hamza,3.7
ORD13102,07/09/2025,Wapda Town,C1207,Sara Raza,Male,Lahore,Home,Soap,Lux,2,180,10,324,260,64,Easypaisa,Hamza,4.2
ORD13103,18/01/2025,Wapda Town,C1524,Maryam Iqbal,Female,Lahore,Home,Shampoo,Sunsilk,5,620,15,2635,2500,135,Easypaisa,Bilal,4.4
ORD13104,14/02/2025,Johar Town,C1440,Bilal Ahmed,Female,Lahore,Grocery,Tea 475g,Tapal,4,980,15,3332,3280,52,JazzCash,Hassan,4.5
ORD13105,19/08/2025,Model Town,C1485,Ali Ahmed,Male,Lahore,Bakery,Cake,Gourmet,3,900,5,2565,2100,465,Credit Card,Hassan,4.8
ORD13106,26/02/2025,Wapda Town,C1535,Usman Raza,Male,Lahore,Home,Shampoo,Sunsilk,3,620,10,1674,1500,174,Easypaisa,Ahmed,3.9
ORD13107,02/01/2025,Johar Town,C1399,Hamza Ahmed,Female,Lahore,Electronics,Mouse,Logitech,4,1800,20,5760,5600,160,Credit Card,Hamza,4.7
ORD13108,02/04/2025,Gulberg,C1793,Hassan Butt,Female,Lahore,Home,Shampoo,Sunsilk,5,620,5,2945,2500,445,Debit Card,Zain,4.7
ORD13109,02/03/2025,Johar Town,C1075,Usman Malik,Male,Lahore,Beverages,Coca Cola 1.5L,Coca-Cola,4,220,15,748,680,68,Cash,Zain,4.2
ORD13110,17/09/2025,DHA,C1240,Usman Raza,Male,Lahore,Bakery,Cookies,LU,5,250,0,1250,900,350,Credit Card,Hamza,4.1
ORD13111,04/01/2025,Model Town,C1551,Hassan Sheikh,Male,Lahore,Bakery,Cake,Gourmet,1,900,10,810,700,110,Debit Card,Ahmed,3.8
ORD13112,18/05/2025,Johar Town,C1129,Sara Iqbal,Female,Lahore,Grocery,Cooking Oil 1L,Dalda,4,650,10,2340,2080,260,JazzCash,Bilal,4.4
ORD13113,14/12/2025,Model Town,C1045,Umar Khan,Male,Lahore,Bakery,Cookies,LU,4,250,0,1000,720,280,Easypaisa,Bilal,4.9
ORD13114,20/02/2025,Gulberg,C1053,Bilal Ahmed,Female,Lahore,Electronics,Mouse,Logitech,2,1800,15,3060,2800,260,Credit Card,Bilal,3.8
ORD13115,14/10/2025,Wapda Town,C1720,Ayesha Sheikh,Male,Lahore,Home,Detergent 1kg,Surf Excel,4,850,5,3230,2720,510,Cash,Zain,4.8
ORD13116,29/12/2025,DHA,C1384,Fatima Sheikh,Female,Lahore,Home,Soap,Lux,1,180,10,162,130,32,Cash,Usman,3.9
ORD13117,04/10/2025,DHA,C1175,Ayesha Iqbal,Male,Lahore,Stationery,Pen,Dollar,3,60,0,180,105,75,Cash,Bilal,3.7
ORD13118,06/11/2025,Model Town,C1213,Maryam Raza,Male,Lahore,Bakery,Cake,Gourmet,4,900,5,3420,2800,620,Cash,Usman,3.7
ORD13119,23/04/2025,Gulberg,C1322,Sara Khan,Male,Lahore,Bakery,Cake,Gourmet,5,900,5,4275,3500,775,Easypaisa,Ali,3.8
ORD13120,12/03/2025,DHA,C1524,Bilal Iqbal,Female,Lahore,Stationery,Marker,Dollar,1,120,10,108,80,28,Easypaisa,Umar,3.6
ORD13121,08/12/2025,Model Town,C1008,Bilal Iqbal,Female,Lahore,Electronics,Mouse,Logitech,4,1800,15,6120,5600,520,JazzCash,Hassan,4.4
ORD13122,20/02/2025,Model Town,C1669,Umar Chaudhry,Female,Lahore,Home,Shampoo,Sunsilk,3,620,10,1674,1500,174,Easypaisa,Zain,4.7
ORD13123,10/08/2025,Model Town,C1048,Fatima Iqbal,Male,Lahore,Home,Soap,Lux,3,180,15,459,390,69,Cash,Zain,4.8
ORD13124,13/03/2025,DHA,C1190,Ahmed Chaudhry,Female,Lahore,Bakery,Cookies,LU,3,250,10,675,540,135,Cash,Bilal,4.4
ORD13125,03/10/2025,Wapda Town,C1572,Fatima Chaudhry,Male,Lahore,Bakery,Cookies,LU,5,250,5,1187.5,900,287.5,Easypaisa,Zain,3.9
ORD13126,22/05/2025,Gulberg,C1704,Maryam Iqbal,Male,Lahore,Beverages,Pepsi 1.5L,Pepsi,1,220,15,187,170,17,Easypaisa,Usman,4.4
ORD13127,02/10/2025,Model Town,C1703,Bilal Khan,Male,Lahore,Home,Shampoo,Sunsilk,2,620,20,992,1000,-8,Easypaisa,Umar,3.7
ORD13128,01/08/2025,Johar Town,C1167,Ahmed Raza,Male,Lahore,Home,Detergent 1kg,Surf Excel,5,850,0,4250,3400,850,Cash,Hassan,3.6
ORD13129,23/12/2025,Gulberg,C1081,Ahmed Ahmed,Female,Lahore,Beverages,Nestle Water 1.5L,Nestle,2,90,5,171,120,51,Cash,Hamza,4
ORD13130,14/09/2025,Model Town,C1328,Hamza Butt,Female,Lahore,Bakery,Cookies,LU,3,250,20,600,540,60,Credit Card,Usman,4.4
ORD13131,23/02/2025,Model Town,C1624,Ayesha Raza,Female,Lahore,Electronics,Mouse,Logitech,3,1800,5,5130,4200,930,Easypaisa,Hassan,4
ORD13132,20/08/2025,Model Town,C1730,Ahmed Malik,Female,Lahore,Bakery,Cake,Gourmet,2,900,20,1440,1400,40,Credit Card,Hamza,4.9
ORD13133,13/11/2025,Wapda Town,C1364,Maryam Sheikh,Female,Lahore,Home,Detergent 1kg,Surf Excel,2,850,20,1360,1360,0,Cash,Umar,4.5
ORD13134,14/03/2025,Gulberg,C1615,Sara Ahmed,Female,Lahore,Electronics,Power Bank,Xiaomi,4,4500,0,18000,14400,3600,Debit Card,Bilal,4.8
ORD13135,05/11/2025,Johar Town,C1607,Hassan Sheikh,Female,Lahore,Electronics,Power Bank,Xiaomi,4,4500,15,15300,14400,900,Debit Card,Hamza,4.3
ORD13136,05/07/2025,Johar Town,C1445,Ayesha Khan,Male,Lahore,Grocery,Tea 475g,Tapal,5,980,15,4165,4100,65,Cash,Usman,4.5
ORD13137,11/09/2025,Johar Town,C1010,Hassan Chaudhry,Male,Lahore,Grocery,Basmati Rice 5kg,Guard,5,3200,10,14400,13000,1400,Cash,Usman,3.7
ORD13138,07/07/2025,DHA,C1361,Maryam Sheikh,Male,Lahore,Stationery,Notebook,Dollar,5,180,0,900,600,300,Credit Card,Bilal,4.1
ORD13139,04/04/2025,DHA,C1436,Umar Malik,Male,Lahore,Beverages,Pepsi 1.5L,Pepsi,1,220,15,187,170,17,JazzCash,Hassan,5
ORD13140,30/06/2025,Johar Town,C1393,Usman Iqbal,Male,Lahore,Grocery,Cooking Oil 1L,Dalda,3,650,5,1852.5,1560,292.5,JazzCash,Ali,4.9
ORD13141,08/01/2025,DHA,C1610,Fatima Raza,Male,Lahore,Beverages,Pepsi 1.5L,Pepsi,4,220,10,792,680,112,Credit Card,Usman,3.6
ORD13142,25/05/2025,Gulberg,C1500,Bilal Iqbal,Male,Lahore,Bakery,Cookies,LU,2,250,10,450,360,90,JazzCash,Hassan,4.6
ORD13143,07/05/2025,Wapda Town,C1623,Ayesha Khan,Male,Lahore,Beverages,Nestle Water 1.5L,Nestle,1,90,20,72,60,12,Credit Card,Bilal,3.5
ORD13144,14/04/2025,Model Town,C1496,Ahmed Butt,Male,Lahore,Grocery,Basmati Rice 5kg,Guard,5,3200,0,16000,13000,3000,Credit Card,Hassan,4.9
ORD13145,08/03/2025,Model Town,C1364,Hamza Raza,Female,Lahore,Home,Soap,Lux,2,180,15,306,260,46,Easypaisa,Ali,4.2
ORD13146,16/08/2025,DHA,C1318,Fatima Ahmed,Female,Lahore,Electronics,Keyboard,A4Tech,2,2800,10,5040,4400,640,Easypaisa,Ali,3.8
ORD13147,19/07/2025,Johar Town,C1595,Hassan Butt,Female,Lahore,Home,Soap,Lux,1,180,10,162,130,32,Debit Card,Umar,4.6
ORD13148,13/03/2025,Johar Town,C1261,Hassan Malik,Male,Lahore,Grocery,Sugar 1kg,Shan,1,180,0,180,150,30,Easypaisa,Usman,4.2
ORD13149,04/10/2025,Johar Town,C1295,Ayesha Chaudhry,Male,Lahore,Bakery,Cake,Gourmet,3,900,20,2160,2100,60,Debit Card,Ali,4.7
ORD13150,05/11/2025,Gulberg,C1706,Sara Ahmed,Male,Lahore,Bakery,Bread,Dawn,2,120,15,204,160,44,Easypaisa,Zain,4.4
ORD13151,18/10/2025,Gulberg,C1295,Usman Ahmed,Male,Lahore,Stationery,Pen,Dollar,3,60,15,153,105,48,Easypaisa,Usman,5
ORD13152,18/01/2025,Gulberg,C1047,Ali Raza,Female,Lahore,Stationery,Pen,Dollar,3,60,20,144,105,39,Debit Card,Hamza,3.9
ORD13153,21/04/2025,Johar Town,C1165,Maryam Sheikh,Male,Lahore,Home,Soap,Lux,3,180,10,486,390,96,Credit Card,Usman,3.7
ORD13154,29/12/2025,Johar Town,C1453,Umar Malik,Female,Lahore,Grocery,Basmati Rice 5kg,Guard,4,3200,5,12160,10400,1760,Debit Card,Umar,4.3
ORD13155,18/11/2025,Model Town,C1109,Ali Malik,Male,Lahore,Bakery,Cookies,LU,5,250,10,1125,900,225,JazzCash,Zain,3.8
ORD13156,08/01/2025,Johar Town,C1650,Usman Iqbal,Female,Lahore,Grocery,Basmati Rice 5kg,Guard,1,3200,15,2720,2600,120,Easypaisa,Umar,4.8
ORD13157,26/05/2025,Gulberg,C1491,Usman Raza,Female,Lahore,Home,Soap,Lux,5,180,15,765,650,115,Cash,Hassan,3.9
ORD13158,04/08/2025,DHA,C1388,Hamza Sheikh,Female,Lahore,Stationery,Notebook,Dollar,2,180,5,342,240,102,Cash,Zain,3.9
ORD13159,30/07/2025,Model Town,C1321,Ayesha Malik,Female,Lahore,Stationery,Notebook,Dollar,3,180,0,540,360,180,Cash,Zain,3.7
ORD13160,13/09/2025,Wapda Town,C1370,Sara Sheikh,Female,Lahore,Home,Shampoo,Sunsilk,4,620,10,2232,2000,232,Easypaisa,Ahmed,3.6
ORD13161,24/11/2025,DHA,C1158,Usman Sheikh,Female,Lahore,Beverages,Nestle Water 1.5L,Nestle,2,90,15,153,120,33,JazzCash,Bilal,4.5
ORD13162,15/02/2025,DHA,C1095,Maryam Raza,Female,Lahore,Grocery,Cooking Oil 1L,Dalda,2,650,5,1235,1040,195,Credit Card,Umar,4.9
ORD13163,21/11/2025,Johar Town,C1236,Ayesha Sheikh,Female,Lahore,Electronics,Power Bank,Xiaomi,2,4500,15,7650,7200,450,Cash,Bilal,3.6
ORD13164,15/03/2025,Johar Town,C1634,Ayesha Khan,Male,Lahore,Home,Soap,Lux,2,180,0,360,260,100,Debit Card,Umar,3.7
ORD13165,30/10/2025,Wapda Town,C1798,Hassan Iqbal,Male,Lahore,Bakery,Bread,Dawn,1,120,0,120,80,40,Credit Card,Hassan,4.4
ORD13166,27/03/2025,Gulberg,C1734,Zain Raza,Female,Lahore,Bakery,Cake,Gourmet,3,900,0,2700,2100,600,Debit Card,Bilal,3.5
ORD13167,10/08/2025,Johar Town,C1618,Ali Chaudhry,Male,Lahore,Stationery,Marker,Dollar,5,120,10,540,400,140,Credit Card,Umar,4.1
ORD13168,18/12/2025,Wapda Town,C1160,Bilal Raza,Female,Lahore,Bakery,Bread,Dawn,1,120,15,102,80,22,Easypaisa,Hamza,4.1
ORD13169,08/06/2025,Gulberg,C1697,Sara Raza,Male,Lahore,Stationery,Marker,Dollar,2,120,15,204,160,44,JazzCash,Hamza,4.3
ORD13170,16/12/2025,DHA,C1344,Sara Butt,Female,Lahore,Stationery,Pen,Dollar,1,60,20,48,35,13,Easypaisa,Usman,4.4
ORD13171,05/04/2025,Johar Town,C1797,Usman Iqbal,Female,Lahore,Home,Soap,Lux,5,180,5,855,650,205,Debit Card,Umar,3.9
ORD13172,05/06/2025,Johar Town,C1485,Ali Raza,Female,Lahore,Stationery,Pen,Dollar,5,60,20,240,175,65,Debit Card,Hassan,4.7
ORD13173,15/12/2025,Model Town,C1408,Ahmed Khan,Female,Lahore,Beverages,Coca Cola 1.5L,Coca-Cola,3,220,15,561,510,51,Cash,Bilal,4.4
ORD13174,17/07/2025,Model Town,C1173,Fatima Sheikh,Female,Lahore,Grocery,Basmati Rice 5kg,Guard,4,3200,20,10240,10400,-160,JazzCash,Usman,3.9
ORD13175,09/05/2025,Wapda Town,C1369,Ahmed Sheikh,Female,Lahore,Bakery,Cookies,LU,1,250,5,237.5,180,57.5,Easypaisa,Ali,3.8
ORD13176,03/06/2025,Johar Town,C1713,Zain Malik,Male,Lahore,Electronics,Mouse,Logitech,5,1800,20,7200,7000,200,JazzCash,Hassan,4.3
ORD13177,04/03/2025,Model Town,C1431,Sara Ahmed,Male,Lahore,Home,Shampoo,Sunsilk,2,620,10,1116,1000,116,Debit Card,Umar,4.9
ORD13178,05/11/2025,Gulberg,C1094,Zain Butt,Male,Lahore,Beverages,Nestle Water 1.5L,Nestle,5,90,20,360,300,60,Cash,Ali,4.1
ORD13179,19/02/2025,Gulberg,C1643,Usman Malik,Male,Lahore,Bakery,Cookies,LU,2,250,0,500,360,140,Credit Card,Usman,3.8
ORD13180,10/04/2025,DHA,C1787,Ali Butt,Male,Lahore,Beverages,Coca Cola 1.5L,Coca-Cola,2,220,0,440,340,100,Debit Card,Umar,3.6
ORD13181,06/05/2025,Gulberg,C1116,Usman Iqbal,Male,Lahore,Grocery,Tea 475g,Tapal,4,980,5,3724,3280,444,Debit Card,Ali,4.5
ORD13182,22/08/2025,Wapda Town,C1715,Maryam Khan,Male,Lahore,Home,Shampoo,Sunsilk,3,620,15,1581,1500,81,Cash,Ali,4.5
ORD13183,24/11/2025,DHA,C1218,Usman Raza,Female,Lahore,Stationery,Notebook,Dollar,4,180,15,612,480,132,JazzCash,Hassan,3.9
ORD13184,22/04/2025,Gulberg,C1321,Bilal Chaudhry,Female,Lahore,Bakery,Cookies,LU,1,250,10,225,180,45,Easypaisa,Ali,3.7
ORD13185,17/11/2025,Model Town,C1145,Fatima Butt,Male,Lahore,Grocery,Tea 475g,Tapal,1,980,5,931,820,111,Credit Card,Ahmed,3.6
ORD13186,02/05/2025,Wapda Town,C1745,Hassan Raza,Male,Lahore,Stationery,Marker,Dollar,5,120,0,600,400,200,Debit Card,Hassan,3.8
ORD13187,14/07/2025,DHA,C1615,Maryam Malik,Male,Lahore,Stationery,Marker,Dollar,1,120,0,120,80,40,Credit Card,Ali,4.3
ORD13188,13/03/2025,Model Town,C1394,Usman Iqbal,Male,Lahore,Stationery,Marker,Dollar,3,120,5,342,240,102,Cash,Usman,3.6
ORD13189,27/02/2025,DHA,C1743,Bilal Butt,Male,Lahore,Grocery,Tea 475g,Tapal,4,980,20,3136,3280,-144,Debit Card,Hamza,4.2
ORD13190,14/01/2025,Wapda Town,C1114,Ahmed Sheikh,Female,Lahore,Grocery,Basmati Rice 5kg,Guard,4,3200,15,10880,10400,480,JazzCash,Hamza,4.6
ORD13191,03/11/2025,DHA,C1194,Fatima Sheikh,Female,Lahore,Grocery,Cooking Oil 1L,Dalda,3,650,0,1950,1560,390,Debit Card,Hamza,4.2
ORD13192,09/01/2025,Wapda Town,C1307,Ahmed Chaudhry,Female,Lahore,Beverages,Pepsi 1.5L,Pepsi,1,220,20,176,170,6,Debit Card,Ahmed,3.9
ORD13193,11/12/2025,Wapda Town,C1535,Bilal Ahmed,Male,Lahore,Grocery,Sugar 1kg,Shan,2,180,0,360,300,60,Credit Card,Ahmed,4.2
ORD13194,13/06/2025,Johar Town,C1561,Bilal Sheikh,Female,Lahore,Grocery,Sugar 1kg,Shan,5,180,10,810,750,60,Easypaisa,Ahmed,3.8
ORD13195,12/09/2025,Wapda Town,C1504,Ali Khan,Male,Lahore,Bakery,Cookies,LU,4,250,15,850,720,130,Cash,Umar,4.1
ORD13196,04/12/2025,Johar Town,C1330,Hamza Khan,Male,Lahore,Electronics,Mouse,Logitech,3,1800,20,4320,4200,120,Easypaisa,Usman,4.2
ORD13197,21/08/2025,Johar Town,C1562,Usman Khan,Male,Lahore,Stationery,Marker,Dollar,4,120,5,456,320,136,JazzCash,Hassan,3.7
ORD13198,04/07/2025,Johar Town,C1262,Ali Sheikh,Male,Lahore,Grocery,Basmati Rice 5kg,Guard,2,3200,0,6400,5200,1200,Easypaisa,Ahmed,3.6
ORD13199,13/11/2025,Johar Town,C1311,Ali Sheikh,Female,Lahore,Bakery,Bread,Dawn,3,120,0,360,240,120,Cash,Ali,4.5
ORD13200,23/11/2025,Gulberg,C1472,Ali Sheikh,Female,Lahore,Stationery,Pen,Dollar,4,60,0,240,140,100,JazzCash,Zain,4.9
ORD13201,14/08/2025,Model Town,C1200,Zain Ahmed,Male,Lahore,Bakery,Cookies,LU,5,250,20,1000,900,100,Credit Card,Ahmed,4.2
ORD13202,05/12/2025,Wapda Town,C1702,Ahmed Malik,Male,Lahore,Bakery,Bread,Dawn,3,120,10,324,240,84,JazzCash,Ahmed,4.9
ORD13203,21/02/2025,Model Town,C1476,Ayesha Sheikh,Male,Lahore,Electronics,Keyboard,A4Tech,4,2800,15,9520,8800,720,JazzCash,Zain,3.7
ORD13204,17/10/2025,Model Town,C1040,Sara Butt,Male,Lahore,Home,Shampoo,Sunsilk,1,620,0,620,500,120,Easypaisa,Hamza,4
ORD13205,08/02/2025,Johar Town,C1682,Hassan Khan,Female,Lahore,Home,Soap,Lux,1,180,5,171,130,41,Credit Card,Hassan,4
ORD13206,16/09/2025,DHA,C1195,Maryam Butt,Male,Lahore,Beverages,Coca Cola 1.5L,Coca-Cola,4,220,5,836,680,156,JazzCash,Zain,4.5
ORD13207,26/11/2025,Wapda Town,C1578,Fatima Chaudhry,Male,Lahore,Stationery,Notebook,Dollar,5,180,10,810,600,210,Credit Card,Umar,3.8
ORD13208,23/08/2025,Johar Town,C1644,Maryam Iqbal,Female,Lahore,Beverages,Nestle Water 1.5L,Nestle,5,90,5,427.5,300,127.5,Cash,Usman,4.6
ORD13209,11/05/2025,Model Town,C1682,Umar Malik,Female,Lahore,Grocery,Cooking Oil 1L,Dalda,5,650,20,2600,2600,0,Easypaisa,Bilal,4.3
ORD13210,17/05/2025,Wapda Town,C1571,Hassan Iqbal,Female,Lahore,Beverages,Nestle Water 1.5L,Nestle,4,90,5,342,240,102,Credit Card,Usman,4.6
ORD13211,05/11/2025,Johar Town,C1160,Ayesha Malik,Female,Lahore,Grocery,Tea 475g,Tapal,4,980,15,3332,3280,52,Debit Card,Hassan,4.8
ORD13212,02/01/2025,Gulberg,C1421,Umar Malik,Male,Lahore,Home,Shampoo,Sunsilk,2,620,0,1240,1000,240,Credit Card,Ahmed,3.7
ORD13213,20/12/2025,Johar Town,C1262,Maryam Iqbal,Male,Lahore,Beverages,Pepsi 1.5L,Pepsi,3,220,15,561,510,51,Easypaisa,Hassan,4.1
ORD13214,28/09/2025,Johar Town,C1374,Ayesha Khan,Female,Lahore,Bakery,Cookies,LU,2,250,5,475,360,115,Credit Card,Bilal,4
ORD13215,02/03/2025,DHA,C1298,Usman Ahmed,Male,Lahore,Stationery,Marker,Dollar,3,120,5,342,240,102,Cash,Umar,4
ORD13216,22/10/2025,Model Town,C1657,Bilal Butt,Male,Lahore,Electronics,Keyboard,A4Tech,5,2800,10,12600,11000,1600,JazzCash,Bilal,3.8
ORD13217,17/11/2025,Gulberg,C1376,Ahmed Butt,Male,Lahore,Electronics,Keyboard,A4Tech,2,2800,20,4480,4400,80,Cash,Hamza,3.9
ORD13218,09/09/2025,Model Town,C1296,Usman Chaudhry,Male,Lahore,Stationery,Marker,Dollar,2,120,10,216,160,56,Credit Card,Umar,4.6
ORD13219,15/06/2025,Wapda Town,C1508,Hamza Ahmed,Female,Lahore,Beverages,Nestle Water 1.5L,Nestle,5,90,20,360,300,60,Debit Card,Ahmed,3.6
ORD13220,11/06/2025,Wapda Town,C1226,Bilal Chaudhry,Male,Lahore,Grocery,Sugar 1kg,Shan,3,180,0,540,450,90,Debit Card,Ahmed,4
ORD13221,27/08/2025,Johar Town,C1079,Ali Ahmed,Male,Lahore,Bakery,Bread,Dawn,3,120,10,324,240,84,Credit Card,Hamza,5
ORD13222,03/05/2025,Johar Town,C1316,Hassan Khan,Male,Lahore,Stationery,Pen,Dollar,5,60,15,255,175,80,Credit Card,Hamza,3.5
ORD13223,04/08/2025,Gulberg,C1743,Ali Sheikh,Female,Lahore,Stationery,Marker,Dollar,5,120,15,510,400,110,Debit Card,Umar,4.9
ORD13224,07/11/2025,Model Town,C1613,Maryam Khan,Female,Lahore,Grocery,Cooking Oil 1L,Dalda,1,650,20,520,520,0,Credit Card,Ahmed,4.1
ORD13225,17/05/2025,Gulberg,C1105,Ahmed Butt,Female,Lahore,Home,Detergent 1kg,Surf Excel,3,850,20,2040,2040,0,Cash,Usman,4.6
ORD13226,08/04/2025,DHA,C1780,Ali Butt,Female,Lahore,Grocery,Tea 475g,Tapal,1,980,0,980,820,160,Debit Card,Hamza,4.7
ORD13227,19/09/2025,Johar Town,C1062,Fatima Sheikh,Male,Lahore,Beverages,Nestle Water 1.5L,Nestle,2,90,0,180,120,60,Credit Card,Bilal,3.7
ORD13228,19/01/2025,Wapda Town,C1620,Zain Chaudhry,Female,Lahore,Home,Shampoo,Sunsilk,4,620,15,2108,2000,108,Debit Card,Ahmed,4.9
ORD13229,28/11/2025,DHA,C1140,Bilal Sheikh,Male,Lahore,Grocery,Sugar 1kg,Shan,1,180,10,162,150,12,Easypaisa,Hassan,4.8
ORD13230,28/03/2025,Gulberg,C1736,Hamza Iqbal,Male,Lahore,Beverages,Nestle Water 1.5L,Nestle,5,90,15,382.5,300,82.5,JazzCash,Zain,4.6
ORD13231,29/12/2025,Model Town,C1715,Umar Malik,Female,Lahore,Bakery,Cookies,LU,4,250,10,900,720,180,JazzCash,Usman,4.4
ORD13232,15/01/2025,Wapda Town,C1481,Zain Malik,Female,Lahore,Electronics,Keyboard,A4Tech,4,2800,15,9520,8800,720,Easypaisa,Hamza,3.5
ORD13233,09/06/2025,DHA,C1601,Hassan Raza,Male,Lahore,Stationery,Marker,Dollar,1,120,0,120,80,40,Credit Card,Ahmed,4.7
ORD13234,28/04/2025,Model Town,C1760,Ali Butt,Female,Lahore,Bakery,Bread,Dawn,2,120,10,216,160,56,JazzCash,Hamza,4.4
ORD13235,16/07/2025,Model Town,C1217,Hamza Raza,Female,Lahore,Home,Shampoo,Sunsilk,1,620,20,496,500,-4,Easypaisa,Ahmed,4.9
ORD13236,17/06/2025,Gulberg,C1513,Bilal Butt,Female,Lahore,Grocery,Cooking Oil 1L,Dalda,1,650,0,650,520,130,Debit Card,Usman,4.1
ORD13237,02/12/2025,Johar Town,C1285,Hamza Raza,Male,Lahore,Electronics,Mouse,Logitech,5,1800,0,9000,7000,2000,JazzCash,Zain,5
ORD13238,07/11/2025,DHA,C1247,Hamza Butt,Female,Lahore,Stationery,Notebook,Dollar,3,180,15,459,360,99,Debit Card,Umar,4.7
ORD13239,30/10/2025,DHA,C1793,Hamza Chaudhry,Male,Lahore,Electronics,Mouse,Logitech,4,1800,15,6120,5600,520,Easypaisa,Bilal,4.3
ORD13240,30/06/2025,Gulberg,C1175,Usman Iqbal,Female,Lahore,Stationery,Marker,Dollar,2,120,10,216,160,56,Easypaisa,Umar,4.7
ORD13241,24/11/2025,Johar Town,C1162,Ayesha Butt,Female,Lahore,Grocery,Basmati Rice 5kg,Guard,4,3200,10,11520,10400,1120,JazzCash,Hamza,4
ORD13242,24/03/2025,DHA,C1695,Sara Khan,Male,Lahore,Beverages,Nestle Water 1.5L,Nestle,4,90,15,306,240,66,Cash,Hassan,4.5
ORD13243,23/06/2025,Gulberg,C1574,Bilal Ahmed,Female,Lahore,Electronics,Mouse,Logitech,4,1800,0,7200,5600,1600,JazzCash,Ali,4.9
ORD13244,25/05/2025,Model Town,C1328,Hassan Iqbal,Male,Lahore,Beverages,Coca Cola 1.5L,Coca-Cola,5,220,10,990,850,140,Debit Card,Umar,4.1
ORD13245,07/05/2025,Model Town,C1073,Bilal Butt,Female,Lahore,Electronics,Mouse,Logitech,5,1800,10,8100,7000,1100,Debit Card,Ahmed,3.9
ORD13246,19/09/2025,Johar Town,C1210,Bilal Sheikh,Male,Lahore,Electronics,Mouse,Logitech,1,1800,15,1530,1400,130,Cash,Umar,4.3
ORD13247,07/04/2025,Model Town,C1358,Sara Malik,Male,Lahore,Home,Detergent 1kg,Surf Excel,5,850,5,4037.5,3400,637.5,JazzCash,Ahmed,3.9
ORD13248,31/12/2025,Model Town,C1050,Hassan Malik,Male,Lahore,Bakery,Bread,Dawn,4,120,0,480,320,160,Cash,Zain,3.9
ORD13249,14/02/2025,Model Town,C1669,Umar Khan,Male,Lahore,Bakery,Cake,Gourmet,3,900,5,2565,2100,465,Cash,Hassan,3.6
ORD13250,30/08/2025,Gulberg,C1033,Sara Malik,Female,Lahore,Bakery,Cake,Gourmet,1,900,5,855,700,155,Easypaisa,Hamza,4.2
ORD13251,23/08/2025,DHA,C1784,Ayesha Sheikh,Female,Lahore,Home,Soap,Lux,2,180,15,306,260,46,Credit Card,Zain,3.9
ORD13252,13/11/2025,Gulberg,C1629,Hamza Raza,Male,Lahore,Grocery,Cooking Oil 1L,Dalda,3,650,20,1560,1560,0,Credit Card,Ali,3.7
ORD13253,26/01/2025,Wapda Town,C1323,Hamza Malik,Male,Lahore,Beverages,Coca Cola 1.5L,Coca-Cola,5,220,5,1045,850,195,Cash,Usman,3.8
ORD13254,08/05/2025,DHA,C1696,Maryam Ahmed,Female,Lahore,Beverages,Nestle Water 1.5L,Nestle,1,90,5,85.5,60,25.5,JazzCash,Zain,4
ORD13255,15/01/2025,DHA,C1018,Umar Butt,Female,Lahore,Home,Detergent 1kg,Surf Excel,2,850,15,1445,1360,85,Cash,Hamza,4.2
ORD13256,24/02/2025,DHA,C1520,Ayesha Sheikh,Male,Lahore,Electronics,Power Bank,Xiaomi,1,4500,10,4050,3600,450,Cash,Hamza,4.9
ORD13257,15/10/2025,Model Town,C1714,Sara Chaudhry,Male,Lahore,Beverages,Nestle Water 1.5L,Nestle,3,90,5,256.5,180,76.5,Cash,Usman,4.4
ORD13258,28/01/2025,Johar Town,C1354,Usman Khan,Male,Lahore,Home,Shampoo,Sunsilk,3,620,15,1581,1500,81,Debit Card,Zain,4.3
ORD13259,16/04/2025,DHA,C1560,Usman Raza,Male,Lahore,Home,Soap,Lux,1,180,5,171,130,41,JazzCash,Bilal,4.7
ORD13260,03/07/2025,Wapda Town,C1069,Maryam Raza,Female,Lahore,Grocery,Tea 475g,Tapal,3,980,20,2352,2460,-108,Easypaisa,Bilal,5
ORD13261,10/08/2025,Wapda Town,C1007,Ali Raza,Male,Lahore,Electronics,Keyboard,A4Tech,2,2800,5,5320,4400,920,Credit Card,Usman,4
ORD13262,21/03/2025,Wapda Town,C1375,Hamza Raza,Female,Lahore,Stationery,Marker,Dollar,4,120,15,408,320,88,Cash,Ali,4.3
ORD13263,29/08/2025,Gulberg,C1702,Bilal Sheikh,Female,Lahore,Home,Shampoo,Sunsilk,3,620,0,1860,1500,360,Cash,Hassan,4.1
ORD13264,15/03/2025,Wapda Town,C1715,Ali Khan,Female,Lahore,Stationery,Pen,Dollar,1,60,5,57,35,22,Cash,Umar,4.2
ORD13265,31/12/2025,Model Town,C1044,Zain Malik,Male,Lahore,Grocery,Tea 475g,Tapal,2,980,10,1764,1640,124,Easypaisa,Ali,3.8
ORD13266,02/06/2025,Johar Town,C1702,Maryam Ahmed,Female,Lahore,Grocery,Tea 475g,Tapal,5,980,20,3920,4100,-180,Credit Card,Zain,4.2
ORD13267,01/04/2025,Wapda Town,C1729,Zain Malik,Male,Lahore,Home,Soap,Lux,3,180,5,513,390,123,JazzCash,Hamza,4.2
ORD13268,15/09/2025,Model Town,C1401,Fatima Ahmed,Female,Lahore,Electronics,Mouse,Logitech,3,1800,0,5400,4200,1200,Credit Card,Umar,3.7
ORD13269,16/06/2025,Model Town,C1425,Fatima Raza,Male,Lahore,Electronics,Keyboard,A4Tech,4,2800,0,11200,8800,2400,JazzCash,Hassan,4.1
ORD13270,03/05/2025,DHA,C1583,Hamza Iqbal,Male,Lahore,Home,Soap,Lux,4,180,0,720,520,200,Easypaisa,Ali,4.8
ORD13271,06/02/2025,Model Town,C1193,Usman Butt,Female,Lahore,Beverages,Pepsi 1.5L,Pepsi,5,220,10,990,850,140,Credit Card,Ali,4.3
ORD13272,11/07/2025,Wapda Town,C1132,Ahmed Butt,Female,Lahore,Home,Shampoo,Sunsilk,4,620,0,2480,2000,480,JazzCash,Umar,4.8
ORD13273,09/06/2025,Model Town,C1567,Bilal Chaudhry,Female,Lahore,Bakery,Cake,Gourmet,4,900,20,2880,2800,80,Debit Card,Ali,4.4
ORD13274,25/04/2025,Gulberg,C1267,Maryam Malik,Female,Lahore,Grocery,Sugar 1kg,Shan,2,180,15,306,300,6,JazzCash,Usman,3.8
ORD13275,27/06/2025,DHA,C1137,Hassan Khan,Male,Lahore,Bakery,Cake,Gourmet,1,900,15,765,700,65,Debit Card,Umar,3.9
ORD13276,28/10/2025,Model Town,C1209,Ahmed Ahmed,Female,Lahore,Stationery,Notebook,Dollar,1,180,15,153,120,33,Debit Card,Umar,5
ORD13277,30/11/2025,Model Town,C1005,Umar Butt,Male,Lahore,Grocery,Sugar 1kg,Shan,3,180,5,513,450,63,Debit Card,Ahmed,4.1
ORD13278,28/06/2025,Model Town,C1466,Hamza Sheikh,Female,Lahore,Home,Soap,Lux,2,180,10,324,260,64,Debit Card,Bilal,4.7
ORD13279,01/01/2025,Johar Town,C1481,Hassan Khan,Male,Lahore,Electronics,Mouse,Logitech,1,1800,5,1710,1400,310,Debit Card,Bilal,4.7
ORD13280,31/03/2025,Johar Town,C1767,Hamza Butt,Male,Lahore,Stationery,Pen,Dollar,3,60,15,153,105,48,Credit Card,Hamza,3.6
ORD13281,13/10/2025,Johar Town,C1554,Ali Sheikh,Female,Lahore,Bakery,Cake,Gourmet,2,900,0,1800,1400,400,JazzCash,Hamza,4.9
ORD13282,05/12/2025,Gulberg,C1097,Zain Butt,Male,Lahore,Grocery,Sugar 1kg,Shan,2,180,0,360,300,60,Easypaisa,Umar,4.7
ORD13283,16/01/2025,Model Town,C1403,Hassan Sheikh,Female,Lahore,Beverages,Nestle Water 1.5L,Nestle,4,90,15,306,240,66,Easypaisa,Usman,4.3
ORD13284,29/11/2025,Wapda Town,C1528,Bilal Iqbal,Male,Lahore,Beverages,Pepsi 1.5L,Pepsi,4,220,10,792,680,112,Debit Card,Hassan,5
ORD13285,09/09/2025,DHA,C1032,Hassan Chaudhry,Female,Lahore,Bakery,Bread,Dawn,2,120,20,192,160,32,Debit Card,Zain,4.4
ORD13286,12/04/2025,Johar Town,C1728,Bilal Iqbal,Male,Lahore,Stationery,Marker,Dollar,1,120,5,114,80,34,Easypaisa,Zain,4.1
ORD13287,20/02/2025,Johar Town,C1056,Hamza Sheikh,Female,Lahore,Bakery,Cake,Gourmet,3,900,0,2700,2100,600,JazzCash,Ahmed,4.2
ORD13288,04/02/2025,Johar Town,C1291,Sara Raza,Male,Lahore,Beverages,Nestle Water 1.5L,Nestle,4,90,10,324,240,84,JazzCash,Zain,3.7
ORD13289,03/11/2025,Johar Town,C1005,Maryam Ahmed,Female,Lahore,Bakery,Bread,Dawn,5,120,20,480,400,80,Cash,Bilal,4.4
ORD13290,15/08/2025,Gulberg,C1252,Umar Ahmed,Female,Lahore,Home,Soap,Lux,3,180,20,432,390,42,Credit Card,Umar,4.1
ORD13291,27/06/2025,Model Town,C1112,Sara Iqbal,Female,Lahore,Beverages,Nestle Water 1.5L,Nestle,2,90,5,171,120,51,JazzCash,Ahmed,4.8
ORD13292,09/03/2025,Wapda Town,C1798,Bilal Malik,Female,Lahore,Bakery,Cookies,LU,5,250,10,1125,900,225,Credit Card,Umar,4.2
ORD13293,29/07/2025,Wapda Town,C1448,Hamza Iqbal,Male,Lahore,Home,Detergent 1kg,Surf Excel,2,850,20,1360,1360,0,Cash,Ali,4.5
ORD13294,01/11/2025,Wapda Town,C1193,Usman Malik,Female,Lahore,Electronics,Power Bank,Xiaomi,4,4500,15,15300,14400,900,JazzCash,Hassan,4.1
ORD13295,08/01/2025,Model Town,C1032,Umar Sheikh,Male,Lahore,Grocery,Sugar 1kg,Shan,1,180,5,171,150,21,JazzCash,Zain,4.5
ORD13296,29/07/2025,Model Town,C1140,Ali Butt,Male,Lahore,Grocery,Tea 475g,Tapal,5,980,0,4900,4100,800,Debit Card,Hassan,4.3
ORD13297,09/10/2025,Wapda Town,C1633,Umar Sheikh,Female,Lahore,Grocery,Basmati Rice 5kg,Guard,2,3200,0,6400,5200,1200,Easypaisa,Hassan,4.2
ORD13298,09/01/2025,DHA,C1793,Bilal Malik,Female,Lahore,Beverages,Nestle Water 1.5L,Nestle,4,90,5,342,240,102,Credit Card,Hamza,4.2
ORD13299,24/08/2025,DHA,C1416,Zain Iqbal,Female,Lahore,Stationery,Notebook,Dollar,5,180,0,900,600,300,Credit Card,Hassan,4.4
ORD13300,08/09/2025,Model Town,C1462,Hassan Malik,Male,Lahore,Home,Detergent 1kg,Surf Excel,3,850,10,2295,2040,255,Easypaisa,Bilal,4.6
ORD13301,03/01/2025,Model Town,C1563,Zain Chaudhry,Male,Lahore,Bakery,Cake,Gourmet,3,900,10,2430,2100,330,Cash,Zain,4.3
ORD13302,15/09/2025,Johar Town,C1339,Hassan Ahmed,Male,Lahore,Home,Shampoo,Sunsilk,1,620,0,620,500,120,JazzCash,Usman,4.1
ORD13303,03/08/2025,Wapda Town,C1050,Zain Khan,Female,Lahore,Beverages,Coca Cola 1.5L,Coca-Cola,3,220,15,561,510,51,JazzCash,Ahmed,4
ORD13304,16/02/2025,Wapda Town,C1479,Maryam Khan,Male,Lahore,Electronics,Keyboard,A4Tech,1,2800,10,2520,2200,320,Cash,Ali,4.9
ORD13305,10/12/2025,Wapda Town,C1519,Hamza Raza,Female,Lahore,Grocery,Basmati Rice 5kg,Guard,4,3200,5,12160,10400,1760,Easypaisa,Hassan,4.4
ORD13306,12/09/2025,Johar Town,C1588,Zain Khan,Female,Lahore,Electronics,Mouse,Logitech,4,1800,20,5760,5600,160,Cash,Hassan,3.7
ORD13307,29/09/2025,Gulberg,C1537,Hassan Butt,Male,Lahore,Electronics,Power Bank,Xiaomi,4,4500,15,15300,14400,900,Debit Card,Ahmed,4
ORD13308,06/03/2025,DHA,C1646,Ahmed Ahmed,Male,Lahore,Stationery,Marker,Dollar,3,120,5,342,240,102,JazzCash,Ahmed,3.8
ORD13309,30/06/2025,DHA,C1171,Zain Raza,Male,Lahore,Bakery,Cookies,LU,1,250,20,200,180,20,Debit Card,Zain,4.3
ORD13310,15/11/2025,Johar Town,C1779,Usman Malik,Female,Lahore,Bakery,Cake,Gourmet,5,900,0,4500,3500,1000,Easypaisa,Umar,4.1
ORD13311,09/08/2025,Wapda Town,C1328,Ahmed Malik,Female,Lahore,Grocery,Tea 475g,Tapal,2,980,20,1568,1640,-72,Cash,Hassan,4.3
ORD13312,29/08/2025,DHA,C1298,Zain Malik,Male,Lahore,Bakery,Bread,Dawn,5,120,15,510,400,110,JazzCash,Ali,4.3
ORD13313,28/07/2025,Wapda Town,C1701,Ayesha Khan,Male,Lahore,Beverages,Pepsi 1.5L,Pepsi,5,220,5,1045,850,195,Easypaisa,Hamza,3.9
ORD13314,27/03/2025,DHA,C1573,Ahmed Iqbal,Male,Lahore,Grocery,Tea 475g,Tapal,1,980,10,882,820,62,Debit Card,Hassan,4.7
ORD13315,23/02/2025,Gulberg,C1350,Ayesha Chaudhry,Female,Lahore,Grocery,Tea 475g,Tapal,5,980,15,4165,4100,65,Easypaisa,Umar,3.6
ORD13316,11/03/2025,Wapda Town,C1139,Ali Malik,Male,Lahore,Stationery,Marker,Dollar,5,120,20,480,400,80,Debit Card,Umar,4
ORD13317,13/08/2025,Wapda Town,C1771,Usman Malik,Male,Lahore,Electronics,Mouse,Logitech,3,1800,20,4320,4200,120,Debit Card,Hamza,3.5
ORD13318,13/08/2025,Wapda Town,C1659,Usman Raza,Female,Lahore,Home,Shampoo,Sunsilk,4,620,0,2480,2000,480,Debit Card,Hamza,4
ORD13319,27/08/2025,Wapda Town,C1425,Ayesha Raza,Female,Lahore,Grocery,Cooking Oil 1L,Dalda,4,650,10,2340,2080,260,Cash,Bilal,4
ORD13320,20/08/2025,DHA,C1305,Zain Butt,Female,Lahore,Electronics,Mouse,Logitech,3,1800,15,4590,4200,390,Debit Card,Hamza,4.5
ORD13321,06/11/2025,DHA,C1107,Ahmed Ahmed,Female,Lahore,Bakery,Bread,Dawn,1,120,20,96,80,16,Easypaisa,Umar,4.8
ORD13322,29/04/2025,Model Town,C1439,Bilal Sheikh,Female,Lahore,Bakery,Cookies,LU,1,250,10,225,180,45,Cash,Zain,3.6
ORD13323,31/07/2025,Johar Town,C1517,Maryam Malik,Male,Lahore,Bakery,Bread,Dawn,5,120,20,480,400,80,JazzCash,Hassan,3.9
ORD13324,15/06/2025,DHA,C1522,Umar Khan,Male,Lahore,Stationery,Notebook,Dollar,2,180,15,306,240,66,Credit Card,Zain,4.1
ORD13325,19/12/2025,Johar Town,C1251,Bilal Iqbal,Male,Lahore,Beverages,Pepsi 1.5L,Pepsi,5,220,20,880,850,30,Credit Card,Zain,4.2
ORD13326,23/06/2025,Wapda Town,C1654,Usman Sheikh,Male,Lahore,Grocery,Sugar 1kg,Shan,3,180,15,459,450,9,JazzCash,Ahmed,4.7
ORD13327,14/04/2025,Gulberg,C1387,Ahmed Sheikh,Male,Lahore,Beverages,Coca Cola 1.5L,Coca-Cola,2,220,15,374,340,34,JazzCash,Hamza,4.4
ORD13328,25/08/2025,Johar Town,C1221,Zain Chaudhry,Male,Lahore,Stationery,Pen,Dollar,4,60,15,204,140,64,Debit Card,Zain,4.5
ORD13329,23/05/2025,Model Town,C1540,Ahmed Malik,Male,Lahore,Home,Shampoo,Sunsilk,4,620,5,2356,2000,356,JazzCash,Usman,3.8
ORD13330,20/10/2025,Johar Town,C1523,Maryam Khan,Female,Lahore,Electronics,Mouse,Logitech,2,1800,5,3420,2800,620,Debit Card,Zain,3.9
ORD13331,24/10/2025,DHA,C1282,Hamza Iqbal,Female,Lahore,Electronics,Power Bank,Xiaomi,1,4500,20,3600,3600,0,Cash,Usman,4
ORD13332,29/09/2025,Gulberg,C1238,Hamza Sheikh,Male,Lahore,Beverages,Pepsi 1.5L,Pepsi,3,220,0,660,510,150,Cash,Hassan,4.9
ORD13333,23/03/2025,Johar Town,C1335,Zain Raza,Male,Lahore,Bakery,Bread,Dawn,4,120,15,408,320,88,Credit Card,Umar,4.4
ORD13334,07/10/2025,Model Town,C1516,Sara Sheikh,Male,Lahore,Home,Soap,Lux,4,180,0,720,520,200,Cash,Hassan,3.7
ORD13335,07/07/2025,Model Town,C1550,Hamza Sheikh,Female,Lahore,Grocery,Tea 475g,Tapal,2,980,20,1568,1640,-72,Debit Card,Bilal,4.2
ORD13336,26/01/2025,Johar Town,C1216,Ali Butt,Female,Lahore,Stationery,Marker,Dollar,5,120,20,480,400,80,JazzCash,Umar,3.8
ORD13337,03/11/2025,Model Town,C1681,Hassan Sheikh,Male,Lahore,Stationery,Marker,Dollar,3,120,15,306,240,66,Cash,Hamza,3.8
ORD13338,09/01/2025,Gulberg,C1481,Usman Sheikh,Male,Lahore,Bakery,Cookies,LU,4,250,0,1000,720,280,JazzCash,Ahmed,3.9
ORD13339,17/04/2025,Gulberg,C1528,Bilal Chaudhry,Female,Lahore,Stationery,Pen,Dollar,3,60,20,144,105,39,JazzCash,Ali,4.4
ORD13340,10/08/2025,Johar Town,C1098,Ali Ahmed,Female,Lahore,Beverages,Coca Cola 1.5L,Coca-Cola,2,220,0,440,340,100,Easypaisa,Hassan,4.7
ORD13341,09/08/2025,DHA,C1326,Bilal Ahmed,Female,Lahore,Beverages,Pepsi 1.5L,Pepsi,5,220,10,990,850,140,Cash,Zain,4.2
ORD13342,13/07/2025,Gulberg,C1783,Ahmed Khan,Female,Lahore,Beverages,Pepsi 1.5L,Pepsi,5,220,10,990,850,140,JazzCash,Hamza,3.6
ORD13343,15/07/2025,Johar Town,C1399,Ali Raza,Female,Lahore,Stationery,Pen,Dollar,1,60,0,60,35,25,JazzCash,Ahmed,4.5
ORD13344,15/08/2025,Wapda Town,C1650,Sara Ahmed,Female,Lahore,Electronics,Power Bank,Xiaomi,3,4500,5,12825,10800,2025,Debit Card,Bilal,3.9
ORD13345,13/01/2025,Wapda Town,C1295,Hamza Chaudhry,Male,Lahore,Home,Soap,Lux,4,180,20,576,520,56,Debit Card,Ali,4.1
ORD13346,29/01/2025,Johar Town,C1793,Fatima Malik,Female,Lahore,Beverages,Nestle Water 1.5L,Nestle,3,90,5,256.5,180,76.5,Credit Card,Bilal,4.8
ORD13347,08/01/2025,Model Town,C1775,Usman Iqbal,Male,Lahore,Home,Detergent 1kg,Surf Excel,1,850,0,850,680,170,Debit Card,Hassan,4.5
ORD13348,14/01/2025,Model Town,C1456,Ahmed Raza,Female,Lahore,Electronics,Power Bank,Xiaomi,1,4500,15,3825,3600,225,Debit Card,Hassan,4.5
ORD13349,04/03/2025,Wapda Town,C1779,Hamza Iqbal,Female,Lahore,Home,Detergent 1kg,Surf Excel,3,850,15,2167.5,2040,127.5,Cash,Usman,4.3
ORD13350,10/10/2025,Johar Town,C1161,Ali Butt,Male,Lahore,Stationery,Notebook,Dollar,3,180,20,432,360,72,Credit Card,Usman,3.6
ORD13351,28/10/2025,Model Town,C1402,Fatima Khan,Male,Lahore,Stationery,Pen,Dollar,2,60,0,120,70,50,Debit Card,Hamza,4.4
ORD13352,27/03/2025,Model Town,C1755,Hassan Butt,Female,Lahore,Electronics,Mouse,Logitech,3,1800,0,5400,4200,1200,JazzCash,Ali,3.8
ORD13353,04/11/2025,Johar Town,C1375,Ali Butt,Female,Lahore,Electronics,Mouse,Logitech,1,1800,5,1710,1400,310,Credit Card,Hamza,4.7
ORD13354,03/05/2025,DHA,C1049,Zain Malik,Female,Lahore,Bakery,Bread,Dawn,5,120,10,540,400,140,Easypaisa,Zain,3.9
ORD13355,02/11/2025,Wapda Town,C1776,Hamza Khan,Male,Lahore,Bakery,Cake,Gourmet,3,900,5,2565,2100,465,Debit Card,Ahmed,4.3
ORD13356,24/11/2025,Model Town,C1672,Hassan Butt,Male,Lahore,Electronics,Mouse,Logitech,3,1800,20,4320,4200,120,JazzCash,Zain,4.7
ORD13357,20/06/2025,Gulberg,C1343,Sara Khan,Female,Lahore,Grocery,Sugar 1kg,Shan,5,180,15,765,750,15,Cash,Usman,4.9
ORD13358,27/08/2025,Wapda Town,C1054,Ayesha Raza,Female,Lahore,Home,Detergent 1kg,Surf Excel,1,850,0,850,680,170,Credit Card,Umar,4.4
ORD13359,29/04/2025,Gulberg,C1497,Bilal Khan,Male,Lahore,Bakery,Bread,Dawn,1,120,15,102,80,22,Debit Card,Bilal,4
ORD13360,28/09/2025,Model Town,C1338,Zain Chaudhry,Male,Lahore,Stationery,Marker,Dollar,3,120,20,288,240,48,Easypaisa,Bilal,4.7
ORD13361,03/11/2025,Model Town,C1139,Hassan Sheikh,Female,Lahore,Home,Soap,Lux,4,180,0,720,520,200,Cash,Bilal,4.8
ORD13362,29/08/2025,Wapda Town,C1109,Fatima Khan,Male,Lahore,Electronics,Mouse,Logitech,2,1800,0,3600,2800,800,Easypaisa,Hassan,4.3
ORD13363,20/03/2025,DHA,C1005,Bilal Malik,Male,Lahore,Electronics,Mouse,Logitech,5,1800,20,7200,7000,200,Credit Card,Ali,4.1
ORD13364,12/03/2025,Model Town,C1383,Usman Sheikh,Female,Lahore,Home,Shampoo,Sunsilk,3,620,15,1581,1500,81,JazzCash,Bilal,4.9
ORD13365,27/01/2025,Johar Town,C1410,Ayesha Ahmed,Female,Lahore,Beverages,Nestle Water 1.5L,Nestle,1,90,15,76.5,60,16.5,Credit Card,Usman,3.9
ORD13366,28/11/2025,Johar Town,C1500,Umar Raza,Male,Lahore,Bakery,Bread,Dawn,2,120,10,216,160,56,JazzCash,Hassan,4.6
ORD13367,23/04/2025,Johar Town,C1614,Hamza Butt,Female,Lahore,Grocery,Cooking Oil 1L,Dalda,5,650,10,2925,2600,325,Cash,Zain,3.8
ORD13368,04/11/2025,Gulberg,C1096,Ahmed Raza,Female,Lahore,Bakery,Cookies,LU,2,250,10,450,360,90,Credit Card,Umar,5
ORD13369,20/05/2025,Model Town,C1038,Bilal Khan,Female,Lahore,Stationery,Pen,Dollar,2,60,15,102,70,32,Easypaisa,Ali,4.4
ORD13370,06/07/2025,Model Town,C1239,Sara Sheikh,Male,Lahore,Home,Soap,Lux,5,180,15,765,650,115,Cash,Hassan,4.7
ORD13371,09/05/2025,Model Town,C1555,Maryam Ahmed,Male,Lahore,Grocery,Sugar 1kg,Shan,4,180,5,684,600,84,JazzCash,Ahmed,3.9
ORD13372,26/02/2025,Model Town,C1640,Zain Raza,Male,Lahore,Stationery,Marker,Dollar,4,120,10,432,320,112,Cash,Umar,4.8
ORD13373,24/03/2025,Model Town,C1591,Sara Ahmed,Female,Lahore,Grocery,Tea 475g,Tapal,4,980,0,3920,3280,640,Credit Card,Umar,3.8
ORD13374,30/07/2025,Gulberg,C1271,Fatima Iqbal,Female,Lahore,Beverages,Coca Cola 1.5L,Coca-Cola,1,220,0,220,170,50,JazzCash,Hamza,4.2
ORD13375,26/02/2025,Johar Town,C1563,Ahmed Butt,Male,Lahore,Beverages,Coca Cola 1.5L,Coca-Cola,3,220,15,561,510,51,Debit Card,Umar,4.6
ORD13376,16/11/2025,Johar Town,C1265,Sara Ahmed,Female,Lahore,Stationery,Marker,Dollar,5,120,10,540,400,140,Cash,Bilal,3.6
ORD13377,23/12/2025,DHA,C1198,Ayesha Malik,Male,Lahore,Electronics,Power Bank,Xiaomi,5,4500,10,20250,18000,2250,Credit Card,Hassan,4.2
ORD13378,02/08/2025,DHA,C1580,Umar Chaudhry,Male,Lahore,Beverages,Pepsi 1.5L,Pepsi,5,220,10,990,850,140,Easypaisa,Ali,4.2
ORD13379,15/11/2025,DHA,C1768,Bilal Khan,Male,Lahore,Electronics,Keyboard,A4Tech,5,2800,0,14000,11000,3000,Cash,Bilal,3.6
ORD13380,16/08/2025,Johar Town,C1793,Ahmed Khan,Female,Lahore,Electronics,Keyboard,A4Tech,1,2800,5,2660,2200,460,Credit Card,Ahmed,4.2
ORD13381,07/11/2025,Wapda Town,C1759,Usman Butt,Female,Lahore,Home,Detergent 1kg,Surf Excel,5,850,15,3612.5,3400,212.5,Credit Card,Usman,4.2
ORD13382,16/04/2025,Model Town,C1590,Maryam Butt,Female,Lahore,Stationery,Pen,Dollar,3,60,20,144,105,39,Cash,Umar,4.5
ORD13383,30/07/2025,Model Town,C1751,Hamza Chaudhry,Male,Lahore,Home,Shampoo,Sunsilk,3,620,10,1674,1500,174,Easypaisa,Ali,4.9
ORD13384,25/12/2025,DHA,C1664,Maryam Khan,Female,Lahore,Electronics,Mouse,Logitech,5,1800,5,8550,7000,1550,Easypaisa,Umar,3.7
ORD13385,15/06/2025,Gulberg,C1487,Bilal Malik,Male,Lahore,Beverages,Nestle Water 1.5L,Nestle,4,90,0,360,240,120,Credit Card,Ahmed,4.9
ORD13386,22/03/2025,DHA,C1124,Hassan Ahmed,Female,Lahore,Electronics,Keyboard,A4Tech,1,2800,0,2800,2200,600,Easypaisa,Umar,4.2
ORD13387,17/03/2025,Johar Town,C1459,Sara Chaudhry,Male,Lahore,Home,Detergent 1kg,Surf Excel,4,850,0,3400,2720,680,Easypaisa,Hamza,3.8
ORD13388,16/06/2025,Model Town,C1162,Sara Khan,Female,Lahore,Grocery,Tea 475g,Tapal,3,980,5,2793,2460,333,Debit Card,Ali,4.2
ORD13389,28/07/2025,Model Town,C1036,Usman Iqbal,Female,Lahore,Home,Soap,Lux,2,180,5,342,260,82,Debit Card,Ali,4.1
ORD13390,29/04/2025,DHA,C1432,Bilal Chaudhry,Male,Lahore,Bakery,Bread,Dawn,3,120,20,288,240,48,Credit Card,Hamza,3.6
ORD13391,25/05/2025,Gulberg,C1699,Hassan Sheikh,Male,Lahore,Home,Soap,Lux,5,180,5,855,650,205,Easypaisa,Ali,4
ORD13392,26/12/2025,Gulberg,C1244,Bilal Khan,Female,Lahore,Electronics,Mouse,Logitech,2,1800,15,3060,2800,260,Debit Card,Ali,4.8
ORD13393,21/03/2025,Model Town,C1446,Umar Iqbal,Female,Lahore,Stationery,Notebook,Dollar,4,180,15,612,480,132,Cash,Zain,3.9
ORD13394,22/11/2025,Model Town,C1579,Bilal Malik,Female,Lahore,Beverages,Coca Cola 1.5L,Coca-Cola,2,220,0,440,340,100,Debit Card,Usman,4.9
ORD13395,14/09/2025,Wapda Town,C1682,Ali Iqbal,Male,Lahore,Stationery,Pen,Dollar,1,60,15,51,35,16,Debit Card,Ahmed,4.9
ORD13396,20/08/2025,Model Town,C1795,Ayesha Sheikh,Female,Lahore,Beverages,Pepsi 1.5L,Pepsi,1,220,5,209,170,39,Credit Card,Zain,4.7
ORD13397,10/03/2025,Gulberg,C1452,Ali Iqbal,Female,Lahore,Home,Detergent 1kg,Surf Excel,3,850,0,2550,2040,510,Easypaisa,Ahmed,4
ORD13398,22/03/2025,Model Town,C1545,Ayesha Raza,Female,Lahore,Bakery,Cookies,LU,1,250,20,200,180,20,Cash,Usman,4.7
ORD13399,25/06/2025,Wapda Town,C1445,Zain Butt,Female,Lahore,Stationery,Marker,Dollar,5,120,20,480,400,80,JazzCash,Hamza,4.4
ORD13400,24/07/2025,Gulberg,C1393,Zain Butt,Female,Lahore,Beverages,Coca Cola 1.5L,Coca-Cola,4,220,0,880,680,200,Credit Card,Ali,4
ORD13401,05/09/2025,Wapda Town,C1206,Ayesha Raza,Female,Lahore,Bakery,Cookies,LU,3,250,0,750,540,210,Debit Card,Ali,4.8
ORD13402,30/03/2025,DHA,C1543,Zain Khan,Male,Lahore,Home,Detergent 1kg,Surf Excel,3,850,10,2295,2040,255,JazzCash,Umar,4.1
ORD13403,23/03/2025,Gulberg,C1407,Bilal Sheikh,Male,Lahore,Grocery,Cooking Oil 1L,Dalda,3,650,15,1657.5,1560,97.5,Credit Card,Usman,4.9
ORD13404,09/08/2025,Johar Town,C1692,Bilal Chaudhry,Male,Lahore,Electronics,Mouse,Logitech,2,1800,5,3420,2800,620,JazzCash,Ali,5
ORD13405,02/01/2025,Johar Town,C1597,Maryam Chaudhry,Male,Lahore,Grocery,Sugar 1kg,Shan,5,180,0,900,750,150,JazzCash,Bilal,3.6
ORD13406,12/10/2025,Model Town,C1787,Bilal Ahmed,Male,Lahore,Bakery,Cake,Gourmet,3,900,5,2565,2100,465,Easypaisa,Ali,4.2
ORD13407,04/11/2025,Gulberg,C1332,Fatima Khan,Female,Lahore,Beverages,Pepsi 1.5L,Pepsi,1,220,20,176,170,6,JazzCash,Ahmed,4.3
ORD13408,18/05/2025,Gulberg,C1349,Ali Ahmed,Male,Lahore,Grocery,Cooking Oil 1L,Dalda,2,650,10,1170,1040,130,Credit Card,Hamza,5
ORD13409,30/12/2025,Wapda Town,C1605,Ali Butt,Male,Lahore,Beverages,Coca Cola 1.5L,Coca-Cola,5,220,15,935,850,85,Debit Card,Ali,3.6
ORD13410,26/12/2025,Gulberg,C1141,Zain Ahmed,Male,Lahore,Home,Shampoo,Sunsilk,3,620,15,1581,1500,81,Credit Card,Hamza,4.9
ORD13411,05/08/2025,Johar Town,C1723,Zain Iqbal,Male,Lahore,Electronics,Mouse,Logitech,5,1800,0,9000,7000,2000,Easypaisa,Usman,3.6
ORD13412,17/05/2025,Wapda Town,C1707,Maryam Iqbal,Male,Lahore,Bakery,Cake,Gourmet,5,900,10,4050,3500,550,Debit Card,Hamza,3.5
ORD13413,24/10/2025,Gulberg,C1742,Bilal Sheikh,Female,Lahore,Beverages,Pepsi 1.5L,Pepsi,2,220,5,418,340,78,Easypaisa,Zain,4.2
ORD13414,03/03/2025,Wapda Town,C1647,Ahmed Malik,Male,Lahore,Home,Soap,Lux,3,180,15,459,390,69,Credit Card,Zain,4.8
ORD13415,05/06/2025,DHA,C1665,Ahmed Sheikh,Female,Lahore,Beverages,Nestle Water 1.5L,Nestle,5,90,15,382.5,300,82.5,Credit Card,Ahmed,4.3
ORD13416,15/03/2025,Johar Town,C1134,Usman Malik,Male,Lahore,Stationery,Marker,Dollar,5,120,10,540,400,140,Easypaisa,Usman,5
ORD13417,10/10/2025,Johar Town,C1424,Ahmed Malik,Female,Lahore,Home,Soap,Lux,3,180,0,540,390,150,Credit Card,Umar,3.9
ORD13418,06/10/2025,DHA,C1517,Hassan Malik,Female,Lahore,Home,Detergent 1kg,Surf Excel,5,850,0,4250,3400,850,Cash,Hassan,4.1
ORD13419,21/11/2025,Wapda Town,C1362,Sara Ahmed,Male,Lahore,Electronics,Mouse,Logitech,4,1800,20,5760,5600,160,Cash,Hamza,4.4
ORD13420,10/07/2025,DHA,C1681,Sara Sheikh,Male,Lahore,Home,Shampoo,Sunsilk,2,620,5,1178,1000,178,Easypaisa,Hamza,4.5
ORD13421,13/03/2025,Gulberg,C1179,Ayesha Iqbal,Male,Lahore,Beverages,Coca Cola 1.5L,Coca-Cola,5,220,5,1045,850,195,Credit Card,Ali,4.3
ORD13422,10/11/2025,Model Town,C1575,Maryam Khan,Male,Lahore,Stationery,Marker,Dollar,3,120,10,324,240,84,Debit Card,Ahmed,3.6
ORD13423,21/08/2025,Johar Town,C1578,Bilal Iqbal,Male,Lahore,Home,Detergent 1kg,Surf Excel,1,850,15,722.5,680,42.5,Debit Card,Hamza,4.5
ORD13424,20/10/2025,DHA,C1683,Hassan Raza,Male,Lahore,Electronics,Keyboard,A4Tech,4,2800,5,10640,8800,1840,Credit Card,Hassan,4.4
ORD13425,16/01/2025,Gulberg,C1542,Umar Sheikh,Female,Lahore,Stationery,Notebook,Dollar,2,180,5,342,240,102,JazzCash,Ahmed,4.8
ORD13426,05/08/2025,Model Town,C1662,Zain Butt,Male,Lahore,Stationery,Pen,Dollar,3,60,15,153,105,48,Cash,Ali,4.5
ORD13427,01/02/2025,Wapda Town,C1257,Hassan Chaudhry,Male,Lahore,Electronics,Mouse,Logitech,5,1800,5,8550,7000,1550,Easypaisa,Ahmed,4.7
ORD13428,25/11/2025,Wapda Town,C1772,Hamza Malik,Male,Lahore,Bakery,Cookies,LU,4,250,15,850,720,130,Credit Card,Usman,3.7
ORD13429,19/04/2025,Johar Town,C1271,Usman Iqbal,Female,Lahore,Bakery,Bread,Dawn,5,120,5,570,400,170,Easypaisa,Umar,4.7
ORD13430,22/08/2025,DHA,C1050,Usman Ahmed,Female,Lahore,Home,Soap,Lux,3,180,15,459,390,69,Debit Card,Ali,3.6
ORD13431,25/05/2025,Johar Town,C1729,Umar Malik,Male,Lahore,Bakery,Cookies,LU,4,250,0,1000,720,280,JazzCash,Hamza,4.6
ORD13432,01/10/2025,Johar Town,C1017,Maryam Raza,Female,Lahore,Home,Shampoo,Sunsilk,5,620,10,2790,2500,290,Credit Card,Hassan,4.1
ORD13433,15/09/2025,Gulberg,C1393,Sara Malik,Male,Lahore,Bakery,Cookies,LU,4,250,15,850,720,130,JazzCash,Zain,3.9
ORD13434,27/11/2025,DHA,C1418,Ahmed Sheikh,Female,Lahore,Stationery,Notebook,Dollar,2,180,10,324,240,84,JazzCash,Bilal,4.1
ORD13435,16/08/2025,Wapda Town,C1780,Sara Sheikh,Male,Lahore,Stationery,Pen,Dollar,5,60,0,300,175,125,Easypaisa,Ali,4.8
ORD13436,21/10/2025,Wapda Town,C1139,Maryam Ahmed,Male,Lahore,Electronics,Power Bank,Xiaomi,3,4500,10,12150,10800,1350,JazzCash,Zain,4.6
ORD13437,30/03/2025,Gulberg,C1634,Bilal Chaudhry,Male,Lahore,Beverages,Nestle Water 1.5L,Nestle,3,90,0,270,180,90,Easypaisa,Umar,4.4
ORD13438,12/03/2025,Wapda Town,C1389,Hamza Raza,Female,Lahore,Home,Shampoo,Sunsilk,2,620,20,992,1000,-8,Easypaisa,Ali,4.6
ORD13439,11/10/2025,Gulberg,C1046,Fatima Ahmed,Male,Lahore,Stationery,Marker,Dollar,2,120,5,228,160,68,Cash,Ali,4.6
ORD13440,02/04/2025,Gulberg,C1405,Usman Iqbal,Male,Lahore,Bakery,Cookies,LU,4,250,20,800,720,80,Credit Card,Umar,4
ORD13441,24/06/2025,Wapda Town,C1717,Umar Chaudhry,Male,Lahore,Grocery,Sugar 1kg,Shan,5,180,0,900,750,150,Cash,Ahmed,3.5
ORD13442,16/05/2025,Johar Town,C1280,Usman Butt,Female,Lahore,Stationery,Pen,Dollar,5,60,15,255,175,80,Credit Card,Hamza,4.1
ORD13443,27/12/2025,Wapda Town,C1204,Ali Iqbal,Male,Lahore,Stationery,Notebook,Dollar,5,180,10,810,600,210,Easypaisa,Ali,4.4
ORD13444,21/03/2025,Johar Town,C1263,Hassan Malik,Female,Lahore,Stationery,Pen,Dollar,1,60,5,57,35,22,Debit Card,Hamza,4.2
ORD13445,12/12/2025,Model Town,C1218,Bilal Butt,Female,Lahore,Home,Shampoo,Sunsilk,4,620,15,2108,2000,108,Credit Card,Umar,4
ORD13446,16/04/2025,Wapda Town,C1449,Sara Ahmed,Female,Lahore,Stationery,Notebook,Dollar,1,180,10,162,120,42,Cash,Umar,4.9
ORD13447,08/02/2025,Gulberg,C1423,Ahmed Khan,Female,Lahore,Stationery,Marker,Dollar,2,120,20,192,160,32,Credit Card,Hamza,4.1
ORD13448,29/12/2025,Model Town,C1156,Maryam Ahmed,Female,Lahore,Home,Shampoo,Sunsilk,4,620,10,2232,2000,232,Cash,Usman,3.9
ORD13449,28/04/2025,Johar Town,C1753,Ali Malik,Male,Lahore,Electronics,Keyboard,A4Tech,4,2800,20,8960,8800,160,Credit Card,Hassan,4.1
ORD13450,21/10/2025,DHA,C1545,Ayesha Sheikh,Female,Lahore,Electronics,Power Bank,Xiaomi,2,4500,10,8100,7200,900,Debit Card,Zain,4.6
ORD13451,31/08/2025,Johar Town,C1536,Maryam Malik,Female,Lahore,Bakery,Bread,Dawn,1,120,15,102,80,22,Easypaisa,Hamza,3.9
ORD13452,01/08/2025,Model Town,C1091,Bilal Malik,Female,Lahore,Stationery,Marker,Dollar,1,120,5,114,80,34,Debit Card,Ali,4.7
ORD13453,22/07/2025,DHA,C1262,Hassan Khan,Female,Lahore,Beverages,Coca Cola 1.5L,Coca-Cola,3,220,15,561,510,51,Cash,Zain,4.1
ORD13454,25/07/2025,Johar Town,C1400,Usman Ahmed,Male,Lahore,Beverages,Pepsi 1.5L,Pepsi,1,220,15,187,170,17,Credit Card,Ali,4.1
ORD13455,29/01/2025,DHA,C1514,Ahmed Ahmed,Male,Lahore,Home,Shampoo,Sunsilk,4,620,0,2480,2000,480,Credit Card,Hassan,4.8
ORD13456,19/12/2025,Model Town,C1374,Usman Chaudhry,Male,Lahore,Stationery,Pen,Dollar,2,60,20,96,70,26,JazzCash,Zain,4.4
ORD13457,06/10/2025,Gulberg,C1343,Hamza Raza,Male,Lahore,Home,Soap,Lux,4,180,15,612,520,92,Easypaisa,Ali,5
ORD13458,22/12/2025,Wapda Town,C1099,Hamza Raza,Male,Lahore,Bakery,Cake,Gourmet,4,900,20,2880,2800,80,Easypaisa,Ahmed,3.6
ORD13459,07/03/2025,Johar Town,C1132,Umar Malik,Female,Lahore,Bakery,Bread,Dawn,2,120,0,240,160,80,Credit Card,Hamza,3.5
ORD13460,02/02/2025,DHA,C1078,Hamza Chaudhry,Female,Lahore,Beverages,Coca Cola 1.5L,Coca-Cola,5,220,20,880,850,30,Cash,Usman,4.6
ORD13461,04/02/2025,Gulberg,C1740,Sara Iqbal,Female,Lahore,Bakery,Cookies,LU,2,250,10,450,360,90,Cash,Umar,4.2
ORD13462,06/07/2025,Johar Town,C1226,Maryam Iqbal,Female,Lahore,Electronics,Power Bank,Xiaomi,5,4500,5,21375,18000,3375,Debit Card,Zain,4.3
ORD13463,09/12/2025,Johar Town,C1787,Usman Butt,Male,Lahore,Grocery,Tea 475g,Tapal,2,980,0,1960,1640,320,Debit Card,Zain,4.9
ORD13464,06/10/2025,Gulberg,C1384,Maryam Malik,Female,Lahore,Home,Shampoo,Sunsilk,5,620,15,2635,2500,135,JazzCash,Hamza,4
ORD13465,22/03/2025,DHA,C1423,Bilal Iqbal,Female,Lahore,Home,Shampoo,Sunsilk,3,620,15,1581,1500,81,Cash,Umar,4.5
ORD13466,24/09/2025,Wapda Town,C1362,Maryam Khan,Male,Lahore,Beverages,Pepsi 1.5L,Pepsi,1,220,0,220,170,50,JazzCash,Umar,4
ORD13467,08/06/2025,Gulberg,C1667,Ali Iqbal,Male,Lahore,Electronics,Mouse,Logitech,3,1800,20,4320,4200,120,Cash,Ahmed,4.3
ORD13468,25/11/2025,Wapda Town,C1504,Bilal Raza,Female,Lahore,Bakery,Cake,Gourmet,4,900,15,3060,2800,260,Easypaisa,Ali,4.4
ORD13469,17/08/2025,Model Town,C1199,Umar Raza,Female,Lahore,Bakery,Cake,Gourmet,5,900,15,3825,3500,325,Credit Card,Hassan,4.9
ORD13470,30/04/2025,Wapda Town,C1419,Hassan Malik,Female,Lahore,Electronics,Keyboard,A4Tech,4,2800,10,10080,8800,1280,JazzCash,Usman,3.7
ORD13471,21/12/2025,Wapda Town,C1077,Hamza Khan,Male,Lahore,Home,Detergent 1kg,Surf Excel,5,850,0,4250,3400,850,Debit Card,Umar,3.9
ORD13472,09/10/2025,DHA,C1052,Hamza Butt,Male,Lahore,Stationery,Pen,Dollar,2,60,10,108,70,38,JazzCash,Bilal,3.5
ORD13473,21/11/2025,Model Town,C1028,Sara Chaudhry,Female,Lahore,Grocery,Sugar 1kg,Shan,4,180,5,684,600,84,Debit Card,Ali,3.9
ORD13474,28/10/2025,Model Town,C1017,Sara Iqbal,Male,Lahore,Home,Soap,Lux,2,180,15,306,260,46,JazzCash,Ali,4.2
ORD13475,02/06/2025,Model Town,C1374,Hassan Chaudhry,Female,Lahore,Home,Shampoo,Sunsilk,2,620,15,1054,1000,54,JazzCash,Umar,4.7
ORD13476,17/09/2025,Model Town,C1120,Hassan Ahmed,Female,Lahore,Stationery,Marker,Dollar,3,120,10,324,240,84,Credit Card,Bilal,4.9
ORD13477,04/11/2025,Wapda Town,C1328,Usman Iqbal,Female,Lahore,Home,Detergent 1kg,Surf Excel,4,850,5,3230,2720,510,Credit Card,Umar,4.2
ORD13478,23/05/2025,Johar Town,C1228,Fatima Raza,Female,Lahore,Beverages,Coca Cola 1.5L,Coca-Cola,2,220,0,440,340,100,Easypaisa,Zain,4.1
ORD13479,07/02/2025,Wapda Town,C1481,Hamza Iqbal,Female,Lahore,Bakery,Bread,Dawn,5,120,20,480,400,80,JazzCash,Hassan,3.7
ORD13480,06/04/2025,DHA,C1604,Ali Iqbal,Female,Lahore,Bakery,Bread,Dawn,1,120,0,120,80,40,Credit Card,Ali,4.2
ORD13481,14/07/2025,Gulberg,C1331,Maryam Ahmed,Male,Lahore,Electronics,Power Bank,Xiaomi,3,4500,10,12150,10800,1350,Credit Card,Bilal,4.9
ORD13482,29/05/2025,Johar Town,C1193,Sara Malik,Male,Lahore,Home,Detergent 1kg,Surf Excel,4,850,0,3400,2720,680,Cash,Hamza,4
ORD13483,14/04/2025,Model Town,C1322,Sara Khan,Female,Lahore,Electronics,Mouse,Logitech,3,1800,20,4320,4200,120,Debit Card,Usman,4.6
ORD13484,03/03/2025,Model Town,C1574,Ayesha Iqbal,Female,Lahore,Bakery,Cookies,LU,1,250,20,200,180,20,JazzCash,Usman,4.7
ORD13485,01/09/2025,Gulberg,C1603,Ayesha Chaudhry,Male,Lahore,Beverages,Coca Cola 1.5L,Coca-Cola,4,220,5,836,680,156,JazzCash,Hassan,4.8
ORD13486,17/07/2025,Wapda Town,C1511,Fatima Iqbal,Female,Lahore,Home,Detergent 1kg,Surf Excel,5,850,15,3612.5,3400,212.5,Cash,Ahmed,4.5
ORD13487,30/05/2025,Johar Town,C1616,Umar Butt,Male,Lahore,Electronics,Keyboard,A4Tech,1,2800,15,2380,2200,180,Cash,Ahmed,4.9
ORD13488,10/11/2025,Model Town,C1365,Usman Chaudhry,Male,Lahore,Beverages,Nestle Water 1.5L,Nestle,2,90,5,171,120,51,Credit Card,Bilal,4.1
ORD13489,09/01/2025,DHA,C1436,Ayesha Ahmed,Male,Lahore,Electronics,Power Bank,Xiaomi,3,4500,0,13500,10800,2700,Easypaisa,Umar,4
ORD13490,27/10/2025,DHA,C1653,Hamza Ahmed,Female,Lahore,Bakery,Cake,Gourmet,4,900,5,3420,2800,620,Cash,Bilal,3.5
ORD13491,18/06/2025,Gulberg,C1374,Hassan Sheikh,Female,Lahore,Stationery,Pen,Dollar,2,60,20,96,70,26,JazzCash,Umar,3.7
ORD13492,25/09/2025,Model Town,C1759,Maryam Khan,Female,Lahore,Beverages,Nestle Water 1.5L,Nestle,3,90,0,270,180,90,Cash,Hassan,4.8
ORD13493,29/07/2025,Gulberg,C1799,Usman Ahmed,Female,Lahore,Bakery,Cookies,LU,4,250,5,950,720,230,Easypaisa,Hassan,4.3
ORD13494,15/01/2025,Johar Town,C1461,Sara Butt,Male,Lahore,Beverages,Coca Cola 1.5L,Coca-Cola,5,220,10,990,850,140,Credit Card,Usman,4
ORD13495,25/04/2025,Gulberg,C1437,Maryam Malik,Male,Lahore,Home,Detergent 1kg,Surf Excel,4,850,5,3230,2720,510,JazzCash,Zain,4.3
ORD13496,18/01/2025,Johar Town,C1436,Fatima Ahmed,Female,Lahore,Home,Shampoo,Sunsilk,3,620,20,1488,1500,-12,Easypaisa,Usman,3.8
ORD13497,22/07/2025,Model Town,C1487,Ayesha Iqbal,Female,Lahore,Home,Soap,Lux,4,180,0,720,520,200,JazzCash,Zain,4.2
ORD13498,05/05/2025,Gulberg,C1327,Maryam Chaudhry,Female,Lahore,Stationery,Pen,Dollar,3,60,0,180,105,75,Debit Card,Zain,5
ORD13499,31/05/2025,Wapda Town,C1756,Fatima Ahmed,Male,Lahore,Grocery,Cooking Oil 1L,Dalda,3,650,20,1560,1560,0,JazzCash,Zain,4.7
ORD13500,28/09/2025,Model Town,C1516,Bilal Iqbal,Female,Lahore,Home,Detergent 1kg,Surf Excel,2,850,10,1530,1360,170,Debit Card,Ahmed,4.3
ORD13501,20/03/2025,Gulberg,C1379,Ali Chaudhry,Female,Lahore,Electronics,Mouse,Logitech,1,1800,10,1620,1400,220,JazzCash,Hassan,3.7
ORD13502,14/07/2025,Gulberg,C1352,Zain Iqbal,Female,Lahore,Grocery,Basmati Rice 5kg,Guard,4,3200,0,12800,10400,2400,Easypaisa,Ali,3.8
ORD13503,26/05/2025,Gulberg,C1044,Ali Raza,Female,Lahore,Grocery,Sugar 1kg,Shan,4,180,10,648,600,48,JazzCash,Bilal,3.6
ORD13504,25/11/2025,Model Town,C1024,Umar Khan,Female,Lahore,Bakery,Cake,Gourmet,2,900,5,1710,1400,310,Credit Card,Bilal,4.4
ORD13505,20/06/2025,Gulberg,C1695,Hassan Sheikh,Male,Lahore,Home,Shampoo,Sunsilk,3,620,20,1488,1500,-12,JazzCash,Hassan,4.1
ORD13506,07/09/2025,DHA,C1790,Fatima Ahmed,Female,Lahore,Beverages,Pepsi 1.5L,Pepsi,3,220,10,594,510,84,Cash,Hassan,3.9
ORD13507,03/02/2025,DHA,C1663,Zain Sheikh,Female,Lahore,Electronics,Power Bank,Xiaomi,2,4500,10,8100,7200,900,Debit Card,Ahmed,4.7
ORD13508,18/01/2025,Wapda Town,C1019,Bilal Sheikh,Female,Lahore,Electronics,Keyboard,A4Tech,2,2800,20,4480,4400,80,Debit Card,Zain,3.7
ORD13509,06/01/2025,Model Town,C1053,Sara Chaudhry,Male,Lahore,Stationery,Marker,Dollar,4,120,0,480,320,160,Cash,Umar,4.7
ORD13510,30/10/2025,Wapda Town,C1575,Ahmed Malik,Male,Lahore,Bakery,Bread,Dawn,4,120,15,408,320,88,Debit Card,Bilal,4.1
ORD13511,25/02/2025,DHA,C1056,Ahmed Sheikh,Female,Lahore,Stationery,Notebook,Dollar,5,180,0,900,600,300,Credit Card,Bilal,4.9
ORD13512,17/07/2025,Gulberg,C1159,Hamza Malik,Female,Lahore,Beverages,Coca Cola 1.5L,Coca-Cola,4,220,5,836,680,156,Cash,Usman,4.2
ORD13513,31/10/2025,Johar Town,C1775,Sara Iqbal,Female,Lahore,Bakery,Cookies,LU,4,250,5,950,720,230,JazzCash,Bilal,4.2
ORD13514,06/07/2025,Wapda Town,C1463,Ahmed Chaudhry,Male,Lahore,Grocery,Basmati Rice 5kg,Guard,5,3200,20,12800,13000,-200,Debit Card,Ali,4.6
ORD13515,11/09/2025,Johar Town,C1392,Ahmed Raza,Female,Lahore,Grocery,Tea 475g,Tapal,1,980,10,882,820,62,Easypaisa,Ali,4.8
ORD13516,20/06/2025,DHA,C1190,Umar Raza,Female,Lahore,Grocery,Sugar 1kg,Shan,3,180,0,540,450,90,Credit Card,Usman,4.4
ORD13517,01/08/2025,DHA,C1089,Zain Ahmed,Male,Lahore,Stationery,Marker,Dollar,3,120,10,324,240,84,Easypaisa,Ahmed,3.9
ORD13518,17/09/2025,Wapda Town,C1194,Fatima Malik,Female,Lahore,Home,Soap,Lux,2,180,0,360,260,100,Debit Card,Hamza,4.9
ORD13519,26/03/2025,Gulberg,C1722,Ayesha Raza,Male,Lahore,Electronics,Mouse,Logitech,4,1800,15,6120,5600,520,Credit Card,Hamza,3.9
ORD13520,19/05/2025,Johar Town,C1361,Hassan Raza,Male,Lahore,Grocery,Cooking Oil 1L,Dalda,4,650,0,2600,2080,520,Credit Card,Zain,4
ORD13521,14/02/2025,Johar Town,C1091,Hassan Raza,Male,Lahore,Bakery,Bread,Dawn,2,120,15,204,160,44,Credit Card,Zain,3.6
ORD13522,05/01/2025,Johar Town,C1644,Hamza Butt,Female,Lahore,Bakery,Cake,Gourmet,3,900,10,2430,2100,330,Credit Card,Ahmed,4.1
ORD13523,05/10/2025,DHA,C1663,Fatima Butt,Male,Lahore,Bakery,Cake,Gourmet,1,900,20,720,700,20,Easypaisa,Usman,4.2
ORD13524,19/03/2025,Gulberg,C1709,Zain Butt,Male,Lahore,Home,Detergent 1kg,Surf Excel,2,850,10,1530,1360,170,Easypaisa,Ali,4.6
ORD13525,08/05/2025,Model Town,C1254,Hassan Butt,Female,Lahore,Beverages,Coca Cola 1.5L,Coca-Cola,4,220,5,836,680,156,Debit Card,Umar,4.2
ORD13526,08/08/2025,DHA,C1519,Fatima Ahmed,Female,Lahore,Home,Soap,Lux,4,180,20,576,520,56,Easypaisa,Umar,4.5
ORD13527,23/08/2025,DHA,C1275,Sara Malik,Male,Lahore,Electronics,Power Bank,Xiaomi,2,4500,20,7200,7200,0,Debit Card,Hamza,4.2
ORD13528,23/11/2025,Wapda Town,C1267,Maryam Khan,Female,Lahore,Home,Detergent 1kg,Surf Excel,4,850,15,2890,2720,170,Debit Card,Hamza,4.5
ORD13529,13/08/2025,Gulberg,C1196,Ahmed Sheikh,Male,Lahore,Stationery,Marker,Dollar,2,120,5,228,160,68,Debit Card,Ali,4.2
ORD13530,02/11/2025,Gulberg,C1213,Fatima Malik,Male,Lahore,Grocery,Sugar 1kg,Shan,2,180,10,324,300,24,Debit Card,Ali,4.5
ORD13531,07/12/2025,Gulberg,C1408,Umar Raza,Male,Lahore,Stationery,Notebook,Dollar,5,180,0,900,600,300,Debit Card,Hassan,4.1
ORD13532,03/10/2025,Wapda Town,C1542,Maryam Iqbal,Male,Lahore,Grocery,Basmati Rice 5kg,Guard,5,3200,5,15200,13000,2200,Cash,Ali,4
ORD13533,09/12/2025,Gulberg,C1369,Ayesha Malik,Female,Lahore,Beverages,Nestle Water 1.5L,Nestle,4,90,20,288,240,48,Cash,Zain,4.4
ORD13534,13/02/2025,Wapda Town,C1431,Usman Malik,Female,Lahore,Grocery,Tea 475g,Tapal,4,980,0,3920,3280,640,Credit Card,Ahmed,3.9
ORD13535,20/01/2025,DHA,C1507,Fatima Butt,Male,Lahore,Beverages,Coca Cola 1.5L,Coca-Cola,2,220,5,418,340,78,Credit Card,Ali,4.5
ORD13536,09/10/2025,Johar Town,C1346,Ali Sheikh,Male,Lahore,Stationery,Notebook,Dollar,4,180,0,720,480,240,Cash,Ahmed,4.3
ORD13537,17/01/2025,Wapda Town,C1509,Zain Khan,Female,Lahore,Grocery,Sugar 1kg,Shan,4,180,20,576,600,-24,Debit Card,Ali,3.6
ORD13538,10/11/2025,Model Town,C1544,Umar Sheikh,Female,Lahore,Home,Shampoo,Sunsilk,3,620,5,1767,1500,267,Cash,Hassan,4.1
ORD13539,17/02/2025,DHA,C1043,Ayesha Malik,Female,Lahore,Home,Shampoo,Sunsilk,2,620,0,1240,1000,240,Debit Card,Ahmed,4.3
ORD13540,21/08/2025,Gulberg,C1200,Sara Khan,Male,Lahore,Grocery,Sugar 1kg,Shan,2,180,20,288,300,-12,Cash,Ahmed,4
ORD13541,07/12/2025,Model Town,C1008,Zain Butt,Female,Lahore,Home,Detergent 1kg,Surf Excel,4,850,0,3400,2720,680,Easypaisa,Bilal,4.3
ORD13542,17/06/2025,Wapda Town,C1543,Sara Butt,Male,Lahore,Stationery,Pen,Dollar,5,60,20,240,175,65,Debit Card,Usman,4.2
ORD13543,30/09/2025,Wapda Town,C1213,Usman Butt,Female,Lahore,Grocery,Sugar 1kg,Shan,2,180,5,342,300,42,Debit Card,Zain,3.9
ORD13544,27/02/2025,DHA,C1502,Hamza Raza,Male,Lahore,Electronics,Power Bank,Xiaomi,2,4500,20,7200,7200,0,Cash,Hamza,4.7
ORD13545,04/07/2025,Gulberg,C1059,Ayesha Butt,Female,Lahore,Bakery,Cookies,LU,4,250,20,800,720,80,Easypaisa,Hassan,4.1
ORD13546,03/11/2025,DHA,C1654,Zain Iqbal,Male,Lahore,Bakery,Bread,Dawn,4,120,10,432,320,112,Credit Card,Zain,4.3
ORD13547,04/10/2025,Model Town,C1766,Ayesha Khan,Male,Lahore,Home,Soap,Lux,1,180,0,180,130,50,Debit Card,Ali,4.2
ORD13548,16/03/2025,Wapda Town,C1724,Fatima Khan,Female,Lahore,Grocery,Basmati Rice 5kg,Guard,2,3200,10,5760,5200,560,Debit Card,Hassan,3.9
ORD13549,11/07/2025,DHA,C1019,Ahmed Khan,Male,Lahore,Stationery,Pen,Dollar,5,60,15,255,175,80,Credit Card,Hamza,3.5
ORD13550,13/11/2025,Johar Town,C1008,Umar Butt,Male,Lahore,Stationery,Notebook,Dollar,2,180,10,324,240,84,Easypaisa,Ahmed,4.5
ORD13551,17/04/2025,Model Town,C1409,Hassan Malik,Male,Lahore,Grocery,Tea 475g,Tapal,3,980,5,2793,2460,333,Easypaisa,Ali,3.9
ORD13552,09/10/2025,Gulberg,C1487,Ahmed Chaudhry,Male,Lahore,Beverages,Pepsi 1.5L,Pepsi,1,220,0,220,170,50,JazzCash,Bilal,4
ORD13553,09/05/2025,Wapda Town,C1371,Ali Ahmed,Male,Lahore,Grocery,Sugar 1kg,Shan,1,180,20,144,150,-6,Cash,Zain,4.1
ORD13554,14/08/2025,Model Town,C1232,Hamza Iqbal,Male,Lahore,Beverages,Nestle Water 1.5L,Nestle,3,90,5,256.5,180,76.5,Easypaisa,Hamza,3.9
ORD13555,04/04/2025,Johar Town,C1722,Usman Sheikh,Female,Lahore,Electronics,Mouse,Logitech,2,1800,0,3600,2800,800,Cash,Ahmed,4.1
ORD13556,17/06/2025,DHA,C1596,Usman Malik,Female,Lahore,Stationery,Pen,Dollar,1,60,5,57,35,22,Easypaisa,Umar,4.2
ORD13557,11/02/2025,DHA,C1483,Ahmed Chaudhry,Female,Lahore,Stationery,Pen,Dollar,5,60,0,300,175,125,Debit Card,Usman,3.7
ORD13558,11/09/2025,DHA,C1168,Umar Ahmed,Female,Lahore,Stationery,Marker,Dollar,5,120,15,510,400,110,JazzCash,Umar,4.9
ORD13559,25/09/2025,Gulberg,C1411,Maryam Malik,Male,Lahore,Bakery,Cake,Gourmet,5,900,20,3600,3500,100,Easypaisa,Ali,4
ORD13560,28/02/2025,DHA,C1119,Usman Raza,Female,Lahore,Grocery,Basmati Rice 5kg,Guard,3,3200,5,9120,7800,1320,Credit Card,Bilal,4.9
ORD13561,14/08/2025,Gulberg,C1759,Ayesha Raza,Male,Lahore,Beverages,Pepsi 1.5L,Pepsi,2,220,15,374,340,34,JazzCash,Ahmed,4.5
ORD13562,25/07/2025,Gulberg,C1556,Hamza Chaudhry,Male,Lahore,Bakery,Cookies,LU,3,250,10,675,540,135,Debit Card,Bilal,3.5
ORD13563,04/03/2025,Gulberg,C1473,Ali Sheikh,Male,Lahore,Stationery,Notebook,Dollar,4,180,15,612,480,132,Debit Card,Ahmed,3.7
ORD13564,11/12/2025,Johar Town,C1093,Zain Ahmed,Female,Lahore,Beverages,Coca Cola 1.5L,Coca-Cola,2,220,20,352,340,12,Debit Card,Ahmed,4.9
ORD13565,12/06/2025,Model Town,C1266,Ali Khan,Male,Lahore,Home,Shampoo,Sunsilk,4,620,10,2232,2000,232,JazzCash,Ali,4.5
ORD13566,29/11/2025,Model Town,C1741,Ali Chaudhry,Male,Lahore,Stationery,Pen,Dollar,3,60,5,171,105,66,Credit Card,Ali,3.7
ORD13567,24/05/2025,Gulberg,C1126,Bilal Chaudhry,Female,Lahore,Beverages,Coca Cola 1.5L,Coca-Cola,2,220,10,396,340,56,Credit Card,Hamza,4.9
ORD13568,15/03/2025,Johar Town,C1064,Zain Sheikh,Female,Lahore,Electronics,Power Bank,Xiaomi,2,4500,5,8550,7200,1350,Debit Card,Ali,4.7
ORD13569,05/08/2025,Johar Town,C1531,Sara Iqbal,Male,Lahore,Bakery,Cookies,LU,4,250,0,1000,720,280,Credit Card,Usman,3.9
ORD13570,19/12/2025,Gulberg,C1772,Ayesha Raza,Female,Lahore,Home,Soap,Lux,3,180,5,513,390,123,Credit Card,Zain,3.8
ORD13571,30/04/2025,DHA,C1010,Umar Khan,Female,Lahore,Grocery,Tea 475g,Tapal,3,980,20,2352,2460,-108,Credit Card,Ali,3.6
ORD13572,20/04/2025,DHA,C1657,Umar Malik,Male,Lahore,Home,Shampoo,Sunsilk,1,620,5,589,500,89,Cash,Umar,4.3
ORD13573,17/12/2025,Wapda Town,C1701,Maryam Iqbal,Female,Lahore,Grocery,Tea 475g,Tapal,5,980,15,4165,4100,65,Easypaisa,Ahmed,3.7
ORD13574,27/09/2025,DHA,C1650,Bilal Raza,Female,Lahore,Beverages,Pepsi 1.5L,Pepsi,3,220,0,660,510,150,Credit Card,Umar,3.9
ORD13575,17/05/2025,Model Town,C1255,Umar Chaudhry,Male,Lahore,Stationery,Notebook,Dollar,3,180,20,432,360,72,Cash,Hamza,4.3
ORD13576,04/07/2025,Model Town,C1328,Ali Raza,Male,Lahore,Beverages,Coca Cola 1.5L,Coca-Cola,2,220,0,440,340,100,JazzCash,Hassan,4.2
ORD13577,12/02/2025,Wapda Town,C1408,Fatima Chaudhry,Female,Lahore,Stationery,Notebook,Dollar,5,180,10,810,600,210,Cash,Zain,3.8
ORD13578,11/01/2025,Wapda Town,C1359,Ayesha Butt,Male,Lahore,Electronics,Power Bank,Xiaomi,3,4500,0,13500,10800,2700,JazzCash,Bilal,4.2
ORD13579,20/03/2025,Model Town,C1211,Maryam Butt,Female,Lahore,Home,Soap,Lux,5,180,0,900,650,250,Cash,Hamza,4.9
ORD13580,18/02/2025,Model Town,C1182,Maryam Chaudhry,Male,Lahore,Grocery,Sugar 1kg,Shan,3,180,0,540,450,90,JazzCash,Ahmed,4.1
ORD13581,14/04/2025,Model Town,C1597,Hamza Butt,Male,Lahore,Grocery,Basmati Rice 5kg,Guard,2,3200,0,6400,5200,1200,Debit Card,Hassan,3.9
ORD13582,11/02/2025,Model Town,C1141,Hamza Khan,Male,Lahore,Beverages,Coca Cola 1.5L,Coca-Cola,4,220,15,748,680,68,JazzCash,Zain,4.9
ORD13583,08/08/2025,Gulberg,C1268,Ahmed Malik,Female,Lahore,Grocery,Tea 475g,Tapal,2,980,15,1666,1640,26,Debit Card,Umar,4.5
ORD13584,11/09/2025,Model Town,C1239,Maryam Chaudhry,Female,Lahore,Beverages,Pepsi 1.5L,Pepsi,2,220,10,396,340,56,Debit Card,Ali,4.5
ORD13585,08/06/2025,DHA,C1190,Ali Chaudhry,Male,Lahore,Stationery,Notebook,Dollar,1,180,20,144,120,24,Easypaisa,Bilal,3.7
ORD13586,29/11/2025,Wapda Town,C1295,Usman Iqbal,Male,Lahore,Bakery,Cookies,LU,1,250,20,200,180,20,Credit Card,Usman,4.5
ORD13587,18/06/2025,DHA,C1368,Maryam Chaudhry,Female,Lahore,Beverages,Nestle Water 1.5L,Nestle,1,90,20,72,60,12,JazzCash,Hassan,4.1
ORD13588,10/12/2025,Wapda Town,C1357,Ayesha Butt,Male,Lahore,Beverages,Coca Cola 1.5L,Coca-Cola,2,220,15,374,340,34,JazzCash,Ali,4.1
ORD13589,15/12/2025,Gulberg,C1246,Hamza Ahmed,Male,Lahore,Grocery,Cooking Oil 1L,Dalda,5,650,5,3087.5,2600,487.5,Cash,Hassan,4.5
ORD13590,26/01/2025,Johar Town,C1382,Zain Khan,Male,Lahore,Grocery,Basmati Rice 5kg,Guard,4,3200,10,11520,10400,1120,Credit Card,Hamza,5
ORD13591,23/05/2025,Johar Town,C1143,Maryam Butt,Male,Lahore,Bakery,Cookies,LU,1,250,5,237.5,180,57.5,Debit Card,Usman,4.9
ORD13592,13/10/2025,Model Town,C1061,Maryam Raza,Male,Lahore,Home,Detergent 1kg,Surf Excel,5,850,10,3825,3400,425,JazzCash,Ali,3.9
ORD13593,07/01/2025,Wapda Town,C1211,Ayesha Butt,Male,Lahore,Bakery,Cookies,LU,5,250,15,1062.5,900,162.5,Debit Card,Ali,4.1
ORD13594,11/10/2025,Wapda Town,C1007,Sara Malik,Female,Lahore,Beverages,Pepsi 1.5L,Pepsi,4,220,0,880,680,200,Cash,Zain,3.7
ORD13595,29/04/2025,DHA,C1732,Sara Malik,Male,Lahore,Grocery,Tea 475g,Tapal,5,980,10,4410,4100,310,Debit Card,Umar,4.5
ORD13596,29/11/2025,Gulberg,C1099,Hassan Malik,Female,Lahore,Home,Shampoo,Sunsilk,2,620,20,992,1000,-8,Cash,Bilal,4.4
ORD13597,22/07/2025,DHA,C1032,Ayesha Chaudhry,Male,Lahore,Beverages,Coca Cola 1.5L,Coca-Cola,3,220,10,594,510,84,Cash,Zain,4.9
ORD13598,02/07/2025,Johar Town,C1210,Bilal Ahmed,Male,Lahore,Electronics,Power Bank,Xiaomi,5,4500,20,18000,18000,0,JazzCash,Ahmed,4.5
ORD13599,02/04/2025,DHA,C1060,Usman Raza,Female,Lahore,Bakery,Cake,Gourmet,2,900,20,1440,1400,40,Easypaisa,Usman,4.9
ORD13600,21/09/2025,Model Town,C1072,Hamza Sheikh,Female,Lahore,Home,Shampoo,Sunsilk,3,620,5,1767,1500,267,Cash,Zain,4.8
ORD13601,01/05/2025,Gulberg,C1391,Umar Sheikh,Female,Lahore,Beverages,Nestle Water 1.5L,Nestle,1,90,15,76.5,60,16.5,Cash,Hamza,3.8
ORD13602,30/04/2025,Model Town,C1714,Ahmed Ahmed,Female,Lahore,Grocery,Basmati Rice 5kg,Guard,5,3200,0,16000,13000,3000,Credit Card,Hassan,3.5
ORD13603,06/05/2025,DHA,C1702,Ali Malik,Female,Lahore,Home,Detergent 1kg,Surf Excel,1,850,5,807.5,680,127.5,Easypaisa,Ali,5
ORD13604,05/01/2025,Gulberg,C1425,Ahmed Butt,Male,Lahore,Beverages,Coca Cola 1.5L,Coca-Cola,5,220,5,1045,850,195,Cash,Bilal,5
ORD13605,09/07/2025,Johar Town,C1099,Umar Butt,Female,Lahore,Bakery,Bread,Dawn,1,120,15,102,80,22,Easypaisa,Bilal,3.7
ORD13606,09/08/2025,Johar Town,C1369,Hamza Khan,Female,Lahore,Bakery,Cookies,LU,4,250,5,950,720,230,Credit Card,Usman,4.4
ORD13607,07/11/2025,Model Town,C1640,Zain Ahmed,Male,Lahore,Grocery,Sugar 1kg,Shan,2,180,15,306,300,6,Cash,Umar,5
ORD13608,18/01/2025,Wapda Town,C1024,Hassan Iqbal,Female,Lahore,Bakery,Cookies,LU,4,250,20,800,720,80,Cash,Ali,4.4
ORD13609,01/08/2025,DHA,C1446,Hamza Chaudhry,Male,Lahore,Bakery,Cake,Gourmet,3,900,10,2430,2100,330,Easypaisa,Bilal,3.9
ORD13610,05/04/2025,DHA,C1087,Hamza Iqbal,Female,Lahore,Grocery,Sugar 1kg,Shan,3,180,0,540,450,90,Easypaisa,Bilal,3.5
ORD13611,31/03/2025,DHA,C1616,Maryam Malik,Male,Lahore,Grocery,Basmati Rice 5kg,Guard,4,3200,15,10880,10400,480,Cash,Ali,3.8
ORD13612,12/05/2025,DHA,C1756,Zain Khan,Female,Lahore,Stationery,Notebook,Dollar,3,180,0,540,360,180,Easypaisa,Ahmed,4.4
ORD13613,11/05/2025,Wapda Town,C1264,Ali Khan,Male,Lahore,Electronics,Keyboard,A4Tech,3,2800,10,7560,6600,960,Cash,Bilal,3.6
ORD13614,30/05/2025,DHA,C1639,Ayesha Sheikh,Male,Lahore,Stationery,Pen,Dollar,3,60,10,162,105,57,Credit Card,Umar,4
ORD13615,04/07/2025,Wapda Town,C1620,Usman Raza,Female,Lahore,Home,Detergent 1kg,Surf Excel,3,850,20,2040,2040,0,Easypaisa,Usman,4
ORD13616,05/08/2025,Gulberg,C1714,Ayesha Iqbal,Male,Lahore,Grocery,Basmati Rice 5kg,Guard,2,3200,20,5120,5200,-80,Cash,Ali,3.8
ORD13617,24/02/2025,Gulberg,C1571,Zain Ahmed,Female,Lahore,Home,Soap,Lux,2,180,10,324,260,64,JazzCash,Zain,4.4
ORD13618,07/06/2025,Model Town,C1073,Ayesha Raza,Male,Lahore,Beverages,Pepsi 1.5L,Pepsi,3,220,0,660,510,150,Easypaisa,Bilal,4.2
ORD13619,05/09/2025,Gulberg,C1641,Ali Malik,Male,Lahore,Stationery,Marker,Dollar,4,120,5,456,320,136,Debit Card,Ali,4.4
ORD13620,25/07/2025,DHA,C1385,Ahmed Sheikh,Female,Lahore,Home,Detergent 1kg,Surf Excel,2,850,10,1530,1360,170,Credit Card,Bilal,4.1
ORD13621,03/08/2025,Johar Town,C1258,Zain Raza,Male,Lahore,Electronics,Keyboard,A4Tech,5,2800,20,11200,11000,200,JazzCash,Hassan,3.8
ORD13622,04/02/2025,DHA,C1764,Zain Raza,Female,Lahore,Grocery,Cooking Oil 1L,Dalda,4,650,5,2470,2080,390,JazzCash,Usman,4.7
ORD13623,23/08/2025,Gulberg,C1735,Bilal Raza,Female,Lahore,Stationery,Marker,Dollar,3,120,20,288,240,48,Cash,Ahmed,4.4
ORD13624,08/06/2025,Model Town,C1241,Sara Butt,Female,Lahore,Home,Soap,Lux,5,180,10,810,650,160,JazzCash,Umar,4.3
ORD13625,26/11/2025,Model Town,C1429,Bilal Chaudhry,Male,Lahore,Home,Detergent 1kg,Surf Excel,4,850,15,2890,2720,170,Easypaisa,Ahmed,4
ORD13626,21/05/2025,Gulberg,C1551,Ayesha Ahmed,Female,Lahore,Beverages,Coca Cola 1.5L,Coca-Cola,1,220,20,176,170,6,Debit Card,Umar,4
ORD13627,11/08/2025,Gulberg,C1709,Sara Ahmed,Male,Lahore,Home,Soap,Lux,4,180,15,612,520,92,JazzCash,Hassan,4.8
ORD13628,25/03/2025,Wapda Town,C1674,Zain Malik,Male,Lahore,Home,Soap,Lux,2,180,10,324,260,64,Easypaisa,Hamza,4.8
ORD13629,12/09/2025,DHA,C1589,Ahmed Khan,Female,Lahore,Grocery,Sugar 1kg,Shan,4,180,15,612,600,12,Easypaisa,Hassan,4.7
ORD13630,30/10/2025,Gulberg,C1678,Bilal Raza,Female,Lahore,Stationery,Marker,Dollar,4,120,15,408,320,88,Easypaisa,Umar,4.9
ORD13631,26/02/2025,Model Town,C1057,Usman Iqbal,Male,Lahore,Electronics,Mouse,Logitech,3,1800,15,4590,4200,390,Cash,Zain,4.1
ORD13632,25/05/2025,Wapda Town,C1709,Sara Iqbal,Female,Lahore,Electronics,Power Bank,Xiaomi,3,4500,0,13500,10800,2700,Credit Card,Usman,4.1
ORD13633,19/11/2025,Wapda Town,C1276,Hamza Iqbal,Female,Lahore,Beverages,Coca Cola 1.5L,Coca-Cola,3,220,10,594,510,84,Easypaisa,Hamza,4.9
ORD13634,11/12/2025,DHA,C1189,Ali Iqbal,Male,Lahore,Home,Detergent 1kg,Surf Excel,2,850,10,1530,1360,170,JazzCash,Zain,4.9
ORD13635,06/01/2025,Model Town,C1134,Fatima Butt,Female,Lahore,Stationery,Pen,Dollar,2,60,15,102,70,32,Easypaisa,Zain,4.5
ORD13636,12/10/2025,DHA,C1162,Maryam Sheikh,Female,Lahore,Home,Detergent 1kg,Surf Excel,5,850,20,3400,3400,0,Cash,Hassan,4.1
ORD13637,05/08/2025,Model Town,C1446,Zain Raza,Female,Lahore,Bakery,Cake,Gourmet,1,900,5,855,700,155,JazzCash,Usman,4.5
ORD13638,04/11/2025,Gulberg,C1494,Sara Sheikh,Male,Lahore,Electronics,Mouse,Logitech,3,1800,0,5400,4200,1200,Easypaisa,Zain,3.8
ORD13639,11/09/2025,Johar Town,C1285,Ayesha Ahmed,Female,Lahore,Home,Shampoo,Sunsilk,5,620,10,2790,2500,290,Credit Card,Ali,4.4
ORD13640,19/07/2025,DHA,C1023,Zain Chaudhry,Male,Lahore,Beverages,Nestle Water 1.5L,Nestle,4,90,20,288,240,48,Credit Card,Usman,4
ORD13641,20/02/2025,Model Town,C1628,Ayesha Khan,Female,Lahore,Home,Shampoo,Sunsilk,1,620,10,558,500,58,JazzCash,Usman,3.8
ORD13642,02/09/2025,Gulberg,C1202,Hassan Raza,Male,Lahore,Stationery,Notebook,Dollar,1,180,20,144,120,24,Debit Card,Hassan,4.9
ORD13643,03/09/2025,Wapda Town,C1734,Usman Raza,Female,Lahore,Electronics,Mouse,Logitech,2,1800,15,3060,2800,260,Cash,Ahmed,3.6
ORD13644,14/07/2025,Wapda Town,C1121,Ahmed Butt,Female,Lahore,Stationery,Marker,Dollar,3,120,20,288,240,48,Easypaisa,Bilal,3.6
ORD13645,04/02/2025,Wapda Town,C1097,Bilal Sheikh,Female,Lahore,Grocery,Cooking Oil 1L,Dalda,5,650,15,2762.5,2600,162.5,JazzCash,Zain,3.6
ORD13646,12/02/2025,Johar Town,C1577,Maryam Khan,Female,Lahore,Stationery,Notebook,Dollar,1,180,5,171,120,51,JazzCash,Hamza,5
ORD13647,15/12/2025,Johar Town,C1223,Sara Raza,Male,Lahore,Home,Shampoo,Sunsilk,5,620,10,2790,2500,290,JazzCash,Hassan,4.6
ORD13648,02/07/2025,Wapda Town,C1513,Bilal Sheikh,Male,Lahore,Stationery,Marker,Dollar,3,120,5,342,240,102,Easypaisa,Umar,3.9
ORD13649,18/11/2025,Johar Town,C1010,Maryam Butt,Female,Lahore,Bakery,Cake,Gourmet,3,900,0,2700,2100,600,Easypaisa,Usman,4.5
ORD13650,10/02/2025,Model Town,C1163,Hamza Khan,Female,Lahore,Home,Shampoo,Sunsilk,2,620,0,1240,1000,240,Credit Card,Hassan,3.7
ORD13651,16/08/2025,DHA,C1692,Maryam Malik,Female,Lahore,Bakery,Cake,Gourmet,2,900,10,1620,1400,220,Debit Card,Hamza,4.9
ORD13652,25/08/2025,Wapda Town,C1682,Fatima Raza,Male,Lahore,Stationery,Pen,Dollar,5,60,5,285,175,110,Debit Card,Hamza,4.2
ORD13653,17/09/2025,Wapda Town,C1393,Sara Ahmed,Male,Lahore,Home,Soap,Lux,3,180,15,459,390,69,Credit Card,Ahmed,4.2
ORD13654,27/12/2025,Model Town,C1322,Usman Raza,Male,Lahore,Beverages,Nestle Water 1.5L,Nestle,4,90,20,288,240,48,Credit Card,Umar,3.8
ORD13655,07/12/2025,DHA,C1021,Bilal Ahmed,Male,Lahore,Bakery,Bread,Dawn,2,120,0,240,160,80,Easypaisa,Ali,4.4
ORD13656,10/03/2025,Model Town,C1058,Usman Sheikh,Female,Lahore,Bakery,Cookies,LU,2,250,5,475,360,115,Easypaisa,Ali,3.9
ORD13657,22/07/2025,Gulberg,C1597,Hassan Iqbal,Male,Lahore,Beverages,Coca Cola 1.5L,Coca-Cola,3,220,0,660,510,150,Cash,Ali,3.5
ORD13658,28/02/2025,DHA,C1406,Ayesha Malik,Male,Lahore,Stationery,Pen,Dollar,5,60,10,270,175,95,Debit Card,Umar,3.6
ORD13659,24/01/2025,DHA,C1581,Hassan Ahmed,Female,Lahore,Stationery,Marker,Dollar,1,120,15,102,80,22,Credit Card,Hamza,4.9
ORD13660,13/09/2025,Model Town,C1219,Ayesha Malik,Male,Lahore,Beverages,Pepsi 1.5L,Pepsi,2,220,0,440,340,100,JazzCash,Umar,4.7
ORD13661,04/12/2025,DHA,C1580,Usman Sheikh,Male,Lahore,Grocery,Basmati Rice 5kg,Guard,1,3200,0,3200,2600,600,Cash,Usman,4.9
ORD13662,23/03/2025,Gulberg,C1426,Ahmed Malik,Female,Lahore,Stationery,Marker,Dollar,3,120,0,360,240,120,Credit Card,Bilal,4.8
ORD13663,31/10/2025,DHA,C1088,Bilal Malik,Female,Lahore,Home,Soap,Lux,1,180,5,171,130,41,JazzCash,Ahmed,4.8
ORD13664,30/08/2025,Gulberg,C1311,Hamza Khan,Male,Lahore,Grocery,Basmati Rice 5kg,Guard,5,3200,0,16000,13000,3000,Credit Card,Hassan,4.9
ORD13665,29/12/2025,Gulberg,C1155,Ayesha Sheikh,Male,Lahore,Grocery,Sugar 1kg,Shan,5,180,15,765,750,15,Credit Card,Umar,5
ORD13666,07/11/2025,DHA,C1515,Hamza Sheikh,Male,Lahore,Home,Soap,Lux,1,180,10,162,130,32,Credit Card,Umar,4
ORD13667,20/05/2025,DHA,C1776,Ali Sheikh,Female,Lahore,Beverages,Pepsi 1.5L,Pepsi,3,220,15,561,510,51,JazzCash,Hamza,4.6
ORD13668,09/09/2025,Johar Town,C1511,Ayesha Ahmed,Male,Lahore,Electronics,Keyboard,A4Tech,1,2800,20,2240,2200,40,Credit Card,Ali,4.1
ORD13669,08/07/2025,Model Town,C1688,Hamza Iqbal,Female,Lahore,Bakery,Bread,Dawn,1,120,20,96,80,16,Cash,Usman,4.1
ORD13670,08/10/2025,DHA,C1752,Bilal Ahmed,Female,Lahore,Home,Soap,Lux,1,180,10,162,130,32,Credit Card,Usman,4.4
ORD13671,14/05/2025,Gulberg,C1543,Fatima Khan,Female,Lahore,Beverages,Nestle Water 1.5L,Nestle,4,90,15,306,240,66,Cash,Ali,4
ORD13672,05/03/2025,Johar Town,C1421,Fatima Raza,Female,Lahore,Beverages,Coca Cola 1.5L,Coca-Cola,5,220,15,935,850,85,Cash,Bilal,3.7
ORD13673,02/02/2025,Gulberg,C1302,Usman Khan,Female,Lahore,Home,Shampoo,Sunsilk,5,620,20,2480,2500,-20,Easypaisa,Ali,4.2
ORD13674,06/01/2025,DHA,C1226,Umar Iqbal,Female,Lahore,Grocery,Tea 475g,Tapal,5,980,0,4900,4100,800,Debit Card,Hassan,4.4
ORD13675,30/11/2025,Gulberg,C1321,Bilal Ahmed,Female,Lahore,Home,Soap,Lux,4,180,0,720,520,200,Cash,Zain,3.6
ORD13676,11/09/2025,DHA,C1776,Ahmed Khan,Male,Lahore,Home,Detergent 1kg,Surf Excel,1,850,15,722.5,680,42.5,Easypaisa,Umar,4.3
ORD13677,02/04/2025,Model Town,C1448,Ahmed Sheikh,Female,Lahore,Bakery,Cookies,LU,3,250,10,675,540,135,Easypaisa,Ahmed,4.2
ORD13678,07/09/2025,Johar Town,C1182,Fatima Malik,Female,Lahore,Beverages,Nestle Water 1.5L,Nestle,1,90,20,72,60,12,JazzCash,Ali,3.9
ORD13679,06/01/2025,DHA,C1163,Ayesha Butt,Female,Lahore,Stationery,Marker,Dollar,2,120,0,240,160,80,JazzCash,Umar,4.3
ORD13680,11/04/2025,Wapda Town,C1695,Sara Ahmed,Male,Lahore,Home,Soap,Lux,3,180,0,540,390,150,Cash,Zain,4.4
ORD13681,18/05/2025,Wapda Town,C1753,Fatima Khan,Male,Lahore,Electronics,Power Bank,Xiaomi,4,4500,15,15300,14400,900,Debit Card,Usman,4
ORD13682,27/07/2025,Model Town,C1099,Maryam Khan,Male,Lahore,Beverages,Pepsi 1.5L,Pepsi,5,220,5,1045,850,195,Debit Card,Zain,4.2
ORD13683,03/12/2025,Gulberg,C1753,Zain Sheikh,Male,Lahore,Grocery,Basmati Rice 5kg,Guard,4,3200,5,12160,10400,1760,Easypaisa,Ahmed,3.8
ORD13684,10/07/2025,Gulberg,C1326,Ahmed Sheikh,Female,Lahore,Electronics,Power Bank,Xiaomi,3,4500,20,10800,10800,0,Easypaisa,Ali,4.2
ORD13685,31/07/2025,Wapda Town,C1407,Maryam Malik,Female,Lahore,Beverages,Nestle Water 1.5L,Nestle,4,90,10,324,240,84,Cash,Usman,4.7
ORD13686,05/05/2025,Johar Town,C1063,Sara Butt,Male,Lahore,Home,Shampoo,Sunsilk,4,620,5,2356,2000,356,Credit Card,Bilal,4
ORD13687,09/10/2025,Gulberg,C1628,Ayesha Chaudhry,Male,Lahore,Grocery,Tea 475g,Tapal,5,980,10,4410,4100,310,JazzCash,Umar,4.9
ORD13688,02/10/2025,Gulberg,C1053,Zain Khan,Female,Lahore,Beverages,Nestle Water 1.5L,Nestle,3,90,0,270,180,90,Easypaisa,Zain,4.3
ORD13689,21/09/2025,Gulberg,C1775,Ali Raza,Female,Lahore,Electronics,Mouse,Logitech,5,1800,5,8550,7000,1550,Cash,Hassan,4.6
ORD13690,10/06/2025,Wapda Town,C1624,Maryam Chaudhry,Male,Lahore,Stationery,Marker,Dollar,4,120,0,480,320,160,Easypaisa,Bilal,4.3
ORD13691,16/12/2025,Gulberg,C1292,Bilal Chaudhry,Male,Lahore,Beverages,Coca Cola 1.5L,Coca-Cola,3,220,20,528,510,18,Credit Card,Hassan,3.6
ORD13692,29/08/2025,Wapda Town,C1025,Usman Chaudhry,Female,Lahore,Grocery,Cooking Oil 1L,Dalda,4,650,20,2080,2080,0,Credit Card,Zain,3.7
ORD13693,07/04/2025,Gulberg,C1639,Fatima Iqbal,Female,Lahore,Grocery,Basmati Rice 5kg,Guard,3,3200,0,9600,7800,1800,Credit Card,Bilal,4.2
ORD13694,05/10/2025,Johar Town,C1497,Bilal Khan,Female,Lahore,Bakery,Bread,Dawn,5,120,10,540,400,140,Debit Card,Usman,4.3
ORD13695,02/01/2025,Johar Town,C1189,Ali Iqbal,Male,Lahore,Home,Detergent 1kg,Surf Excel,3,850,10,2295,2040,255,JazzCash,Zain,3.6
ORD13696,09/07/2025,Johar Town,C1259,Ayesha Ahmed,Male,Lahore,Grocery,Basmati Rice 5kg,Guard,2,3200,10,5760,5200,560,Easypaisa,Umar,4.5
ORD13697,26/06/2025,Wapda Town,C1765,Maryam Ahmed,Female,Lahore,Grocery,Sugar 1kg,Shan,1,180,5,171,150,21,Cash,Ahmed,4
ORD13698,17/02/2025,Gulberg,C1505,Bilal Khan,Female,Lahore,Electronics,Mouse,Logitech,2,1800,0,3600,2800,800,Credit Card,Ali,4
ORD13699,25/10/2025,Model Town,C1417,Maryam Butt,Female,Lahore,Bakery,Bread,Dawn,2,120,5,228,160,68,JazzCash,Bilal,4.2
ORD13700,19/09/2025,Wapda Town,C1155,Zain Iqbal,Male,Lahore,Home,Shampoo,Sunsilk,2,620,0,1240,1000,240,Debit Card,Ahmed,4.1
ORD13701,27/01/2025,Gulberg,C1450,Ahmed Butt,Female,Lahore,Electronics,Keyboard,A4Tech,2,2800,15,4760,4400,360,Cash,Hassan,4.2
ORD13702,09/11/2025,DHA,C1549,Ahmed Malik,Female,Lahore,Electronics,Power Bank,Xiaomi,1,4500,5,4275,3600,675,Easypaisa,Bilal,4.8
ORD13703,09/08/2025,Johar Town,C1087,Zain Raza,Female,Lahore,Electronics,Mouse,Logitech,4,1800,10,6480,5600,880,JazzCash,Bilal,4.1
ORD13704,04/08/2025,Wapda Town,C1598,Hamza Ahmed,Female,Lahore,Bakery,Bread,Dawn,3,120,0,360,240,120,Easypaisa,Hassan,4.7
ORD13705,25/02/2025,Wapda Town,C1491,Umar Malik,Male,Lahore,Bakery,Cookies,LU,5,250,20,1000,900,100,Cash,Usman,3.8
ORD13706,24/05/2025,Wapda Town,C1538,Zain Malik,Male,Lahore,Beverages,Pepsi 1.5L,Pepsi,2,220,5,418,340,78,JazzCash,Hamza,3.5
ORD13707,16/03/2025,Model Town,C1017,Bilal Khan,Male,Lahore,Electronics,Mouse,Logitech,5,1800,5,8550,7000,1550,Credit Card,Hassan,4.7
ORD13708,07/10/2025,DHA,C1479,Ali Chaudhry,Male,Lahore,Home,Soap,Lux,4,180,20,576,520,56,Easypaisa,Ahmed,4.6
ORD13709,26/08/2025,Model Town,C1437,Hassan Sheikh,Male,Lahore,Electronics,Keyboard,A4Tech,5,2800,20,11200,11000,200,Credit Card,Hassan,5
ORD13710,06/09/2025,Wapda Town,C1151,Hassan Malik,Male,Lahore,Beverages,Nestle Water 1.5L,Nestle,1,90,20,72,60,12,JazzCash,Umar,3.5
ORD13711,08/11/2025,Model Town,C1512,Ali Chaudhry,Female,Lahore,Bakery,Cake,Gourmet,2,900,10,1620,1400,220,Cash,Hamza,3.7
ORD13712,02/01/2025,Model Town,C1472,Fatima Butt,Male,Lahore,Bakery,Cake,Gourmet,4,900,5,3420,2800,620,Easypaisa,Hamza,3.5
ORD13713,13/07/2025,Johar Town,C1499,Sara Khan,Female,Lahore,Home,Shampoo,Sunsilk,5,620,0,3100,2500,600,Debit Card,Zain,3.8
ORD13714,11/12/2025,Gulberg,C1433,Fatima Ahmed,Female,Lahore,Electronics,Keyboard,A4Tech,3,2800,20,6720,6600,120,JazzCash,Usman,3.7
ORD13715,27/05/2025,Gulberg,C1223,Ahmed Khan,Male,Lahore,Grocery,Tea 475g,Tapal,5,980,15,4165,4100,65,JazzCash,Hassan,3.9
ORD13716,03/01/2025,DHA,C1544,Ayesha Khan,Female,Lahore,Bakery,Cake,Gourmet,3,900,10,2430,2100,330,JazzCash,Hassan,3.8
ORD13717,02/08/2025,Johar Town,C1397,Ali Butt,Male,Lahore,Electronics,Power Bank,Xiaomi,4,4500,15,15300,14400,900,Debit Card,Ali,4.5
ORD13718,16/09/2025,Model Town,C1305,Ali Iqbal,Female,Lahore,Stationery,Notebook,Dollar,4,180,15,612,480,132,Credit Card,Hassan,4.5
ORD13719,29/09/2025,Johar Town,C1456,Fatima Butt,Female,Lahore,Home,Shampoo,Sunsilk,5,620,0,3100,2500,600,Debit Card,Umar,3.7
ORD13720,03/08/2025,Gulberg,C1295,Ahmed Iqbal,Female,Lahore,Stationery,Marker,Dollar,5,120,15,510,400,110,Easypaisa,Ali,3.9
ORD13721,14/08/2025,Johar Town,C1123,Ayesha Iqbal,Female,Lahore,Beverages,Nestle Water 1.5L,Nestle,1,90,10,81,60,21,Debit Card,Bilal,4.2
ORD13722,05/11/2025,Johar Town,C1114,Ayesha Butt,Female,Lahore,Electronics,Power Bank,Xiaomi,3,4500,5,12825,10800,2025,Debit Card,Ahmed,4
ORD13723,12/11/2025,Gulberg,C1541,Bilal Khan,Female,Lahore,Home,Soap,Lux,4,180,5,684,520,164,JazzCash,Bilal,4.6
ORD13724,25/07/2025,Model Town,C1460,Bilal Sheikh,Female,Lahore,Electronics,Mouse,Logitech,1,1800,10,1620,1400,220,Debit Card,Ali,4.4
ORD13725,24/12/2025,DHA,C1647,Usman Iqbal,Female,Lahore,Home,Shampoo,Sunsilk,3,620,15,1581,1500,81,Credit Card,Usman,3.9
ORD13726,15/10/2025,Wapda Town,C1183,Sara Khan,Female,Lahore,Home,Soap,Lux,4,180,5,684,520,164,Debit Card,Usman,5
ORD13727,04/08/2025,Model Town,C1683,Ali Ahmed,Female,Lahore,Home,Shampoo,Sunsilk,3,620,0,1860,1500,360,Credit Card,Ali,3.8
ORD13728,25/03/2025,Model Town,C1688,Fatima Malik,Male,Lahore,Home,Shampoo,Sunsilk,2,620,20,992,1000,-8,JazzCash,Usman,4.7
ORD13729,02/10/2025,Johar Town,C1159,Hamza Raza,Female,Lahore,Stationery,Marker,Dollar,5,120,15,510,400,110,JazzCash,Hamza,3.8
ORD13730,31/07/2025,DHA,C1412,Hamza Chaudhry,Female,Lahore,Home,Detergent 1kg,Surf Excel,1,850,5,807.5,680,127.5,JazzCash,Ahmed,4.3
ORD13731,09/06/2025,Wapda Town,C1165,Umar Butt,Female,Lahore,Beverages,Coca Cola 1.5L,Coca-Cola,1,220,10,198,170,28,Debit Card,Zain,3.5
ORD13732,24/07/2025,Model Town,C1423,Bilal Sheikh,Male,Lahore,Grocery,Basmati Rice 5kg,Guard,1,3200,5,3040,2600,440,JazzCash,Hamza,3.6
ORD13733,06/11/2025,Wapda Town,C1109,Umar Sheikh,Female,Lahore,Grocery,Basmati Rice 5kg,Guard,1,3200,0,3200,2600,600,JazzCash,Zain,4
ORD13734,09/06/2025,Gulberg,C1486,Fatima Raza,Female,Lahore,Stationery,Notebook,Dollar,1,180,0,180,120,60,Debit Card,Umar,4.6
ORD13735,30/11/2025,Johar Town,C1732,Usman Iqbal,Female,Lahore,Stationery,Notebook,Dollar,1,180,10,162,120,42,Debit Card,Ahmed,4.2
ORD13736,12/04/2025,DHA,C1793,Umar Ahmed,Male,Lahore,Beverages,Pepsi 1.5L,Pepsi,4,220,15,748,680,68,Easypaisa,Ahmed,4.4
ORD13737,14/12/2025,Model Town,C1096,Hassan Raza,Male,Lahore,Stationery,Pen,Dollar,1,60,0,60,35,25,Debit Card,Zain,3.6
ORD13738,12/01/2025,Model Town,C1431,Bilal Malik,Female,Lahore,Home,Soap,Lux,2,180,5,342,260,82,JazzCash,Bilal,4.6
ORD13739,31/07/2025,Gulberg,C1328,Hassan Raza,Female,Lahore,Electronics,Mouse,Logitech,4,1800,10,6480,5600,880,Easypaisa,Bilal,3.6
ORD13740,30/07/2025,Wapda Town,C1361,Hassan Chaudhry,Female,Lahore,Grocery,Cooking Oil 1L,Dalda,5,650,10,2925,2600,325,Credit Card,Umar,4.9
ORD13741,16/10/2025,Gulberg,C1690,Hamza Iqbal,Male,Lahore,Stationery,Notebook,Dollar,1,180,10,162,120,42,JazzCash,Usman,4.6
ORD13742,26/01/2025,Gulberg,C1675,Hassan Butt,Female,Lahore,Grocery,Tea 475g,Tapal,3,980,5,2793,2460,333,Easypaisa,Bilal,3.9
ORD13743,28/05/2025,DHA,C1354,Zain Chaudhry,Female,Lahore,Beverages,Pepsi 1.5L,Pepsi,2,220,20,352,340,12,Easypaisa,Bilal,4.8
ORD13744,28/01/2025,DHA,C1652,Zain Sheikh,Female,Lahore,Electronics,Keyboard,A4Tech,4,2800,5,10640,8800,1840,JazzCash,Umar,3.7
ORD13745,19/09/2025,Wapda Town,C1011,Umar Chaudhry,Male,Lahore,Beverages,Nestle Water 1.5L,Nestle,3,90,0,270,180,90,Cash,Ahmed,4.4
ORD13746,15/08/2025,Wapda Town,C1521,Usman Malik,Male,Lahore,Bakery,Cookies,LU,3,250,5,712.5,540,172.5,Easypaisa,Bilal,3.7
ORD13747,07/03/2025,Wapda Town,C1358,Sara Chaudhry,Male,Lahore,Bakery,Bread,Dawn,4,120,10,432,320,112,Debit Card,Bilal,4.3
ORD13748,06/02/2025,Wapda Town,C1587,Sara Ahmed,Female,Lahore,Grocery,Sugar 1kg,Shan,3,180,15,459,450,9,JazzCash,Bilal,3.8
ORD13749,14/12/2025,Johar Town,C1790,Hassan Raza,Male,Lahore,Electronics,Keyboard,A4Tech,3,2800,0,8400,6600,1800,Credit Card,Bilal,3.6
ORD13750,28/08/2025,Model Town,C1668,Hassan Ahmed,Male,Lahore,Stationery,Notebook,Dollar,5,180,0,900,600,300,JazzCash,Zain,4.4
ORD13751,30/05/2025,DHA,C1334,Sara Khan,Female,Lahore,Beverages,Coca Cola 1.5L,Coca-Cola,4,220,20,704,680,24,Debit Card,Ali,3.7
ORD13752,25/03/2025,Model Town,C1316,Zain Butt,Male,Lahore,Grocery,Basmati Rice 5kg,Guard,1,3200,5,3040,2600,440,JazzCash,Ali,4
ORD13753,15/05/2025,Johar Town,C1786,Ayesha Chaudhry,Male,Lahore,Home,Shampoo,Sunsilk,5,620,20,2480,2500,-20,Easypaisa,Ahmed,4.1
ORD13754,15/01/2025,Gulberg,C1654,Umar Butt,Female,Lahore,Home,Detergent 1kg,Surf Excel,5,850,10,3825,3400,425,Debit Card,Usman,4.2
ORD13755,02/04/2025,Model Town,C1343,Ayesha Butt,Male,Lahore,Electronics,Power Bank,Xiaomi,2,4500,5,8550,7200,1350,Easypaisa,Ahmed,3.9
ORD13756,09/09/2025,Johar Town,C1452,Sara Chaudhry,Female,Lahore,Grocery,Tea 475g,Tapal,5,980,20,3920,4100,-180,Credit Card,Usman,4.6
ORD13757,30/11/2025,Model Town,C1200,Umar Ahmed,Female,Lahore,Beverages,Nestle Water 1.5L,Nestle,5,90,20,360,300,60,Credit Card,Bilal,3.9
ORD13758,14/12/2025,DHA,C1464,Maryam Butt,Male,Lahore,Bakery,Cake,Gourmet,2,900,20,1440,1400,40,Easypaisa,Usman,4.6
ORD13759,10/01/2025,DHA,C1618,Maryam Iqbal,Male,Lahore,Grocery,Tea 475g,Tapal,3,980,0,2940,2460,480,Easypaisa,Bilal,4.2
ORD13760,06/10/2025,DHA,C1753,Hassan Malik,Male,Lahore,Stationery,Pen,Dollar,1,60,10,54,35,19,Cash,Umar,4.4
ORD13761,27/04/2025,DHA,C1393,Ahmed Sheikh,Male,Lahore,Grocery,Cooking Oil 1L,Dalda,3,650,15,1657.5,1560,97.5,Easypaisa,Hamza,4
ORD13762,26/01/2025,Gulberg,C1176,Ayesha Sheikh,Female,Lahore,Beverages,Pepsi 1.5L,Pepsi,1,220,0,220,170,50,JazzCash,Zain,4.8
ORD13763,25/09/2025,DHA,C1124,Zain Butt,Female,Lahore,Stationery,Pen,Dollar,1,60,0,60,35,25,Debit Card,Ahmed,4.8
ORD13764,04/08/2025,DHA,C1221,Ayesha Sheikh,Male,Lahore,Beverages,Pepsi 1.5L,Pepsi,5,220,0,1100,850,250,Debit Card,Umar,4.5
ORD13765,17/12/2025,Model Town,C1794,Usman Butt,Female,Lahore,Beverages,Nestle Water 1.5L,Nestle,4,90,10,324,240,84,JazzCash,Umar,4
ORD13766,15/02/2025,Johar Town,C1552,Ayesha Butt,Male,Lahore,Grocery,Sugar 1kg,Shan,2,180,10,324,300,24,Easypaisa,Zain,4.2
ORD13767,09/04/2025,DHA,C1670,Sara Raza,Male,Lahore,Stationery,Notebook,Dollar,3,180,10,486,360,126,JazzCash,Hamza,4.5
ORD13768,11/06/2025,DHA,C1686,Hassan Raza,Male,Lahore,Stationery,Marker,Dollar,4,120,5,456,320,136,JazzCash,Usman,4.7
ORD13769,17/08/2025,Johar Town,C1682,Zain Sheikh,Female,Lahore,Stationery,Notebook,Dollar,3,180,15,459,360,99,Cash,Umar,3.6
ORD13770,12/12/2025,Gulberg,C1032,Hassan Ahmed,Female,Lahore,Grocery,Cooking Oil 1L,Dalda,3,650,0,1950,1560,390,Easypaisa,Usman,5
ORD13771,02/09/2025,DHA,C1760,Hamza Sheikh,Female,Lahore,Electronics,Power Bank,Xiaomi,1,4500,10,4050,3600,450,Cash,Hamza,4.7
ORD13772,24/08/2025,DHA,C1056,Maryam Raza,Male,Lahore,Stationery,Pen,Dollar,1,60,0,60,35,25,Credit Card,Ahmed,4.7
ORD13773,01/01/2025,Model Town,C1388,Maryam Raza,Female,Lahore,Beverages,Coca Cola 1.5L,Coca-Cola,3,220,10,594,510,84,Credit Card,Hamza,4.8
ORD13774,22/07/2025,Johar Town,C1603,Zain Chaudhry,Female,Lahore,Electronics,Power Bank,Xiaomi,4,4500,5,17100,14400,2700,Credit Card,Ali,4.6
ORD13775,22/06/2025,Wapda Town,C1022,Maryam Butt,Male,Lahore,Grocery,Tea 475g,Tapal,5,980,10,4410,4100,310,Debit Card,Ahmed,4.4
ORD13776,02/06/2025,DHA,C1720,Ayesha Khan,Female,Lahore,Home,Shampoo,Sunsilk,2,620,0,1240,1000,240,Cash,Hamza,4.9
ORD13777,21/06/2025,DHA,C1209,Bilal Butt,Male,Lahore,Beverages,Coca Cola 1.5L,Coca-Cola,2,220,0,440,340,100,Easypaisa,Ali,4.5
ORD13778,02/08/2025,Wapda Town,C1665,Umar Ahmed,Female,Lahore,Beverages,Nestle Water 1.5L,Nestle,2,90,0,180,120,60,Cash,Umar,3.7
ORD13779,26/01/2025,Wapda Town,C1056,Hassan Sheikh,Female,Lahore,Home,Soap,Lux,1,180,15,153,130,23,Cash,Zain,4.4
ORD13780,18/05/2025,Model Town,C1454,Sara Sheikh,Male,Lahore,Grocery,Basmati Rice 5kg,Guard,4,3200,20,10240,10400,-160,Cash,Bilal,4.1
ORD13781,17/01/2025,Wapda Town,C1473,Bilal Sheikh,Male,Lahore,Bakery,Cake,Gourmet,4,900,0,3600,2800,800,Debit Card,Usman,4.4
ORD13782,19/09/2025,Wapda Town,C1530,Bilal Chaudhry,Female,Lahore,Beverages,Pepsi 1.5L,Pepsi,5,220,15,935,850,85,JazzCash,Usman,3.9
ORD13783,21/04/2025,Wapda Town,C1759,Umar Sheikh,Male,Lahore,Home,Soap,Lux,5,180,15,765,650,115,Easypaisa,Bilal,4.9
ORD13784,06/04/2025,Wapda Town,C1731,Ayesha Ahmed,Female,Lahore,Stationery,Notebook,Dollar,1,180,0,180,120,60,Credit Card,Umar,4.7
ORD13785,30/10/2025,Johar Town,C1394,Ayesha Butt,Male,Lahore,Electronics,Mouse,Logitech,1,1800,5,1710,1400,310,Cash,Zain,4.1
ORD13786,25/09/2025,Johar Town,C1548,Usman Raza,Female,Lahore,Grocery,Sugar 1kg,Shan,1,180,20,144,150,-6,Credit Card,Ali,4.5
ORD13787,19/08/2025,Wapda Town,C1286,Zain Butt,Male,Lahore,Grocery,Tea 475g,Tapal,3,980,0,2940,2460,480,Cash,Zain,4.9
ORD13788,29/07/2025,Gulberg,C1229,Ahmed Ahmed,Female,Lahore,Stationery,Notebook,Dollar,4,180,20,576,480,96,Cash,Ali,4.6
ORD13789,15/07/2025,Model Town,C1609,Ali Raza,Female,Lahore,Bakery,Bread,Dawn,1,120,10,108,80,28,Credit Card,Bilal,4.4
ORD13790,31/01/2025,DHA,C1101,Sara Malik,Female,Lahore,Electronics,Power Bank,Xiaomi,5,4500,0,22500,18000,4500,Debit Card,Umar,4.3
ORD13791,17/02/2025,Johar Town,C1445,Fatima Khan,Male,Lahore,Stationery,Marker,Dollar,1,120,20,96,80,16,JazzCash,Hamza,4.9
ORD13792,26/01/2025,DHA,C1316,Ahmed Sheikh,Female,Lahore,Stationery,Pen,Dollar,5,60,0,300,175,125,Easypaisa,Ali,3.7
ORD13793,27/08/2025,Johar Town,C1003,Umar Chaudhry,Male,Lahore,Stationery,Notebook,Dollar,5,180,10,810,600,210,JazzCash,Ahmed,4
ORD13794,23/09/2025,DHA,C1695,Ali Raza,Female,Lahore,Stationery,Pen,Dollar,5,60,5,285,175,110,Easypaisa,Zain,4.6
ORD13795,01/04/2025,Gulberg,C1203,Ahmed Iqbal,Male,Lahore,Electronics,Mouse,Logitech,1,1800,5,1710,1400,310,JazzCash,Hamza,3.6
ORD13796,27/06/2025,Johar Town,C1792,Usman Raza,Female,Lahore,Bakery,Cake,Gourmet,5,900,15,3825,3500,325,Easypaisa,Hamza,3.9
ORD13797,21/02/2025,Wapda Town,C1217,Usman Iqbal,Male,Lahore,Bakery,Cookies,LU,5,250,10,1125,900,225,JazzCash,Ahmed,3.6
ORD13798,11/03/2025,Wapda Town,C1138,Usman Chaudhry,Female,Lahore,Home,Detergent 1kg,Surf Excel,2,850,10,1530,1360,170,Easypaisa,Ahmed,4.3
ORD13799,23/10/2025,Wapda Town,C1177,Hassan Iqbal,Female,Lahore,Electronics,Power Bank,Xiaomi,2,4500,15,7650,7200,450,Credit Card,Hassan,4.5
ORD13800,12/05/2025,Wapda Town,C1649,Ali Ahmed,Male,Lahore,Bakery,Bread,Dawn,1,120,5,114,80,34,Credit Card,Zain,4.2
ORD13801,05/11/2025,Johar Town,C1638,Fatima Iqbal,Female,Lahore,Electronics,Mouse,Logitech,3,1800,0,5400,4200,1200,Debit Card,Usman,4.9
ORD13802,15/04/2025,Johar Town,C1625,Ayesha Malik,Male,Lahore,Home,Soap,Lux,1,180,20,144,130,14,Easypaisa,Zain,4.8
ORD13803,13/06/2025,DHA,C1241,Bilal Butt,Male,Lahore,Beverages,Nestle Water 1.5L,Nestle,2,90,5,171,120,51,Debit Card,Zain,4.7
ORD13804,05/09/2025,Johar Town,C1565,Ali Chaudhry,Male,Lahore,Bakery,Cookies,LU,3,250,15,637.5,540,97.5,Debit Card,Zain,3.5
ORD13805,04/08/2025,Wapda Town,C1046,Bilal Butt,Female,Lahore,Stationery,Pen,Dollar,3,60,10,162,105,57,Cash,Umar,4.8
ORD13806,05/10/2025,DHA,C1753,Hamza Chaudhry,Male,Lahore,Beverages,Nestle Water 1.5L,Nestle,4,90,5,342,240,102,JazzCash,Hassan,4.8
ORD13807,20/08/2025,Wapda Town,C1475,Maryam Malik,Female,Lahore,Grocery,Tea 475g,Tapal,2,980,10,1764,1640,124,Cash,Ahmed,4.1
ORD13808,03/10/2025,Johar Town,C1774,Hassan Ahmed,Female,Lahore,Beverages,Nestle Water 1.5L,Nestle,2,90,15,153,120,33,Easypaisa,Zain,4.8
ORD13809,02/02/2025,Model Town,C1766,Ali Malik,Female,Lahore,Grocery,Sugar 1kg,Shan,2,180,5,342,300,42,Cash,Bilal,4.9
ORD13810,16/08/2025,Wapda Town,C1714,Zain Sheikh,Male,Lahore,Home,Soap,Lux,4,180,20,576,520,56,Easypaisa,Ali,3.9
ORD13811,14/08/2025,Gulberg,C1538,Ali Iqbal,Male,Lahore,Bakery,Cake,Gourmet,5,900,15,3825,3500,325,JazzCash,Usman,4.3
ORD13812,26/10/2025,Johar Town,C1671,Hassan Sheikh,Female,Lahore,Bakery,Cake,Gourmet,1,900,5,855,700,155,Easypaisa,Zain,4.8
ORD13813,27/11/2025,DHA,C1117,Usman Iqbal,Female,Lahore,Home,Soap,Lux,3,180,10,486,390,96,Debit Card,Usman,3.7
ORD13814,05/10/2025,DHA,C1693,Bilal Butt,Female,Lahore,Stationery,Notebook,Dollar,3,180,15,459,360,99,Cash,Hassan,4.3
ORD13815,18/08/2025,Wapda Town,C1607,Zain Malik,Female,Lahore,Grocery,Tea 475g,Tapal,1,980,15,833,820,13,Credit Card,Ali,3.6
ORD13816,16/07/2025,Johar Town,C1632,Usman Ahmed,Female,Lahore,Stationery,Marker,Dollar,2,120,20,192,160,32,Debit Card,Hamza,3.5
ORD13817,22/12/2025,Model Town,C1109,Ali Malik,Female,Lahore,Beverages,Coca Cola 1.5L,Coca-Cola,5,220,10,990,850,140,Debit Card,Ahmed,4
ORD13818,03/11/2025,DHA,C1642,Ali Sheikh,Female,Lahore,Electronics,Power Bank,Xiaomi,4,4500,5,17100,14400,2700,Cash,Usman,3.8
ORD13819,28/03/2025,Wapda Town,C1692,Ali Sheikh,Male,Lahore,Bakery,Cake,Gourmet,5,900,20,3600,3500,100,JazzCash,Ali,3.6
ORD13820,02/01/2025,Johar Town,C1210,Maryam Sheikh,Male,Lahore,Home,Detergent 1kg,Surf Excel,3,850,20,2040,2040,0,Debit Card,Hamza,4.3
ORD13821,17/09/2025,DHA,C1268,Bilal Malik,Female,Lahore,Stationery,Pen,Dollar,5,60,20,240,175,65,Debit Card,Ali,4.8
ORD13822,30/03/2025,Model Town,C1218,Fatima Malik,Male,Lahore,Home,Shampoo,Sunsilk,4,620,15,2108,2000,108,JazzCash,Ali,4.5
ORD13823,16/09/2025,DHA,C1716,Hassan Khan,Female,Lahore,Grocery,Sugar 1kg,Shan,2,180,20,288,300,-12,JazzCash,Umar,4
ORD13824,12/07/2025,Gulberg,C1569,Ahmed Khan,Male,Lahore,Bakery,Cake,Gourmet,3,900,5,2565,2100,465,JazzCash,Umar,3.9
ORD13825,27/03/2025,Gulberg,C1164,Umar Iqbal,Female,Lahore,Bakery,Bread,Dawn,2,120,0,240,160,80,Credit Card,Hamza,3.5
ORD13826,30/01/2025,Johar Town,C1074,Ayesha Ahmed,Female,Lahore,Beverages,Nestle Water 1.5L,Nestle,2,90,0,180,120,60,Cash,Bilal,3.8
ORD13827,06/05/2025,Wapda Town,C1565,Ahmed Ahmed,Female,Lahore,Beverages,Coca Cola 1.5L,Coca-Cola,3,220,20,528,510,18,JazzCash,Usman,3.5
ORD13828,22/04/2025,DHA,C1134,Ayesha Butt,Female,Lahore,Grocery,Sugar 1kg,Shan,1,180,15,153,150,3,Cash,Ali,3.5
ORD13829,26/06/2025,Gulberg,C1471,Sara Butt,Female,Lahore,Beverages,Pepsi 1.5L,Pepsi,1,220,0,220,170,50,Cash,Hassan,4.1
ORD13830,23/11/2025,Gulberg,C1077,Hassan Chaudhry,Male,Lahore,Beverages,Pepsi 1.5L,Pepsi,2,220,20,352,340,12,Debit Card,Ahmed,4.8
ORD13831,01/12/2025,Gulberg,C1077,Bilal Sheikh,Female,Lahore,Bakery,Bread,Dawn,5,120,10,540,400,140,Cash,Hassan,4.7
ORD13832,19/01/2025,Johar Town,C1038,Zain Raza,Female,Lahore,Home,Soap,Lux,2,180,15,306,260,46,Cash,Ahmed,4.2
ORD13833,15/04/2025,Johar Town,C1212,Hamza Khan,Male,Lahore,Stationery,Marker,Dollar,3,120,5,342,240,102,Easypaisa,Usman,4.1
ORD13834,16/06/2025,DHA,C1387,Ahmed Chaudhry,Male,Lahore,Grocery,Basmati Rice 5kg,Guard,3,3200,20,7680,7800,-120,Cash,Zain,4.5
ORD13835,23/06/2025,Gulberg,C1606,Umar Chaudhry,Male,Lahore,Grocery,Cooking Oil 1L,Dalda,2,650,5,1235,1040,195,Cash,Usman,3.9
ORD13836,01/01/2025,DHA,C1581,Zain Sheikh,Female,Lahore,Home,Soap,Lux,1,180,5,171,130,41,Credit Card,Hassan,3.9
ORD13837,26/01/2025,DHA,C1493,Bilal Malik,Male,Lahore,Beverages,Coca Cola 1.5L,Coca-Cola,2,220,20,352,340,12,JazzCash,Ali,4.4
ORD13838,16/09/2025,DHA,C1105,Umar Butt,Female,Lahore,Grocery,Basmati Rice 5kg,Guard,1,3200,20,2560,2600,-40,Easypaisa,Zain,3.6
ORD13839,08/06/2025,DHA,C1401,Hamza Khan,Male,Lahore,Home,Shampoo,Sunsilk,2,620,0,1240,1000,240,Debit Card,Bilal,4.7
ORD13840,09/07/2025,DHA,C1659,Usman Khan,Male,Lahore,Electronics,Power Bank,Xiaomi,3,4500,15,11475,10800,675,JazzCash,Ali,4.6
ORD13841,03/11/2025,Gulberg,C1098,Umar Iqbal,Male,Lahore,Grocery,Cooking Oil 1L,Dalda,2,650,5,1235,1040,195,JazzCash,Ahmed,4.1
ORD13842,09/01/2025,Gulberg,C1468,Hamza Ahmed,Male,Lahore,Bakery,Bread,Dawn,4,120,10,432,320,112,Easypaisa,Umar,4.2
ORD13843,01/07/2025,Model Town,C1664,Usman Butt,Female,Lahore,Grocery,Sugar 1kg,Shan,4,180,0,720,600,120,Debit Card,Hamza,4
ORD13844,03/10/2025,Johar Town,C1011,Usman Khan,Female,Lahore,Stationery,Marker,Dollar,5,120,15,510,400,110,JazzCash,Umar,3.6
ORD13845,16/01/2025,DHA,C1500,Umar Raza,Male,Lahore,Beverages,Coca Cola 1.5L,Coca-Cola,3,220,5,627,510,117,Credit Card,Bilal,4.7
ORD13846,30/12/2025,Model Town,C1303,Hamza Malik,Male,Lahore,Stationery,Pen,Dollar,1,60,20,48,35,13,Credit Card,Zain,4.4
ORD13847,01/07/2025,Wapda Town,C1019,Umar Iqbal,Female,Lahore,Grocery,Basmati Rice 5kg,Guard,1,3200,5,3040,2600,440,Easypaisa,Hassan,5
ORD13848,06/08/2025,Wapda Town,C1261,Hassan Sheikh,Male,Lahore,Electronics,Mouse,Logitech,4,1800,5,6840,5600,1240,Cash,Ahmed,4.3
ORD13849,23/03/2025,Gulberg,C1271,Maryam Sheikh,Female,Lahore,Electronics,Keyboard,A4Tech,1,2800,20,2240,2200,40,Easypaisa,Ahmed,3.7
ORD13850,12/04/2025,Gulberg,C1504,Ali Sheikh,Male,Lahore,Home,Detergent 1kg,Surf Excel,4,850,10,3060,2720,340,Debit Card,Usman,4
ORD13851,21/06/2025,DHA,C1761,Ahmed Chaudhry,Female,Lahore,Electronics,Mouse,Logitech,1,1800,5,1710,1400,310,Debit Card,Usman,4.3
ORD13852,22/10/2025,DHA,C1273,Zain Khan,Male,Lahore,Electronics,Keyboard,A4Tech,1,2800,15,2380,2200,180,Easypaisa,Hassan,5
ORD13853,18/08/2025,DHA,C1568,Usman Ahmed,Female,Lahore,Bakery,Bread,Dawn,3,120,20,288,240,48,Debit Card,Hassan,3.8
ORD13854,09/11/2025,Gulberg,C1780,Fatima Butt,Female,Lahore,Stationery,Pen,Dollar,5,60,0,300,175,125,Credit Card,Hamza,4.9
ORD13855,11/03/2025,DHA,C1739,Umar Chaudhry,Female,Lahore,Grocery,Tea 475g,Tapal,3,980,15,2499,2460,39,Credit Card,Umar,4.3
ORD13856,02/07/2025,Wapda Town,C1268,Hamza Khan,Male,Lahore,Home,Detergent 1kg,Surf Excel,3,850,0,2550,2040,510,Credit Card,Hassan,4.7
ORD13857,21/10/2025,Model Town,C1016,Sara Butt,Female,Lahore,Bakery,Cake,Gourmet,2,900,10,1620,1400,220,Cash,Ahmed,3.7
ORD13858,26/06/2025,Johar Town,C1542,Zain Butt,Female,Lahore,Stationery,Pen,Dollar,1,60,10,54,35,19,Credit Card,Usman,3.5
ORD13859,06/04/2025,DHA,C1578,Ahmed Ahmed,Male,Lahore,Stationery,Marker,Dollar,5,120,15,510,400,110,Credit Card,Usman,4.3
ORD13860,16/04/2025,Gulberg,C1444,Ayesha Malik,Male,Lahore,Bakery,Bread,Dawn,3,120,5,342,240,102,JazzCash,Hassan,4.7
ORD13861,27/04/2025,Gulberg,C1756,Umar Chaudhry,Female,Lahore,Bakery,Cake,Gourmet,3,900,0,2700,2100,600,Easypaisa,Usman,4.5
ORD13862,03/02/2025,DHA,C1014,Ayesha Ahmed,Female,Lahore,Bakery,Cake,Gourmet,1,900,0,900,700,200,Cash,Zain,5
ORD13863,31/05/2025,Model Town,C1606,Ahmed Raza,Male,Lahore,Electronics,Keyboard,A4Tech,3,2800,0,8400,6600,1800,JazzCash,Umar,4.7
ORD13864,30/08/2025,Gulberg,C1791,Maryam Iqbal,Female,Lahore,Beverages,Nestle Water 1.5L,Nestle,3,90,5,256.5,180,76.5,Easypaisa,Umar,4.1
ORD13865,11/06/2025,Wapda Town,C1387,Usman Sheikh,Male,Lahore,Bakery,Cookies,LU,5,250,5,1187.5,900,287.5,Debit Card,Umar,3.8
ORD13866,16/05/2025,Wapda Town,C1081,Sara Khan,Female,Lahore,Beverages,Coca Cola 1.5L,Coca-Cola,1,220,5,209,170,39,Easypaisa,Hamza,4.6
ORD13867,16/12/2025,DHA,C1196,Ali Chaudhry,Female,Lahore,Grocery,Sugar 1kg,Shan,1,180,5,171,150,21,JazzCash,Hassan,3.7
ORD13868,23/10/2025,Gulberg,C1657,Zain Sheikh,Male,Lahore,Bakery,Cookies,LU,4,250,20,800,720,80,Credit Card,Ali,4.4
ORD13869,30/08/2025,Johar Town,C1439,Maryam Malik,Female,Lahore,Grocery,Cooking Oil 1L,Dalda,3,650,5,1852.5,1560,292.5,Credit Card,Hassan,4.2
ORD13870,01/10/2025,Wapda Town,C1270,Hassan Raza,Male,Lahore,Grocery,Basmati Rice 5kg,Guard,2,3200,0,6400,5200,1200,Debit Card,Zain,4.8
ORD13871,04/09/2025,Johar Town,C1424,Ahmed Ahmed,Male,Lahore,Stationery,Notebook,Dollar,4,180,20,576,480,96,Credit Card,Umar,4.1
ORD13872,29/03/2025,Model Town,C1552,Ayesha Malik,Female,Lahore,Grocery,Tea 475g,Tapal,2,980,10,1764,1640,124,Credit Card,Ali,3.9
ORD13873,15/06/2025,Johar Town,C1066,Zain Ahmed,Female,Lahore,Electronics,Keyboard,A4Tech,3,2800,15,7140,6600,540,JazzCash,Zain,4.4
ORD13874,27/07/2025,Gulberg,C1559,Zain Raza,Male,Lahore,Home,Detergent 1kg,Surf Excel,4,850,0,3400,2720,680,JazzCash,Hassan,3.6
ORD13875,02/06/2025,Wapda Town,C1754,Ahmed Sheikh,Female,Lahore,Bakery,Cake,Gourmet,3,900,15,2295,2100,195,Easypaisa,Ahmed,4.3
ORD13876,25/01/2025,Wapda Town,C1039,Zain Butt,Female,Lahore,Stationery,Pen,Dollar,1,60,20,48,35,13,Credit Card,Hamza,4.7
ORD13877,05/04/2025,Gulberg,C1479,Hassan Raza,Female,Lahore,Bakery,Cake,Gourmet,2,900,15,1530,1400,130,Cash,Umar,3.8
ORD13878,11/08/2025,Johar Town,C1707,Ahmed Ahmed,Male,Lahore,Beverages,Pepsi 1.5L,Pepsi,3,220,20,528,510,18,Easypaisa,Usman,4.6
ORD13879,29/10/2025,DHA,C1348,Ali Malik,Male,Lahore,Stationery,Notebook,Dollar,5,180,0,900,600,300,JazzCash,Hassan,3.9
ORD13880,27/02/2025,Model Town,C1423,Bilal Butt,Female,Lahore,Stationery,Notebook,Dollar,4,180,10,648,480,168,Debit Card,Hamza,4.3
ORD13881,19/02/2025,Johar Town,C1651,Ayesha Ahmed,Male,Lahore,Beverages,Pepsi 1.5L,Pepsi,4,220,5,836,680,156,Credit Card,Zain,4.8
ORD13882,04/12/2025,Wapda Town,C1256,Ali Butt,Male,Lahore,Bakery,Bread,Dawn,3,120,20,288,240,48,Debit Card,Hamza,4.2
ORD13883,28/07/2025,DHA,C1075,Maryam Chaudhry,Female,Lahore,Grocery,Cooking Oil 1L,Dalda,2,650,20,1040,1040,0,Easypaisa,Ahmed,3.7
ORD13884,10/09/2025,Johar Town,C1424,Maryam Raza,Male,Lahore,Electronics,Power Bank,Xiaomi,1,4500,15,3825,3600,225,Cash,Zain,4.5
ORD13885,08/05/2025,Wapda Town,C1077,Usman Malik,Female,Lahore,Bakery,Bread,Dawn,4,120,15,408,320,88,JazzCash,Hassan,4.4
ORD13886,04/10/2025,Gulberg,C1796,Fatima Butt,Male,Lahore,Electronics,Power Bank,Xiaomi,5,4500,5,21375,18000,3375,Easypaisa,Ali,3.9
ORD13887,20/10/2025,Johar Town,C1793,Umar Butt,Male,Lahore,Electronics,Mouse,Logitech,5,1800,10,8100,7000,1100,Debit Card,Ahmed,4.2
ORD13888,20/11/2025,Gulberg,C1349,Umar Butt,Male,Lahore,Electronics,Power Bank,Xiaomi,4,4500,0,18000,14400,3600,Cash,Hamza,4.2
ORD13889,16/01/2025,Gulberg,C1087,Bilal Ahmed,Male,Lahore,Grocery,Sugar 1kg,Shan,4,180,15,612,600,12,JazzCash,Ahmed,3.9
ORD13890,13/08/2025,Johar Town,C1776,Umar Butt,Female,Lahore,Grocery,Cooking Oil 1L,Dalda,1,650,20,520,520,0,JazzCash,Umar,4
ORD13891,18/06/2025,Wapda Town,C1663,Fatima Sheikh,Male,Lahore,Home,Detergent 1kg,Surf Excel,2,850,15,1445,1360,85,Easypaisa,Hassan,4.7
ORD13892,08/03/2025,Model Town,C1777,Hassan Iqbal,Male,Lahore,Home,Soap,Lux,4,180,0,720,520,200,Debit Card,Hamza,4.3
ORD13893,26/10/2025,DHA,C1077,Maryam Sheikh,Female,Lahore,Grocery,Tea 475g,Tapal,3,980,15,2499,2460,39,Debit Card,Hamza,4.1
ORD13894,29/12/2025,DHA,C1427,Ahmed Raza,Female,Lahore,Beverages,Nestle Water 1.5L,Nestle,2,90,15,153,120,33,Debit Card,Zain,4.2
ORD13895,04/09/2025,Wapda Town,C1142,Maryam Raza,Female,Lahore,Stationery,Pen,Dollar,5,60,10,270,175,95,JazzCash,Hassan,4.1
ORD13896,02/10/2025,DHA,C1320,Fatima Butt,Male,Lahore,Stationery,Marker,Dollar,2,120,15,204,160,44,JazzCash,Hamza,3.6
ORD13897,08/03/2025,Johar Town,C1360,Umar Chaudhry,Male,Lahore,Electronics,Keyboard,A4Tech,3,2800,0,8400,6600,1800,Debit Card,Ali,5
ORD13898,22/09/2025,Wapda Town,C1560,Ahmed Sheikh,Male,Lahore,Beverages,Nestle Water 1.5L,Nestle,3,90,20,216,180,36,Cash,Hassan,4.2
ORD13899,30/07/2025,Gulberg,C1229,Fatima Khan,Female,Lahore,Beverages,Pepsi 1.5L,Pepsi,5,220,10,990,850,140,Debit Card,Umar,3.9
ORD13900,17/11/2025,Gulberg,C1525,Maryam Sheikh,Female,Lahore,Beverages,Coca Cola 1.5L,Coca-Cola,5,220,20,880,850,30,Credit Card,Ali,3.5
ORD13901,31/07/2025,Wapda Town,C1212,Sara Malik,Male,Lahore,Grocery,Tea 475g,Tapal,1,980,15,833,820,13,Debit Card,Usman,4.4
ORD13902,17/01/2025,Wapda Town,C1298,Usman Iqbal,Male,Lahore,Beverages,Nestle Water 1.5L,Nestle,4,90,10,324,240,84,Cash,Hamza,4.1
ORD13903,06/07/2025,Wapda Town,C1388,Hassan Butt,Male,Lahore,Electronics,Keyboard,A4Tech,4,2800,10,10080,8800,1280,Cash,Umar,4.5
ORD13904,02/01/2025,DHA,C1491,Hassan Raza,Male,Lahore,Electronics,Keyboard,A4Tech,1,2800,10,2520,2200,320,Cash,Hamza,3.5
ORD13905,15/01/2025,Model Town,C1691,Ahmed Iqbal,Male,Lahore,Stationery,Pen,Dollar,4,60,0,240,140,100,Cash,Umar,4.1
ORD13906,11/01/2025,DHA,C1386,Sara Chaudhry,Male,Lahore,Stationery,Notebook,Dollar,3,180,10,486,360,126,JazzCash,Ali,3.9
ORD13907,28/04/2025,DHA,C1470,Hamza Iqbal,Female,Lahore,Stationery,Pen,Dollar,5,60,15,255,175,80,Easypaisa,Ahmed,4.1
ORD13908,08/04/2025,DHA,C1200,Hassan Butt,Female,Lahore,Electronics,Mouse,Logitech,4,1800,0,7200,5600,1600,JazzCash,Hamza,4.4
ORD13909,13/07/2025,Wapda Town,C1478,Hamza Khan,Female,Lahore,Stationery,Notebook,Dollar,5,180,0,900,600,300,Cash,Bilal,4.5
ORD13910,09/04/2025,Model Town,C1267,Hamza Ahmed,Male,Lahore,Home,Detergent 1kg,Surf Excel,3,850,20,2040,2040,0,Easypaisa,Ali,4.9
ORD13911,04/05/2025,Johar Town,C1671,Maryam Malik,Male,Lahore,Home,Shampoo,Sunsilk,1,620,5,589,500,89,JazzCash,Bilal,3.9
ORD13912,05/02/2025,DHA,C1731,Hamza Iqbal,Female,Lahore,Stationery,Notebook,Dollar,1,180,5,171,120,51,JazzCash,Ahmed,4.9
ORD13913,01/09/2025,Wapda Town,C1497,Usman Malik,Male,Lahore,Beverages,Coca Cola 1.5L,Coca-Cola,4,220,15,748,680,68,Easypaisa,Hassan,4.9
ORD13914,28/06/2025,Gulberg,C1663,Zain Iqbal,Male,Lahore,Home,Shampoo,Sunsilk,2,620,15,1054,1000,54,Cash,Bilal,3.6
ORD13915,24/07/2025,Model Town,C1621,Hamza Malik,Male,Lahore,Home,Soap,Lux,4,180,15,612,520,92,Debit Card,Bilal,4.8
ORD13916,16/07/2025,Wapda Town,C1432,Ayesha Iqbal,Female,Lahore,Home,Detergent 1kg,Surf Excel,4,850,0,3400,2720,680,Easypaisa,Ali,4.7
ORD13917,16/01/2025,Gulberg,C1168,Fatima Raza,Female,Lahore,Bakery,Cookies,LU,3,250,10,675,540,135,Debit Card,Usman,4.1
ORD13918,29/10/2025,Gulberg,C1242,Zain Sheikh,Female,Lahore,Home,Soap,Lux,5,180,10,810,650,160,Easypaisa,Bilal,4.6
ORD13919,24/09/2025,Model Town,C1617,Ali Chaudhry,Female,Lahore,Home,Shampoo,Sunsilk,5,620,20,2480,2500,-20,Debit Card,Ali,5
ORD13920,02/06/2025,Gulberg,C1764,Maryam Raza,Male,Lahore,Grocery,Cooking Oil 1L,Dalda,3,650,20,1560,1560,0,Credit Card,Bilal,3.9
ORD13921,23/05/2025,Johar Town,C1371,Bilal Raza,Female,Lahore,Beverages,Coca Cola 1.5L,Coca-Cola,1,220,15,187,170,17,Debit Card,Umar,4.3
ORD13922,02/02/2025,Johar Town,C1563,Ayesha Raza,Male,Lahore,Grocery,Sugar 1kg,Shan,3,180,15,459,450,9,Easypaisa,Zain,5
ORD13923,11/11/2025,Model Town,C1008,Hassan Chaudhry,Male,Lahore,Beverages,Nestle Water 1.5L,Nestle,1,90,10,81,60,21,JazzCash,Ahmed,3.8
ORD13924,31/07/2025,Gulberg,C1574,Zain Iqbal,Female,Lahore,Bakery,Cake,Gourmet,5,900,0,4500,3500,1000,Easypaisa,Umar,3.5
ORD13925,29/08/2025,Wapda Town,C1670,Zain Malik,Male,Lahore,Electronics,Mouse,Logitech,1,1800,5,1710,1400,310,Credit Card,Hamza,5
ORD13926,20/08/2025,Johar Town,C1095,Ayesha Chaudhry,Male,Lahore,Bakery,Cookies,LU,3,250,15,637.5,540,97.5,JazzCash,Hamza,3.8
ORD13927,28/07/2025,Gulberg,C1414,Hassan Malik,Female,Lahore,Stationery,Pen,Dollar,5,60,15,255,175,80,Debit Card,Ali,3.9
ORD13928,12/04/2025,DHA,C1702,Sara Sheikh,Female,Lahore,Beverages,Nestle Water 1.5L,Nestle,4,90,5,342,240,102,Cash,Bilal,4.1
ORD13929,07/07/2025,Gulberg,C1797,Hamza Malik,Female,Lahore,Electronics,Power Bank,Xiaomi,4,4500,15,15300,14400,900,Credit Card,Bilal,4.9
ORD13930,08/05/2025,Gulberg,C1136,Ahmed Chaudhry,Female,Lahore,Electronics,Power Bank,Xiaomi,3,4500,10,12150,10800,1350,Debit Card,Ahmed,4.9
ORD13931,30/11/2025,Wapda Town,C1256,Bilal Butt,Male,Lahore,Grocery,Basmati Rice 5kg,Guard,2,3200,20,5120,5200,-80,Cash,Usman,4.7
ORD13932,01/07/2025,DHA,C1649,Hamza Sheikh,Female,Lahore,Beverages,Coca Cola 1.5L,Coca-Cola,3,220,0,660,510,150,JazzCash,Hamza,4.4
ORD13933,20/01/2025,Gulberg,C1324,Usman Raza,Male,Lahore,Grocery,Cooking Oil 1L,Dalda,2,650,5,1235,1040,195,Credit Card,Ali,4.9
ORD13934,23/11/2025,Johar Town,C1474,Umar Sheikh,Male,Lahore,Home,Soap,Lux,5,180,10,810,650,160,Debit Card,Umar,4.2
ORD13935,20/10/2025,Johar Town,C1337,Umar Raza,Male,Lahore,Stationery,Notebook,Dollar,2,180,5,342,240,102,Cash,Ali,4.3
ORD13936,12/05/2025,Gulberg,C1425,Maryam Butt,Female,Lahore,Electronics,Keyboard,A4Tech,4,2800,15,9520,8800,720,Cash,Hamza,3.9
ORD13937,08/01/2025,Gulberg,C1652,Zain Chaudhry,Male,Lahore,Beverages,Pepsi 1.5L,Pepsi,5,220,10,990,850,140,Debit Card,Hamza,4.1
ORD13938,13/03/2025,DHA,C1289,Umar Ahmed,Male,Lahore,Beverages,Coca Cola 1.5L,Coca-Cola,4,220,10,792,680,112,Cash,Hassan,4.6
ORD13939,05/10/2025,Johar Town,C1447,Bilal Raza,Male,Lahore,Electronics,Power Bank,Xiaomi,4,4500,15,15300,14400,900,Cash,Usman,4.6
ORD13940,19/09/2025,DHA,C1218,Hamza Raza,Male,Lahore,Bakery,Bread,Dawn,3,120,5,342,240,102,Credit Card,Hamza,3.7
ORD13941,30/09/2025,Wapda Town,C1087,Hassan Raza,Female,Lahore,Stationery,Pen,Dollar,1,60,15,51,35,16,Credit Card,Ali,3.9
ORD13942,12/05/2025,Gulberg,C1516,Maryam Iqbal,Male,Lahore,Grocery,Tea 475g,Tapal,3,980,20,2352,2460,-108,Credit Card,Usman,4.5
ORD13943,27/01/2025,Model Town,C1730,Hamza Ahmed,Male,Lahore,Electronics,Power Bank,Xiaomi,3,4500,10,12150,10800,1350,Cash,Hamza,4.4
ORD13944,05/12/2025,Gulberg,C1640,Maryam Iqbal,Female,Lahore,Stationery,Marker,Dollar,4,120,0,480,320,160,Debit Card,Umar,3.7
ORD13945,03/05/2025,Wapda Town,C1280,Umar Raza,Male,Lahore,Grocery,Cooking Oil 1L,Dalda,1,650,10,585,520,65,JazzCash,Bilal,3.9
ORD13946,07/03/2025,Gulberg,C1063,Sara Butt,Male,Lahore,Bakery,Bread,Dawn,3,120,10,324,240,84,Cash,Zain,4.9
ORD13947,25/01/2025,Gulberg,C1351,Zain Malik,Male,Lahore,Home,Shampoo,Sunsilk,4,620,5,2356,2000,356,Cash,Hassan,4.6
ORD13948,21/11/2025,Wapda Town,C1163,Umar Butt,Male,Lahore,Stationery,Marker,Dollar,2,120,5,228,160,68,Credit Card,Zain,4.7
ORD13949,08/07/2025,Wapda Town,C1309,Sara Chaudhry,Female,Lahore,Stationery,Pen,Dollar,4,60,5,228,140,88,Easypaisa,Zain,4.6
ORD13950,15/08/2025,Wapda Town,C1249,Sara Raza,Male,Lahore,Bakery,Cake,Gourmet,2,900,5,1710,1400,310,Cash,Ahmed,4.4
ORD13951,29/06/2025,Model Town,C1544,Usman Khan,Female,Lahore,Grocery,Sugar 1kg,Shan,4,180,20,576,600,-24,Easypaisa,Usman,4.6
ORD13952,18/09/2025,Johar Town,C1013,Zain Ahmed,Female,Lahore,Beverages,Nestle Water 1.5L,Nestle,4,90,20,288,240,48,Credit Card,Bilal,4.1
ORD13953,22/11/2025,DHA,C1350,Umar Butt,Female,Lahore,Stationery,Marker,Dollar,1,120,15,102,80,22,Easypaisa,Umar,3.5
ORD13954,18/04/2025,Wapda Town,C1458,Hamza Chaudhry,Female,Lahore,Beverages,Coca Cola 1.5L,Coca-Cola,1,220,20,176,170,6,Cash,Ahmed,4.5
ORD13955,18/01/2025,DHA,C1410,Sara Khan,Female,Lahore,Home,Soap,Lux,2,180,0,360,260,100,Credit Card,Hassan,4.4
ORD13956,20/11/2025,Model Town,C1507,Hassan Butt,Male,Lahore,Home,Soap,Lux,5,180,10,810,650,160,Debit Card,Bilal,4.4
ORD13957,11/05/2025,Gulberg,C1588,Ayesha Ahmed,Male,Lahore,Electronics,Mouse,Logitech,4,1800,5,6840,5600,1240,Cash,Ali,3.8
ORD13958,11/04/2025,Gulberg,C1753,Umar Raza,Male,Lahore,Home,Soap,Lux,2,180,20,288,260,28,Easypaisa,Ali,5
ORD13959,20/07/2025,Model Town,C1068,Ali Chaudhry,Male,Lahore,Home,Shampoo,Sunsilk,4,620,10,2232,2000,232,Credit Card,Usman,4.2
ORD13960,04/08/2025,Johar Town,C1109,Zain Malik,Male,Lahore,Electronics,Mouse,Logitech,1,1800,20,1440,1400,40,Cash,Ali,4.6
ORD13961,10/02/2025,Gulberg,C1339,Usman Khan,Male,Lahore,Stationery,Marker,Dollar,2,120,5,228,160,68,Easypaisa,Bilal,3.6
ORD13962,16/07/2025,Gulberg,C1564,Umar Khan,Female,Lahore,Home,Shampoo,Sunsilk,3,620,5,1767,1500,267,Debit Card,Hassan,3.6
ORD13963,09/09/2025,Model Town,C1758,Bilal Raza,Female,Lahore,Beverages,Pepsi 1.5L,Pepsi,2,220,10,396,340,56,Cash,Ahmed,4.1
ORD13964,21/07/2025,Model Town,C1465,Fatima Butt,Male,Lahore,Grocery,Tea 475g,Tapal,4,980,5,3724,3280,444,Credit Card,Ali,4.3
ORD13965,21/01/2025,Gulberg,C1516,Zain Raza,Female,Lahore,Grocery,Tea 475g,Tapal,2,980,20,1568,1640,-72,JazzCash,Ahmed,4.6
ORD13966,02/12/2025,Model Town,C1278,Ayesha Sheikh,Female,Lahore,Grocery,Tea 475g,Tapal,1,980,10,882,820,62,JazzCash,Zain,4.2
ORD13967,06/07/2025,Johar Town,C1409,Zain Chaudhry,Female,Lahore,Home,Shampoo,Sunsilk,1,620,5,589,500,89,JazzCash,Bilal,4.7
ORD13968,05/11/2025,Wapda Town,C1598,Zain Malik,Female,Lahore,Grocery,Basmati Rice 5kg,Guard,5,3200,20,12800,13000,-200,JazzCash,Bilal,4.3
ORD13969,25/07/2025,Wapda Town,C1005,Bilal Iqbal,Male,Lahore,Electronics,Mouse,Logitech,2,1800,0,3600,2800,800,Debit Card,Bilal,4.8
ORD13970,13/01/2025,Gulberg,C1475,Ali Khan,Male,Lahore,Electronics,Power Bank,Xiaomi,5,4500,5,21375,18000,3375,Debit Card,Hamza,4.9
ORD13971,28/08/2025,DHA,C1208,Maryam Sheikh,Female,Lahore,Electronics,Keyboard,A4Tech,3,2800,15,7140,6600,540,Cash,Hamza,3.8
ORD13972,13/03/2025,Johar Town,C1650,Hassan Khan,Male,Lahore,Electronics,Mouse,Logitech,1,1800,15,1530,1400,130,Credit Card,Usman,3.6
ORD13973,31/03/2025,Wapda Town,C1786,Ali Raza,Male,Lahore,Home,Detergent 1kg,Surf Excel,2,850,0,1700,1360,340,JazzCash,Hamza,4.8
ORD13974,10/02/2025,Gulberg,C1310,Bilal Malik,Male,Lahore,Grocery,Cooking Oil 1L,Dalda,3,650,20,1560,1560,0,Easypaisa,Zain,4.5
ORD13975,26/08/2025,Johar Town,C1456,Ahmed Sheikh,Male,Lahore,Home,Detergent 1kg,Surf Excel,1,850,0,850,680,170,Cash,Ali,4.9
ORD13976,04/12/2025,DHA,C1132,Ahmed Iqbal,Male,Lahore,Home,Soap,Lux,4,180,5,684,520,164,Easypaisa,Umar,3.8
ORD13977,01/12/2025,Model Town,C1784,Ali Sheikh,Female,Lahore,Home,Detergent 1kg,Surf Excel,1,850,0,850,680,170,JazzCash,Hamza,3.9
ORD13978,07/06/2025,DHA,C1622,Bilal Sheikh,Female,Lahore,Grocery,Sugar 1kg,Shan,4,180,5,684,600,84,Debit Card,Umar,3.9
ORD13979,06/04/2025,Model Town,C1389,Fatima Chaudhry,Female,Lahore,Electronics,Mouse,Logitech,3,1800,15,4590,4200,390,Debit Card,Zain,3.6
ORD13980,17/11/2025,Johar Town,C1673,Ayesha Khan,Male,Lahore,Home,Detergent 1kg,Surf Excel,2,850,5,1615,1360,255,Credit Card,Ahmed,4.8
ORD13981,30/06/2025,Gulberg,C1360,Zain Ahmed,Female,Lahore,Stationery,Marker,Dollar,1,120,15,102,80,22,Debit Card,Usman,3.8
ORD13982,30/11/2025,DHA,C1735,Sara Sheikh,Male,Lahore,Electronics,Keyboard,A4Tech,4,2800,5,10640,8800,1840,Cash,Zain,4.5
ORD13983,25/11/2025,Johar Town,C1797,Fatima Raza,Male,Lahore,Bakery,Cake,Gourmet,3,900,5,2565,2100,465,Easypaisa,Usman,4.9
ORD13984,16/12/2025,Johar Town,C1561,Maryam Ahmed,Female,Lahore,Bakery,Cake,Gourmet,1,900,15,765,700,65,Easypaisa,Hamza,3.6
ORD13985,09/04/2025,Wapda Town,C1221,Bilal Malik,Female,Lahore,Grocery,Basmati Rice 5kg,Guard,3,3200,0,9600,7800,1800,JazzCash,Hassan,4.1
ORD13986,14/06/2025,Model Town,C1454,Sara Malik,Female,Lahore,Home,Shampoo,Sunsilk,1,620,20,496,500,-4,Easypaisa,Usman,3.9
ORD13987,26/12/2025,Model Town,C1148,Ahmed Chaudhry,Female,Lahore,Electronics,Mouse,Logitech,4,1800,15,6120,5600,520,Debit Card,Ahmed,4.4
ORD13988,27/05/2025,Johar Town,C1144,Umar Malik,Female,Lahore,Home,Soap,Lux,2,180,20,288,260,28,JazzCash,Umar,3.5
ORD13989,23/11/2025,Model Town,C1689,Usman Khan,Female,Lahore,Beverages,Nestle Water 1.5L,Nestle,3,90,0,270,180,90,Credit Card,Bilal,4.3
ORD13990,21/03/2025,Johar Town,C1229,Ahmed Butt,Female,Lahore,Home,Detergent 1kg,Surf Excel,4,850,15,2890,2720,170,JazzCash,Ali,3.7
ORD13991,14/10/2025,DHA,C1008,Bilal Ahmed,Female,Lahore,Home,Soap,Lux,4,180,5,684,520,164,Credit Card,Bilal,4.9
ORD13992,28/08/2025,DHA,C1411,Sara Sheikh,Female,Lahore,Home,Soap,Lux,2,180,5,342,260,82,Cash,Hamza,4.4
ORD13993,04/02/2025,Gulberg,C1254,Hamza Butt,Female,Lahore,Home,Soap,Lux,1,180,15,153,130,23,Credit Card,Bilal,4.5
ORD13994,15/01/2025,Gulberg,C1363,Ayesha Raza,Female,Lahore,Stationery,Marker,Dollar,3,120,0,360,240,120,JazzCash,Ahmed,4.2
ORD13995,03/08/2025,DHA,C1118,Hassan Malik,Male,Lahore,Electronics,Power Bank,Xiaomi,4,4500,20,14400,14400,0,Debit Card,Umar,4.2
ORD13996,11/09/2025,Wapda Town,C1294,Fatima Butt,Male,Lahore,Bakery,Bread,Dawn,2,120,10,216,160,56,Credit Card,Zain,3.7
ORD13997,05/10/2025,Johar Town,C1374,Hassan Raza,Male,Lahore,Bakery,Bread,Dawn,4,120,0,480,320,160,Easypaisa,Hamza,4.6
ORD13998,30/06/2025,Gulberg,C1106,Zain Ahmed,Male,Lahore,Electronics,Keyboard,A4Tech,1,2800,10,2520,2200,320,Cash,Bilal,4.5
ORD13999,25/08/2025,Wapda Town,C1519,Zain Malik,Female,Lahore,Beverages,Nestle Water 1.5L,Nestle,1,90,5,85.5,60,25.5,JazzCash,Bilal,3.9
ORD14000,30/12/2025,Model Town,C1076,Usman Chaudhry,Female,Lahore,Grocery,Basmati Rice 5kg,Guard,2,3200,15,5440,5200,240,Cash,Zain,4.1
ORD14001,14/09/2025,Wapda Town,C1099,Zain Chaudhry,Female,Lahore,Electronics,Mouse,Logitech,5,1800,0,9000,7000,2000,Credit Card,Umar,4.4
ORD14002,10/05/2025,Wapda Town,C1610,Maryam Butt,Male,Lahore,Grocery,Basmati Rice 5kg,Guard,2,3200,0,6400,5200,1200,JazzCash,Ahmed,4.8
ORD14003,14/05/2025,DHA,C1034,Usman Malik,Female,Lahore,Grocery,Tea 475g,Tapal,3,980,20,2352,2460,-108,Easypaisa,Bilal,4
ORD14004,01/08/2025,Johar Town,C1538,Ali Butt,Male,Lahore,Stationery,Pen,Dollar,5,60,15,255,175,80,JazzCash,Hamza,4
ORD14005,02/04/2025,Gulberg,C1374,Sara Khan,Male,Lahore,Home,Detergent 1kg,Surf Excel,1,850,20,680,680,0,JazzCash,Ahmed,3.5
ORD14006,07/05/2025,Model Town,C1551,Usman Sheikh,Female,Lahore,Grocery,Basmati Rice 5kg,Guard,3,3200,5,9120,7800,1320,Debit Card,Usman,3.6
ORD14007,08/04/2025,Wapda Town,C1065,Umar Butt,Male,Lahore,Grocery,Tea 475g,Tapal,1,980,0,980,820,160,Debit Card,Umar,4.1
ORD14008,28/11/2025,DHA,C1071,Hamza Ahmed,Male,Lahore,Home,Detergent 1kg,Surf Excel,1,850,10,765,680,85,Easypaisa,Ahmed,4.8
ORD14009,14/12/2025,Johar Town,C1712,Sara Raza,Male,Lahore,Beverages,Coca Cola 1.5L,Coca-Cola,2,220,20,352,340,12,JazzCash,Hamza,3.8
ORD14010,03/10/2025,Model Town,C1206,Fatima Chaudhry,Female,Lahore,Beverages,Coca Cola 1.5L,Coca-Cola,5,220,5,1045,850,195,JazzCash,Zain,4
ORD14011,15/02/2025,DHA,C1372,Fatima Iqbal,Female,Lahore,Grocery,Cooking Oil 1L,Dalda,2,650,5,1235,1040,195,Debit Card,Hassan,3.9
ORD14012,02/12/2025,Gulberg,C1446,Ahmed Khan,Female,Lahore,Beverages,Nestle Water 1.5L,Nestle,5,90,20,360,300,60,Credit Card,Umar,4
ORD14013,10/01/2025,Model Town,C1089,Bilal Khan,Female,Lahore,Stationery,Marker,Dollar,2,120,20,192,160,32,Cash,Hamza,4.2
ORD14014,17/06/2025,Johar Town,C1476,Sara Ahmed,Female,Lahore,Stationery,Marker,Dollar,2,120,0,240,160,80,Credit Card,Bilal,4.9
ORD14015,11/02/2025,Wapda Town,C1287,Hamza Raza,Female,Lahore,Grocery,Basmati Rice 5kg,Guard,4,3200,5,12160,10400,1760,Credit Card,Bilal,3.6
ORD14016,23/01/2025,Wapda Town,C1799,Fatima Sheikh,Female,Lahore,Bakery,Bread,Dawn,4,120,5,456,320,136,JazzCash,Ahmed,5
ORD14017,10/09/2025,Wapda Town,C1654,Zain Khan,Female,Lahore,Stationery,Notebook,Dollar,1,180,0,180,120,60,Easypaisa,Ahmed,3.6
ORD14018,12/09/2025,DHA,C1703,Usman Butt,Female,Lahore,Electronics,Mouse,Logitech,3,1800,15,4590,4200,390,Credit Card,Zain,4.8
ORD14019,04/08/2025,Model Town,C1615,Maryam Khan,Male,Lahore,Bakery,Bread,Dawn,5,120,10,540,400,140,Cash,Zain,4.5
ORD14020,15/10/2025,Johar Town,C1280,Maryam Butt,Female,Lahore,Grocery,Cooking Oil 1L,Dalda,2,650,15,1105,1040,65,JazzCash,Bilal,4.7
ORD14021,14/12/2025,Gulberg,C1586,Maryam Khan,Female,Lahore,Grocery,Basmati Rice 5kg,Guard,2,3200,10,5760,5200,560,Easypaisa,Usman,4
ORD14022,18/05/2025,Model Town,C1706,Ayesha Butt,Female,Lahore,Home,Detergent 1kg,Surf Excel,5,850,10,3825,3400,425,JazzCash,Umar,4.2
ORD14023,23/08/2025,Johar Town,C1342,Ayesha Butt,Male,Lahore,Home,Detergent 1kg,Surf Excel,1,850,20,680,680,0,JazzCash,Ali,4.8
ORD14024,12/12/2025,DHA,C1657,Ayesha Raza,Male,Lahore,Grocery,Basmati Rice 5kg,Guard,4,3200,5,12160,10400,1760,JazzCash,Ahmed,4.7
ORD14025,10/03/2025,Gulberg,C1324,Sara Chaudhry,Female,Lahore,Grocery,Cooking Oil 1L,Dalda,2,650,5,1235,1040,195,Easypaisa,Hassan,3.8
ORD14026,10/08/2025,Model Town,C1388,Hamza Chaudhry,Female,Lahore,Bakery,Cake,Gourmet,2,900,20,1440,1400,40,Credit Card,Zain,3.7
ORD14027,18/09/2025,Wapda Town,C1369,Ali Sheikh,Female,Lahore,Home,Shampoo,Sunsilk,3,620,15,1581,1500,81,Credit Card,Umar,4.3
ORD14028,03/12/2025,Gulberg,C1230,Ali Khan,Male,Lahore,Home,Soap,Lux,5,180,15,765,650,115,Debit Card,Zain,4
ORD14029,27/07/2025,Johar Town,C1293,Ayesha Iqbal,Male,Lahore,Stationery,Pen,Dollar,3,60,5,171,105,66,JazzCash,Bilal,4.5
ORD14030,18/09/2025,DHA,C1122,Maryam Raza,Female,Lahore,Electronics,Keyboard,A4Tech,4,2800,0,11200,8800,2400,Cash,Zain,4.5
ORD14031,17/07/2025,Model Town,C1618,Hamza Ahmed,Male,Lahore,Beverages,Pepsi 1.5L,Pepsi,4,220,0,880,680,200,JazzCash,Ali,4.4
ORD14032,28/11/2025,DHA,C1671,Sara Iqbal,Female,Lahore,Grocery,Cooking Oil 1L,Dalda,5,650,15,2762.5,2600,162.5,JazzCash,Bilal,3.7
ORD14033,22/10/2025,Johar Town,C1296,Ahmed Chaudhry,Female,Lahore,Bakery,Bread,Dawn,2,120,5,228,160,68,Cash,Ali,4.3
ORD14034,25/02/2025,Model Town,C1302,Hassan Sheikh,Male,Lahore,Stationery,Marker,Dollar,4,120,15,408,320,88,Credit Card,Ahmed,4.8
ORD14035,24/09/2025,Gulberg,C1265,Hassan Sheikh,Female,Lahore,Electronics,Power Bank,Xiaomi,2,4500,15,7650,7200,450,Easypaisa,Bilal,5
ORD14036,16/04/2025,Wapda Town,C1547,Sara Malik,Female,Lahore,Stationery,Pen,Dollar,4,60,15,204,140,64,Cash,Hamza,4.4
ORD14037,16/02/2025,Model Town,C1315,Maryam Iqbal,Male,Lahore,Stationery,Marker,Dollar,4,120,15,408,320,88,JazzCash,Bilal,3.8
ORD14038,13/11/2025,Gulberg,C1711,Ayesha Khan,Male,Lahore,Home,Shampoo,Sunsilk,3,620,5,1767,1500,267,Credit Card,Hassan,4.5
ORD14039,10/03/2025,Model Town,C1307,Ali Butt,Female,Lahore,Home,Detergent 1kg,Surf Excel,3,850,10,2295,2040,255,Credit Card,Zain,4.3
ORD14040,15/08/2025,Wapda Town,C1097,Zain Butt,Female,Lahore,Home,Shampoo,Sunsilk,3,620,10,1674,1500,174,JazzCash,Ali,3.8
ORD14041,11/09/2025,Gulberg,C1533,Maryam Malik,Female,Lahore,Bakery,Bread,Dawn,4,120,5,456,320,136,JazzCash,Bilal,3.7
ORD14042,01/05/2025,Johar Town,C1207,Usman Iqbal,Male,Lahore,Stationery,Pen,Dollar,3,60,20,144,105,39,Debit Card,Bilal,4
ORD14043,13/09/2025,Model Town,C1277,Hassan Iqbal,Male,Lahore,Grocery,Basmati Rice 5kg,Guard,4,3200,5,12160,10400,1760,Credit Card,Usman,4.3
ORD14044,30/07/2025,Johar Town,C1211,Ahmed Chaudhry,Female,Lahore,Beverages,Pepsi 1.5L,Pepsi,4,220,0,880,680,200,Cash,Usman,4.3
ORD14045,08/02/2025,Model Town,C1238,Bilal Raza,Male,Lahore,Grocery,Tea 475g,Tapal,1,980,15,833,820,13,Debit Card,Bilal,4.5
ORD14046,02/01/2025,Johar Town,C1742,Hamza Sheikh,Female,Lahore,Beverages,Nestle Water 1.5L,Nestle,4,90,5,342,240,102,Cash,Hamza,4.5
ORD14047,31/10/2025,Johar Town,C1339,Usman Ahmed,Female,Lahore,Bakery,Cake,Gourmet,4,900,0,3600,2800,800,Cash,Bilal,4.5
ORD14048,27/04/2025,Johar Town,C1685,Umar Iqbal,Male,Lahore,Electronics,Mouse,Logitech,4,1800,5,6840,5600,1240,Credit Card,Bilal,4.3
ORD14049,28/03/2025,DHA,C1295,Zain Chaudhry,Male,Lahore,Home,Detergent 1kg,Surf Excel,2,850,5,1615,1360,255,Debit Card,Bilal,3.6
ORD14050,13/06/2025,Model Town,C1079,Ahmed Malik,Male,Lahore,Stationery,Pen,Dollar,2,60,0,120,70,50,Cash,Bilal,4
ORD14051,29/09/2025,Johar Town,C1202,Bilal Khan,Female,Lahore,Bakery,Bread,Dawn,4,120,10,432,320,112,Cash,Zain,4.1
ORD14052,07/12/2025,DHA,C1412,Hassan Iqbal,Male,Lahore,Beverages,Pepsi 1.5L,Pepsi,3,220,10,594,510,84,JazzCash,Usman,4.3
ORD14053,18/04/2025,Wapda Town,C1399,Sara Khan,Male,Lahore,Bakery,Cake,Gourmet,4,900,10,3240,2800,440,Credit Card,Zain,4.2
ORD14054,17/04/2025,Wapda Town,C1753,Usman Sheikh,Female,Lahore,Beverages,Nestle Water 1.5L,Nestle,1,90,15,76.5,60,16.5,Cash,Bilal,3.5
ORD14055,09/05/2025,Model Town,C1323,Ali Iqbal,Female,Lahore,Home,Soap,Lux,1,180,0,180,130,50,Easypaisa,Zain,4.7
ORD14056,22/09/2025,DHA,C1548,Umar Chaudhry,Male,Lahore,Bakery,Cake,Gourmet,1,900,15,765,700,65,Debit Card,Hassan,3.8
ORD14057,04/04/2025,Gulberg,C1409,Hassan Ahmed,Male,Lahore,Grocery,Sugar 1kg,Shan,2,180,0,360,300,60,Cash,Hamza,4.8
ORD14058,29/08/2025,DHA,C1606,Ahmed Ahmed,Female,Lahore,Grocery,Cooking Oil 1L,Dalda,4,650,5,2470,2080,390,Debit Card,Ahmed,5
ORD14059,20/03/2025,Johar Town,C1222,Usman Sheikh,Male,Lahore,Bakery,Cookies,LU,1,250,5,237.5,180,57.5,Credit Card,Ahmed,4.6
ORD14060,09/03/2025,Johar Town,C1150,Bilal Butt,Male,Lahore,Stationery,Pen,Dollar,3,60,10,162,105,57,Credit Card,Hassan,3.5
ORD14061,29/04/2025,Gulberg,C1099,Hassan Butt,Female,Lahore,Stationery,Notebook,Dollar,1,180,0,180,120,60,JazzCash,Usman,4.3
ORD14062,11/12/2025,Gulberg,C1657,Sara Chaudhry,Male,Lahore,Beverages,Coca Cola 1.5L,Coca-Cola,2,220,10,396,340,56,Debit Card,Zain,3.8
ORD14063,24/03/2025,Model Town,C1421,Usman Raza,Female,Lahore,Bakery,Cookies,LU,4,250,0,1000,720,280,Easypaisa,Umar,4.7
ORD14064,27/05/2025,DHA,C1221,Umar Ahmed,Female,Lahore,Grocery,Tea 475g,Tapal,4,980,20,3136,3280,-144,Cash,Hassan,3.5
ORD14065,27/08/2025,Johar Town,C1386,Ali Butt,Female,Lahore,Grocery,Basmati Rice 5kg,Guard,4,3200,5,12160,10400,1760,Debit Card,Ali,4.6
ORD14066,21/06/2025,Gulberg,C1502,Maryam Malik,Female,Lahore,Home,Soap,Lux,2,180,15,306,260,46,Debit Card,Usman,3.9
ORD14067,03/11/2025,Model Town,C1466,Hassan Butt,Female,Lahore,Stationery,Marker,Dollar,5,120,15,510,400,110,Debit Card,Usman,3.6
ORD14068,10/08/2025,Johar Town,C1165,Fatima Malik,Male,Lahore,Beverages,Nestle Water 1.5L,Nestle,2,90,5,171,120,51,JazzCash,Ali,3.8
ORD14069,16/06/2025,DHA,C1616,Ali Sheikh,Male,Lahore,Beverages,Nestle Water 1.5L,Nestle,2,90,5,171,120,51,Easypaisa,Ahmed,4.7
ORD14070,28/12/2025,DHA,C1077,Usman Raza,Female,Lahore,Electronics,Mouse,Logitech,1,1800,10,1620,1400,220,Debit Card,Usman,4.4
ORD14071,21/03/2025,Gulberg,C1535,Zain Malik,Male,Lahore,Electronics,Keyboard,A4Tech,4,2800,15,9520,8800,720,Credit Card,Ahmed,3.9
ORD14072,22/03/2025,Model Town,C1286,Ahmed Iqbal,Male,Lahore,Stationery,Marker,Dollar,2,120,5,228,160,68,Credit Card,Hassan,3.8
ORD14073,25/09/2025,Wapda Town,C1082,Maryam Khan,Female,Lahore,Home,Shampoo,Sunsilk,5,620,10,2790,2500,290,Debit Card,Ahmed,4.4
ORD14074,18/05/2025,Wapda Town,C1354,Ali Butt,Female,Lahore,Electronics,Power Bank,Xiaomi,4,4500,10,16200,14400,1800,Easypaisa,Usman,3.8
ORD14075,24/12/2025,Model Town,C1005,Fatima Sheikh,Male,Lahore,Stationery,Notebook,Dollar,1,180,0,180,120,60,JazzCash,Hamza,4.4
ORD14076,05/06/2025,DHA,C1478,Maryam Iqbal,Male,Lahore,Bakery,Cookies,LU,4,250,15,850,720,130,JazzCash,Ali,3.9
ORD14077,08/05/2025,Gulberg,C1570,Zain Sheikh,Male,Lahore,Stationery,Pen,Dollar,4,60,10,216,140,76,Debit Card,Umar,4.8
ORD14078,05/12/2025,DHA,C1651,Zain Raza,Male,Lahore,Grocery,Cooking Oil 1L,Dalda,3,650,5,1852.5,1560,292.5,Cash,Ahmed,4.8
ORD14079,08/07/2025,DHA,C1074,Usman Sheikh,Female,Lahore,Electronics,Power Bank,Xiaomi,4,4500,5,17100,14400,2700,Easypaisa,Hamza,4.8
ORD14080,17/09/2025,Wapda Town,C1412,Bilal Chaudhry,Male,Lahore,Grocery,Sugar 1kg,Shan,1,180,10,162,150,12,Debit Card,Hassan,4.1
ORD14081,17/05/2025,Johar Town,C1025,Umar Iqbal,Female,Lahore,Beverages,Coca Cola 1.5L,Coca-Cola,3,220,5,627,510,117,Debit Card,Usman,5
ORD14082,21/11/2025,Gulberg,C1713,Zain Malik,Female,Lahore,Grocery,Sugar 1kg,Shan,2,180,10,324,300,24,Cash,Zain,3.7
ORD14083,31/12/2025,Wapda Town,C1067,Hamza Sheikh,Male,Lahore,Electronics,Mouse,Logitech,1,1800,0,1800,1400,400,Cash,Zain,3.9
ORD14084,09/02/2025,Johar Town,C1756,Umar Raza,Female,Lahore,Stationery,Notebook,Dollar,2,180,10,324,240,84,Credit Card,Umar,4.3
ORD14085,01/02/2025,DHA,C1168,Fatima Sheikh,Male,Lahore,Home,Soap,Lux,4,180,10,648,520,128,Cash,Umar,5
ORD14086,16/01/2025,Gulberg,C1751,Ali Ahmed,Male,Lahore,Home,Shampoo,Sunsilk,1,620,0,620,500,120,Credit Card,Bilal,4.3
ORD14087,05/01/2025,Johar Town,C1108,Ahmed Chaudhry,Female,Lahore,Electronics,Keyboard,A4Tech,5,2800,10,12600,11000,1600,JazzCash,Ahmed,3.5
ORD14088,12/05/2025,Model Town,C1174,Maryam Malik,Male,Lahore,Bakery,Bread,Dawn,1,120,0,120,80,40,Credit Card,Usman,5
ORD14089,26/05/2025,Model Town,C1297,Ali Raza,Male,Lahore,Bakery,Cake,Gourmet,2,900,0,1800,1400,400,Debit Card,Ali,3.6
ORD14090,21/01/2025,Gulberg,C1357,Hamza Khan,Male,Lahore,Stationery,Pen,Dollar,2,60,0,120,70,50,Cash,Zain,4.6
ORD14091,20/09/2025,Model Town,C1426,Ali Sheikh,Female,Lahore,Home,Shampoo,Sunsilk,3,620,0,1860,1500,360,Credit Card,Ali,3.9
ORD14092,16/05/2025,DHA,C1413,Ali Iqbal,Male,Lahore,Bakery,Bread,Dawn,3,120,0,360,240,120,Credit Card,Usman,4.9
ORD14093,31/08/2025,Johar Town,C1553,Umar Ahmed,Male,Lahore,Grocery,Cooking Oil 1L,Dalda,1,650,10,585,520,65,Credit Card,Ali,3.7
ORD14094,30/12/2025,DHA,C1213,Hamza Malik,Female,Lahore,Home,Detergent 1kg,Surf Excel,4,850,0,3400,2720,680,Cash,Ahmed,4.1
ORD14095,28/11/2025,Model Town,C1192,Hamza Iqbal,Male,Lahore,Home,Soap,Lux,1,180,10,162,130,32,Cash,Ahmed,4.2
ORD14096,13/09/2025,Model Town,C1149,Hamza Khan,Female,Lahore,Grocery,Cooking Oil 1L,Dalda,2,650,0,1300,1040,260,Credit Card,Usman,4
ORD14097,11/01/2025,Wapda Town,C1439,Zain Butt,Female,Lahore,Bakery,Cake,Gourmet,4,900,0,3600,2800,800,Debit Card,Hassan,4.1
ORD14098,20/02/2025,Wapda Town,C1244,Ahmed Ahmed,Female,Lahore,Stationery,Notebook,Dollar,5,180,20,720,600,120,Cash,Ahmed,4.7
ORD14099,09/11/2025,Wapda Town,C1463,Maryam Ahmed,Male,Lahore,Stationery,Marker,Dollar,1,120,5,114,80,34,Debit Card,Umar,4.8
ORD14100,06/06/2025,DHA,C1638,Usman Iqbal,Female,Lahore,Stationery,Notebook,Dollar,3,180,20,432,360,72,Debit Card,Bilal,4.6
ORD14101,23/01/2025,Johar Town,C1491,Hassan Sheikh,Female,Lahore,Beverages,Coca Cola 1.5L,Coca-Cola,4,220,10,792,680,112,Easypaisa,Bilal,4.3
ORD14102,12/02/2025,Wapda Town,C1656,Maryam Butt,Female,Lahore,Grocery,Sugar 1kg,Shan,1,180,5,171,150,21,Debit Card,Bilal,3.8
ORD14103,07/08/2025,Wapda Town,C1240,Zain Sheikh,Female,Lahore,Home,Soap,Lux,4,180,20,576,520,56,Easypaisa,Ali,3.5
ORD14104,02/01/2025,Gulberg,C1516,Sara Malik,Female,Lahore,Bakery,Cake,Gourmet,2,900,10,1620,1400,220,Cash,Hassan,3.8
ORD14105,19/02/2025,Gulberg,C1576,Usman Malik,Female,Lahore,Electronics,Keyboard,A4Tech,5,2800,5,13300,11000,2300,Easypaisa,Ali,4.7
ORD14106,18/07/2025,Model Town,C1155,Sara Iqbal,Male,Lahore,Stationery,Notebook,Dollar,1,180,0,180,120,60,Debit Card,Hamza,4.5
ORD14107,25/07/2025,Gulberg,C1090,Ali Raza,Male,Lahore,Grocery,Tea 475g,Tapal,5,980,15,4165,4100,65,Debit Card,Ahmed,4.6
ORD14108,03/04/2025,Model Town,C1222,Umar Khan,Female,Lahore,Stationery,Marker,Dollar,4,120,15,408,320,88,Debit Card,Hassan,3.8
ORD14109,26/10/2025,Model Town,C1401,Maryam Sheikh,Female,Lahore,Bakery,Cake,Gourmet,3,900,0,2700,2100,600,Easypaisa,Ahmed,4.7
ORD14110,24/06/2025,Gulberg,C1348,Ali Khan,Male,Lahore,Electronics,Mouse,Logitech,5,1800,0,9000,7000,2000,Cash,Hamza,4.4
ORD14111,06/04/2025,Gulberg,C1360,Hamza Sheikh,Female,Lahore,Electronics,Mouse,Logitech,5,1800,20,7200,7000,200,Credit Card,Ali,4.4
ORD14112,28/05/2025,Model Town,C1068,Umar Khan,Female,Lahore,Grocery,Cooking Oil 1L,Dalda,3,650,5,1852.5,1560,292.5,Cash,Usman,4.4
ORD14113,27/10/2025,Gulberg,C1596,Ahmed Ahmed,Female,Lahore,Bakery,Bread,Dawn,4,120,15,408,320,88,JazzCash,Hassan,4.1
ORD14114,25/09/2025,Johar Town,C1096,Ayesha Chaudhry,Female,Lahore,Electronics,Power Bank,Xiaomi,1,4500,5,4275,3600,675,JazzCash,Ali,5
ORD14115,02/09/2025,Gulberg,C1710,Zain Khan,Female,Lahore,Home,Soap,Lux,3,180,10,486,390,96,Debit Card,Umar,4
ORD14116,12/04/2025,DHA,C1661,Zain Butt,Male,Lahore,Stationery,Notebook,Dollar,3,180,15,459,360,99,JazzCash,Zain,3.6
ORD14117,03/10/2025,Johar Town,C1598,Ali Malik,Female,Lahore,Beverages,Nestle Water 1.5L,Nestle,4,90,0,360,240,120,Easypaisa,Bilal,4.3
ORD14118,15/08/2025,Johar Town,C1791,Hamza Ahmed,Female,Lahore,Electronics,Keyboard,A4Tech,4,2800,10,10080,8800,1280,Debit Card,Bilal,4.5
ORD14119,10/09/2025,Model Town,C1002,Fatima Ahmed,Male,Lahore,Electronics,Mouse,Logitech,5,1800,5,8550,7000,1550,Cash,Umar,4.3
ORD14120,14/01/2025,Gulberg,C1119,Ali Malik,Male,Lahore,Beverages,Coca Cola 1.5L,Coca-Cola,5,220,0,1100,850,250,Cash,Usman,4.8
ORD14121,12/05/2025,Wapda Town,C1026,Sara Chaudhry,Female,Lahore,Grocery,Tea 475g,Tapal,1,980,20,784,820,-36,Easypaisa,Zain,3.7
ORD14122,25/07/2025,Model Town,C1406,Bilal Raza,Female,Lahore,Home,Detergent 1kg,Surf Excel,5,850,0,4250,3400,850,JazzCash,Ahmed,3.9
ORD14123,30/10/2025,Model Town,C1663,Usman Butt,Male,Lahore,Electronics,Power Bank,Xiaomi,4,4500,0,18000,14400,3600,Easypaisa,Umar,3.7
ORD14124,23/02/2025,Johar Town,C1742,Umar Khan,Male,Lahore,Grocery,Sugar 1kg,Shan,3,180,0,540,450,90,JazzCash,Bilal,4.8
ORD14125,31/07/2025,Johar Town,C1094,Maryam Iqbal,Female,Lahore,Electronics,Power Bank,Xiaomi,3,4500,20,10800,10800,0,JazzCash,Hamza,4.9
ORD14126,16/11/2025,Model Town,C1282,Hamza Malik,Male,Lahore,Bakery,Bread,Dawn,2,120,20,192,160,32,JazzCash,Ahmed,3.8
ORD14127,05/10/2025,Gulberg,C1655,Bilal Raza,Female,Lahore,Electronics,Power Bank,Xiaomi,4,4500,15,15300,14400,900,Debit Card,Hassan,4.5
ORD14128,14/08/2025,Gulberg,C1525,Hamza Chaudhry,Female,Lahore,Beverages,Coca Cola 1.5L,Coca-Cola,1,220,20,176,170,6,Debit Card,Umar,4.4
ORD14129,15/08/2025,Johar Town,C1670,Bilal Butt,Male,Lahore,Home,Detergent 1kg,Surf Excel,1,850,20,680,680,0,Cash,Usman,3.9
ORD14130,31/10/2025,DHA,C1161,Hassan Raza,Female,Lahore,Beverages,Nestle Water 1.5L,Nestle,4,90,20,288,240,48,Cash,Zain,3.6
ORD14131,23/03/2025,Gulberg,C1536,Sara Sheikh,Male,Lahore,Grocery,Tea 475g,Tapal,4,980,15,3332,3280,52,Cash,Ahmed,4.1
ORD14132,07/08/2025,Wapda Town,C1694,Usman Raza,Male,Lahore,Electronics,Power Bank,Xiaomi,5,4500,15,19125,18000,1125,Credit Card,Hamza,4
ORD14133,08/03/2025,DHA,C1720,Zain Khan,Female,Lahore,Bakery,Bread,Dawn,5,120,10,540,400,140,Credit Card,Zain,3.5
ORD14134,30/04/2025,Wapda Town,C1204,Maryam Raza,Female,Lahore,Bakery,Cake,Gourmet,4,900,5,3420,2800,620,Easypaisa,Ahmed,4.3
ORD14135,12/05/2025,Gulberg,C1141,Sara Sheikh,Female,Lahore,Electronics,Power Bank,Xiaomi,5,4500,15,19125,18000,1125,Debit Card,Usman,4.5
ORD14136,30/12/2025,Gulberg,C1491,Ali Chaudhry,Male,Lahore,Beverages,Pepsi 1.5L,Pepsi,3,220,5,627,510,117,JazzCash,Ahmed,4.7
ORD14137,28/12/2025,Model Town,C1024,Ahmed Iqbal,Male,Lahore,Bakery,Cake,Gourmet,4,900,20,2880,2800,80,JazzCash,Hassan,4.9
ORD14138,03/05/2025,Wapda Town,C1541,Usman Raza,Female,Lahore,Electronics,Keyboard,A4Tech,1,2800,5,2660,2200,460,Credit Card,Ali,4.3
ORD14139,13/04/2025,DHA,C1667,Ayesha Raza,Male,Lahore,Home,Shampoo,Sunsilk,5,620,0,3100,2500,600,Credit Card,Ahmed,4.2
ORD14140,07/06/2025,Johar Town,C1610,Hamza Khan,Male,Lahore,Beverages,Nestle Water 1.5L,Nestle,2,90,0,180,120,60,Easypaisa,Hamza,4.2
ORD14141,20/06/2025,Johar Town,C1768,Hamza Chaudhry,Female,Lahore,Electronics,Mouse,Logitech,1,1800,10,1620,1400,220,Cash,Hassan,4.1
ORD14142,20/08/2025,DHA,C1186,Bilal Chaudhry,Female,Lahore,Beverages,Pepsi 1.5L,Pepsi,4,220,0,880,680,200,Cash,Zain,4.6
ORD14143,17/02/2025,Wapda Town,C1324,Umar Sheikh,Male,Lahore,Home,Shampoo,Sunsilk,2,620,5,1178,1000,178,Credit Card,Usman,4.9
ORD14144,16/05/2025,Wapda Town,C1351,Ahmed Chaudhry,Male,Lahore,Stationery,Notebook,Dollar,4,180,10,648,480,168,Easypaisa,Zain,4.6
ORD14145,31/08/2025,DHA,C1401,Ali Ahmed,Female,Lahore,Beverages,Pepsi 1.5L,Pepsi,4,220,0,880,680,200,Credit Card,Ali,4.4
ORD14146,06/06/2025,Johar Town,C1336,Umar Malik,Female,Lahore,Grocery,Basmati Rice 5kg,Guard,1,3200,20,2560,2600,-40,JazzCash,Hamza,4.7
ORD14147,17/08/2025,Model Town,C1491,Umar Iqbal,Female,Lahore,Bakery,Bread,Dawn,5,120,15,510,400,110,Cash,Usman,3.8
ORD14148,30/08/2025,Johar Town,C1463,Bilal Khan,Male,Lahore,Grocery,Sugar 1kg,Shan,3,180,0,540,450,90,JazzCash,Usman,4.1
ORD14149,02/07/2025,Wapda Town,C1229,Zain Sheikh,Female,Lahore,Stationery,Pen,Dollar,3,60,5,171,105,66,Credit Card,Hamza,3.8
ORD14150,09/07/2025,Johar Town,C1798,Bilal Malik,Female,Lahore,Electronics,Keyboard,A4Tech,3,2800,0,8400,6600,1800,Credit Card,Zain,4
ORD14151,24/07/2025,Gulberg,C1593,Bilal Chaudhry,Male,Lahore,Stationery,Pen,Dollar,2,60,5,114,70,44,Credit Card,Bilal,4.8
ORD14152,11/09/2025,Wapda Town,C1678,Maryam Khan,Male,Lahore,Home,Soap,Lux,5,180,5,855,650,205,JazzCash,Umar,4.1
ORD14153,20/12/2025,DHA,C1246,Fatima Iqbal,Male,Lahore,Bakery,Bread,Dawn,4,120,0,480,320,160,JazzCash,Umar,3.6
ORD14154,30/06/2025,DHA,C1231,Ali Butt,Female,Lahore,Stationery,Marker,Dollar,2,120,10,216,160,56,Debit Card,Zain,4
ORD14155,01/04/2025,DHA,C1549,Ali Raza,Female,Lahore,Electronics,Mouse,Logitech,2,1800,20,2880,2800,80,JazzCash,Hamza,4.6
ORD14156,18/11/2025,Gulberg,C1553,Maryam Chaudhry,Female,Lahore,Bakery,Cake,Gourmet,5,900,20,3600,3500,100,Debit Card,Bilal,4.9
ORD14157,31/03/2025,Model Town,C1107,Ahmed Iqbal,Female,Lahore,Home,Detergent 1kg,Surf Excel,3,850,15,2167.5,2040,127.5,JazzCash,Umar,3.8
ORD14158,02/10/2025,Model Town,C1161,Ahmed Chaudhry,Male,Lahore,Grocery,Sugar 1kg,Shan,4,180,0,720,600,120,Easypaisa,Umar,4.8
ORD14159,01/05/2025,Gulberg,C1299,Ali Malik,Male,Lahore,Stationery,Marker,Dollar,4,120,5,456,320,136,JazzCash,Ali,4.1
ORD14160,01/08/2025,DHA,C1765,Zain Sheikh,Female,Lahore,Stationery,Notebook,Dollar,4,180,5,684,480,204,Easypaisa,Hamza,3.8
ORD14161,08/02/2025,Model Town,C1584,Zain Butt,Male,Lahore,Bakery,Bread,Dawn,2,120,10,216,160,56,Credit Card,Umar,4.1
ORD14162,10/10/2025,Gulberg,C1402,Ayesha Ahmed,Female,Lahore,Home,Soap,Lux,1,180,15,153,130,23,JazzCash,Zain,4.2
ORD14163,14/03/2025,Johar Town,C1197,Hamza Butt,Male,Lahore,Electronics,Keyboard,A4Tech,5,2800,10,12600,11000,1600,Cash,Hassan,3.9
ORD14164,05/02/2025,DHA,C1276,Usman Raza,Female,Lahore,Beverages,Coca Cola 1.5L,Coca-Cola,2,220,10,396,340,56,Cash,Ali,4
ORD14165,11/06/2025,Wapda Town,C1116,Sara Iqbal,Male,Lahore,Bakery,Bread,Dawn,2,120,0,240,160,80,Easypaisa,Ali,4.7
ORD14166,01/01/2025,Model Town,C1669,Umar Malik,Male,Lahore,Home,Detergent 1kg,Surf Excel,4,850,15,2890,2720,170,Debit Card,Ali,4.7
ORD14167,20/07/2025,Johar Town,C1198,Umar Raza,Male,Lahore,Electronics,Keyboard,A4Tech,2,2800,20,4480,4400,80,Credit Card,Zain,5
ORD14168,25/04/2025,Gulberg,C1034,Ahmed Butt,Female,Lahore,Electronics,Mouse,Logitech,2,1800,5,3420,2800,620,Credit Card,Hamza,4.2
ORD14169,02/11/2025,Wapda Town,C1367,Sara Chaudhry,Female,Lahore,Grocery,Sugar 1kg,Shan,5,180,20,720,750,-30,Cash,Hassan,3.6
ORD14170,03/09/2025,Johar Town,C1379,Fatima Malik,Male,Lahore,Grocery,Sugar 1kg,Shan,4,180,20,576,600,-24,Cash,Ali,4.8
ORD14171,21/04/2025,Johar Town,C1406,Ayesha Malik,Female,Lahore,Electronics,Keyboard,A4Tech,3,2800,15,7140,6600,540,JazzCash,Hamza,3.9
ORD14172,20/11/2025,Wapda Town,C1520,Ahmed Khan,Female,Lahore,Electronics,Power Bank,Xiaomi,3,4500,10,12150,10800,1350,Debit Card,Usman,4.7
ORD14173,18/08/2025,Model Town,C1727,Ali Raza,Male,Lahore,Beverages,Nestle Water 1.5L,Nestle,2,90,0,180,120,60,JazzCash,Bilal,3.7
ORD14174,09/11/2025,Johar Town,C1273,Ayesha Raza,Male,Lahore,Beverages,Pepsi 1.5L,Pepsi,1,220,20,176,170,6,Credit Card,Ahmed,4.1
ORD14175,06/12/2025,Wapda Town,C1593,Maryam Malik,Female,Lahore,Home,Shampoo,Sunsilk,2,620,0,1240,1000,240,Debit Card,Ali,3.6
ORD14176,10/01/2025,Wapda Town,C1518,Hassan Khan,Male,Lahore,Beverages,Nestle Water 1.5L,Nestle,2,90,20,144,120,24,Credit Card,Ahmed,4.7
ORD14177,13/12/2025,Model Town,C1437,Ahmed Sheikh,Male,Lahore,Electronics,Power Bank,Xiaomi,3,4500,10,12150,10800,1350,Easypaisa,Ahmed,4.9
ORD14178,20/01/2025,DHA,C1699,Maryam Raza,Female,Lahore,Electronics,Power Bank,Xiaomi,1,4500,0,4500,3600,900,JazzCash,Ahmed,3.6
ORD14179,25/12/2025,Johar Town,C1427,Ali Iqbal,Female,Lahore,Beverages,Pepsi 1.5L,Pepsi,3,220,5,627,510,117,Credit Card,Hassan,3.8
ORD14180,25/02/2025,DHA,C1635,Zain Butt,Male,Lahore,Grocery,Sugar 1kg,Shan,3,180,20,432,450,-18,Easypaisa,Ali,4.4
ORD14181,15/11/2025,Johar Town,C1389,Bilal Ahmed,Female,Lahore,Stationery,Notebook,Dollar,5,180,0,900,600,300,Easypaisa,Zain,4.9
ORD14182,19/10/2025,DHA,C1556,Zain Malik,Female,Lahore,Beverages,Pepsi 1.5L,Pepsi,3,220,20,528,510,18,Cash,Ahmed,4.8
ORD14183,08/02/2025,Gulberg,C1349,Zain Malik,Female,Lahore,Home,Shampoo,Sunsilk,1,620,0,620,500,120,Cash,Hamza,3.9
ORD14184,08/11/2025,Wapda Town,C1505,Hassan Butt,Male,Lahore,Electronics,Keyboard,A4Tech,2,2800,10,5040,4400,640,Cash,Hamza,3.6
ORD14185,01/03/2025,Gulberg,C1368,Hassan Butt,Female,Lahore,Electronics,Mouse,Logitech,3,1800,5,5130,4200,930,Easypaisa,Usman,4.9
ORD14186,13/12/2025,Gulberg,C1308,Sara Chaudhry,Male,Lahore,Bakery,Cake,Gourmet,5,900,20,3600,3500,100,Credit Card,Hamza,3.9
ORD14187,25/12/2025,Model Town,C1584,Maryam Malik,Male,Lahore,Electronics,Keyboard,A4Tech,3,2800,0,8400,6600,1800,Credit Card,Ahmed,4.8
ORD14188,23/11/2025,Gulberg,C1656,Sara Malik,Female,Lahore,Home,Shampoo,Sunsilk,3,620,0,1860,1500,360,Debit Card,Ali,4.4
ORD14189,01/05/2025,Model Town,C1788,Umar Chaudhry,Female,Lahore,Bakery,Cake,Gourmet,5,900,0,4500,3500,1000,Cash,Zain,3.7
ORD14190,17/09/2025,Wapda Town,C1734,Ali Raza,Male,Lahore,Electronics,Power Bank,Xiaomi,5,4500,15,19125,18000,1125,JazzCash,Bilal,3.7
ORD14191,08/01/2025,DHA,C1496,Fatima Malik,Male,Lahore,Grocery,Cooking Oil 1L,Dalda,3,650,20,1560,1560,0,Debit Card,Umar,3.5
ORD14192,20/08/2025,Gulberg,C1378,Fatima Sheikh,Female,Lahore,Home,Detergent 1kg,Surf Excel,1,850,5,807.5,680,127.5,JazzCash,Zain,3.8
ORD14193,01/02/2025,Wapda Town,C1080,Hassan Raza,Male,Lahore,Home,Soap,Lux,5,180,15,765,650,115,JazzCash,Zain,4.5
ORD14194,02/03/2025,Gulberg,C1567,Ahmed Malik,Female,Lahore,Electronics,Mouse,Logitech,3,1800,0,5400,4200,1200,Cash,Umar,4.8
ORD14195,02/01/2025,DHA,C1746,Zain Ahmed,Male,Lahore,Grocery,Sugar 1kg,Shan,5,180,10,810,750,60,Debit Card,Bilal,4.3
ORD14196,23/02/2025,DHA,C1335,Hassan Sheikh,Male,Lahore,Grocery,Sugar 1kg,Shan,3,180,5,513,450,63,Credit Card,Zain,4.1
ORD14197,20/05/2025,Wapda Town,C1457,Ali Ahmed,Male,Lahore,Electronics,Mouse,Logitech,2,1800,20,2880,2800,80,JazzCash,Hassan,4.5
ORD14198,04/03/2025,Gulberg,C1509,Umar Ahmed,Male,Lahore,Electronics,Mouse,Logitech,5,1800,10,8100,7000,1100,Cash,Bilal,4.3
ORD14199,30/04/2025,Model Town,C1768,Hamza Butt,Female,Lahore,Beverages,Coca Cola 1.5L,Coca-Cola,1,220,20,176,170,6,Cash,Usman,3.7
ORD14200,31/07/2025,Gulberg,C1720,Zain Khan,Male,Lahore,Stationery,Marker,Dollar,3,120,20,288,240,48,Cash,Ali,3.7
ORD14201,17/04/2025,Model Town,C1466,Sara Sheikh,Female,Lahore,Beverages,Nestle Water 1.5L,Nestle,1,90,0,90,60,30,Credit Card,Hamza,4.5
ORD14202,06/05/2025,Model Town,C1518,Bilal Ahmed,Female,Lahore,Beverages,Pepsi 1.5L,Pepsi,5,220,5,1045,850,195,Debit Card,Bilal,3.9
ORD14203,28/03/2025,DHA,C1679,Sara Khan,Female,Lahore,Beverages,Nestle Water 1.5L,Nestle,1,90,15,76.5,60,16.5,Debit Card,Ahmed,4
ORD14204,11/11/2025,Johar Town,C1538,Zain Ahmed,Female,Lahore,Electronics,Mouse,Logitech,5,1800,10,8100,7000,1100,JazzCash,Hassan,4.1
ORD14205,19/06/2025,Gulberg,C1717,Fatima Chaudhry,Male,Lahore,Home,Soap,Lux,2,180,0,360,260,100,Easypaisa,Bilal,4.9
ORD14206,04/03/2025,DHA,C1759,Ayesha Ahmed,Female,Lahore,Grocery,Sugar 1kg,Shan,5,180,0,900,750,150,Credit Card,Zain,3.6
ORD14207,09/06/2025,Wapda Town,C1435,Bilal Malik,Female,Lahore,Bakery,Cookies,LU,3,250,5,712.5,540,172.5,Debit Card,Usman,3.6
ORD14208,12/04/2025,DHA,C1796,Fatima Chaudhry,Male,Lahore,Beverages,Nestle Water 1.5L,Nestle,3,90,5,256.5,180,76.5,JazzCash,Ahmed,4.5
ORD14209,12/01/2025,Johar Town,C1394,Hamza Ahmed,Male,Lahore,Beverages,Nestle Water 1.5L,Nestle,1,90,15,76.5,60,16.5,Credit Card,Usman,3.5
ORD14210,17/11/2025,Johar Town,C1110,Bilal Iqbal,Female,Lahore,Electronics,Keyboard,A4Tech,5,2800,0,14000,11000,3000,Debit Card,Zain,3.8
ORD14211,22/04/2025,Johar Town,C1017,Ali Ahmed,Male,Lahore,Grocery,Cooking Oil 1L,Dalda,3,650,0,1950,1560,390,Debit Card,Ali,3.9
ORD14212,04/06/2025,Johar Town,C1477,Zain Chaudhry,Male,Lahore,Electronics,Mouse,Logitech,1,1800,10,1620,1400,220,Credit Card,Zain,4.5
ORD14213,12/11/2025,Model Town,C1025,Zain Butt,Female,Lahore,Beverages,Nestle Water 1.5L,Nestle,2,90,15,153,120,33,Cash,Bilal,4.3
ORD14214,24/07/2025,Wapda Town,C1754,Fatima Chaudhry,Male,Lahore,Bakery,Cake,Gourmet,4,900,20,2880,2800,80,Credit Card,Hamza,4.5
ORD14215,12/08/2025,Johar Town,C1357,Ali Chaudhry,Female,Lahore,Stationery,Pen,Dollar,1,60,0,60,35,25,Credit Card,Hamza,4.2
ORD14216,25/12/2025,Johar Town,C1579,Umar Khan,Male,Lahore,Home,Shampoo,Sunsilk,4,620,5,2356,2000,356,Easypaisa,Ali,4.9
ORD14217,12/11/2025,DHA,C1651,Usman Butt,Male,Lahore,Electronics,Keyboard,A4Tech,3,2800,0,8400,6600,1800,Cash,Ali,3.7
ORD14218,05/09/2025,DHA,C1584,Maryam Malik,Male,Lahore,Grocery,Sugar 1kg,Shan,2,180,5,342,300,42,Debit Card,Hassan,4.6
ORD14219,13/02/2025,Model Town,C1077,Umar Sheikh,Female,Lahore,Electronics,Mouse,Logitech,2,1800,0,3600,2800,800,Credit Card,Bilal,4.9
ORD14220,31/07/2025,Gulberg,C1115,Sara Iqbal,Male,Lahore,Bakery,Cookies,LU,1,250,15,212.5,180,32.5,Cash,Ali,4.1
ORD14221,07/10/2025,Gulberg,C1202,Ayesha Ahmed,Female,Lahore,Home,Detergent 1kg,Surf Excel,2,850,20,1360,1360,0,Credit Card,Hamza,3.5
ORD14222,25/07/2025,Johar Town,C1742,Bilal Iqbal,Female,Lahore,Electronics,Mouse,Logitech,2,1800,15,3060,2800,260,Easypaisa,Hassan,4.2
ORD14223,24/05/2025,DHA,C1027,Fatima Khan,Female,Lahore,Home,Shampoo,Sunsilk,5,620,15,2635,2500,135,Easypaisa,Ali,3.6
ORD14224,12/09/2025,Gulberg,C1062,Usman Chaudhry,Female,Lahore,Bakery,Cookies,LU,3,250,10,675,540,135,JazzCash,Bilal,3.8
ORD14225,07/06/2025,Model Town,C1400,Umar Khan,Female,Lahore,Beverages,Coca Cola 1.5L,Coca-Cola,5,220,5,1045,850,195,Credit Card,Hamza,4.7
ORD14226,23/08/2025,Gulberg,C1417,Ahmed Butt,Female,Lahore,Grocery,Basmati Rice 5kg,Guard,5,3200,20,12800,13000,-200,Easypaisa,Hassan,3.9
ORD14227,17/08/2025,Model Town,C1531,Maryam Raza,Female,Lahore,Home,Soap,Lux,5,180,15,765,650,115,Debit Card,Umar,4.8
ORD14228,21/12/2025,Wapda Town,C1108,Hamza Sheikh,Female,Lahore,Beverages,Nestle Water 1.5L,Nestle,1,90,20,72,60,12,Credit Card,Bilal,3.7
ORD14229,20/04/2025,Model Town,C1612,Ayesha Khan,Female,Lahore,Electronics,Keyboard,A4Tech,3,2800,10,7560,6600,960,JazzCash,Ahmed,4.2
ORD14230,15/08/2025,DHA,C1216,Ali Khan,Male,Lahore,Stationery,Notebook,Dollar,3,180,10,486,360,126,Easypaisa,Hassan,3.7
ORD14231,15/05/2025,DHA,C1602,Usman Ahmed,Male,Lahore,Grocery,Cooking Oil 1L,Dalda,4,650,5,2470,2080,390,JazzCash,Zain,4.1
ORD14232,20/12/2025,DHA,C1351,Zain Butt,Female,Lahore,Beverages,Coca Cola 1.5L,Coca-Cola,1,220,10,198,170,28,Cash,Umar,4.2
ORD14233,21/11/2025,Johar Town,C1666,Umar Raza,Male,Lahore,Bakery,Cookies,LU,4,250,10,900,720,180,Credit Card,Hassan,4.2
ORD14234,21/03/2025,Gulberg,C1190,Usman Khan,Female,Lahore,Bakery,Cake,Gourmet,2,900,5,1710,1400,310,Cash,Ahmed,4.1
ORD14235,20/10/2025,Model Town,C1349,Usman Khan,Male,Lahore,Home,Detergent 1kg,Surf Excel,4,850,5,3230,2720,510,Credit Card,Umar,4.1
ORD14236,15/11/2025,Johar Town,C1383,Ali Khan,Male,Lahore,Home,Soap,Lux,2,180,15,306,260,46,Debit Card,Ali,4.6
ORD14237,25/06/2025,Johar Town,C1061,Hamza Khan,Female,Lahore,Home,Shampoo,Sunsilk,5,620,5,2945,2500,445,Credit Card,Ahmed,4.1
ORD14238,18/10/2025,Wapda Town,C1533,Bilal Raza,Female,Lahore,Home,Shampoo,Sunsilk,1,620,10,558,500,58,Debit Card,Hassan,4.1
ORD14239,25/10/2025,Gulberg,C1694,Usman Khan,Female,Lahore,Electronics,Mouse,Logitech,1,1800,0,1800,1400,400,Easypaisa,Hamza,4.6
ORD14240,02/06/2025,Johar Town,C1099,Hamza Ahmed,Female,Lahore,Grocery,Tea 475g,Tapal,2,980,5,1862,1640,222,Credit Card,Ali,4.4
ORD14241,31/08/2025,Gulberg,C1346,Fatima Sheikh,Female,Lahore,Bakery,Bread,Dawn,5,120,15,510,400,110,Debit Card,Ali,4.9
ORD14242,14/12/2025,Gulberg,C1508,Ali Raza,Male,Lahore,Beverages,Coca Cola 1.5L,Coca-Cola,2,220,5,418,340,78,Cash,Ahmed,4.9
ORD14243,23/08/2025,Model Town,C1260,Sara Iqbal,Male,Lahore,Beverages,Pepsi 1.5L,Pepsi,2,220,20,352,340,12,Easypaisa,Umar,4.9
ORD14244,26/03/2025,Gulberg,C1498,Umar Chaudhry,Female,Lahore,Bakery,Cake,Gourmet,4,900,0,3600,2800,800,Debit Card,Ahmed,3.7
ORD14245,02/02/2025,Wapda Town,C1155,Hassan Malik,Female,Lahore,Beverages,Pepsi 1.5L,Pepsi,3,220,5,627,510,117,Debit Card,Usman,3.8
ORD14246,10/09/2025,Wapda Town,C1031,Umar Malik,Male,Lahore,Electronics,Mouse,Logitech,3,1800,10,4860,4200,660,Credit Card,Bilal,4.3
ORD14247,09/11/2025,Gulberg,C1286,Ahmed Butt,Female,Lahore,Home,Shampoo,Sunsilk,3,620,15,1581,1500,81,Cash,Hamza,4.6
ORD14248,07/07/2025,Model Town,C1600,Hassan Malik,Female,Lahore,Electronics,Power Bank,Xiaomi,3,4500,5,12825,10800,2025,Cash,Usman,3.7
ORD14249,02/06/2025,Wapda Town,C1763,Ali Raza,Female,Lahore,Stationery,Pen,Dollar,1,60,15,51,35,16,Easypaisa,Ali,3.6
ORD14250,09/11/2025,DHA,C1085,Sara Khan,Female,Lahore,Home,Shampoo,Sunsilk,3,620,10,1674,1500,174,Debit Card,Umar,4.2
ORD14251,17/01/2025,Gulberg,C1339,Ali Malik,Female,Lahore,Beverages,Nestle Water 1.5L,Nestle,4,90,15,306,240,66,Easypaisa,Usman,3.9
ORD14252,19/08/2025,DHA,C1407,Ali Raza,Female,Lahore,Beverages,Coca Cola 1.5L,Coca-Cola,4,220,10,792,680,112,Cash,Ali,4.4
ORD14253,17/01/2025,Johar Town,C1191,Zain Sheikh,Female,Lahore,Home,Soap,Lux,4,180,5,684,520,164,JazzCash,Ali,4.6
ORD14254,09/02/2025,Johar Town,C1356,Sara Butt,Female,Lahore,Home,Shampoo,Sunsilk,3,620,0,1860,1500,360,Debit Card,Ali,4.1
ORD14255,30/05/2025,Johar Town,C1357,Hassan Raza,Male,Lahore,Beverages,Pepsi 1.5L,Pepsi,2,220,20,352,340,12,JazzCash,Umar,4
ORD14256,02/09/2025,DHA,C1696,Ayesha Butt,Male,Lahore,Home,Detergent 1kg,Surf Excel,4,850,15,2890,2720,170,Credit Card,Zain,4.8
ORD14257,24/09/2025,Model Town,C1600,Fatima Malik,Male,Lahore,Beverages,Coca Cola 1.5L,Coca-Cola,4,220,0,880,680,200,Credit Card,Ahmed,4.3
ORD14258,10/04/2025,Gulberg,C1361,Zain Butt,Female,Lahore,Home,Shampoo,Sunsilk,2,620,15,1054,1000,54,Easypaisa,Hamza,4.1
ORD14259,23/09/2025,DHA,C1428,Hamza Malik,Male,Lahore,Grocery,Basmati Rice 5kg,Guard,4,3200,20,10240,10400,-160,Cash,Ahmed,3.8
ORD14260,15/03/2025,Johar Town,C1709,Umar Khan,Female,Lahore,Home,Soap,Lux,1,180,20,144,130,14,Easypaisa,Ahmed,4.4
ORD14261,14/10/2025,Gulberg,C1272,Usman Ahmed,Male,Lahore,Grocery,Cooking Oil 1L,Dalda,2,650,15,1105,1040,65,Easypaisa,Bilal,4.2
ORD14262,01/04/2025,Johar Town,C1647,Usman Sheikh,Female,Lahore,Home,Shampoo,Sunsilk,2,620,20,992,1000,-8,JazzCash,Zain,3.9
ORD14263,13/09/2025,Johar Town,C1747,Maryam Malik,Female,Lahore,Home,Shampoo,Sunsilk,2,620,20,992,1000,-8,JazzCash,Hassan,3.7
ORD14264,08/06/2025,Gulberg,C1632,Hamza Ahmed,Female,Lahore,Grocery,Tea 475g,Tapal,2,980,20,1568,1640,-72,Cash,Ahmed,4.4
ORD14265,17/09/2025,Wapda Town,C1213,Hassan Sheikh,Male,Lahore,Grocery,Basmati Rice 5kg,Guard,3,3200,0,9600,7800,1800,Easypaisa,Usman,5
ORD14266,04/06/2025,DHA,C1617,Bilal Butt,Female,Lahore,Electronics,Mouse,Logitech,2,1800,15,3060,2800,260,Easypaisa,Hassan,4.7
ORD14267,20/12/2025,Johar Town,C1152,Ahmed Iqbal,Female,Lahore,Stationery,Marker,Dollar,4,120,5,456,320,136,Debit Card,Usman,4
ORD14268,19/02/2025,Johar Town,C1581,Ayesha Raza,Female,Lahore,Home,Shampoo,Sunsilk,5,620,5,2945,2500,445,Cash,Ali,4.6
ORD14269,22/07/2025,Gulberg,C1560,Umar Butt,Female,Lahore,Electronics,Power Bank,Xiaomi,1,4500,15,3825,3600,225,JazzCash,Zain,4.8
ORD14270,26/04/2025,Gulberg,C1754,Hamza Chaudhry,Female,Lahore,Beverages,Nestle Water 1.5L,Nestle,4,90,15,306,240,66,Debit Card,Hamza,4.1
ORD14271,06/06/2025,Gulberg,C1218,Usman Khan,Female,Lahore,Home,Detergent 1kg,Surf Excel,1,850,20,680,680,0,Debit Card,Hassan,4.6
ORD14272,02/03/2025,DHA,C1410,Hamza Iqbal,Male,Lahore,Bakery,Cake,Gourmet,1,900,20,720,700,20,Easypaisa,Hassan,4.1
ORD14273,22/12/2025,Model Town,C1470,Maryam Sheikh,Female,Lahore,Stationery,Marker,Dollar,3,120,0,360,240,120,Credit Card,Ali,4.9
ORD14274,02/11/2025,Model Town,C1063,Maryam Butt,Male,Lahore,Home,Soap,Lux,5,180,15,765,650,115,Debit Card,Hamza,3.9
ORD14275,06/06/2025,Gulberg,C1297,Hassan Chaudhry,Male,Lahore,Bakery,Cake,Gourmet,5,900,10,4050,3500,550,Credit Card,Hassan,4.8
ORD14276,09/05/2025,Model Town,C1160,Umar Malik,Male,Lahore,Beverages,Coca Cola 1.5L,Coca-Cola,5,220,0,1100,850,250,Easypaisa,Umar,4.2
ORD14277,20/05/2025,Johar Town,C1102,Usman Raza,Male,Lahore,Stationery,Pen,Dollar,2,60,5,114,70,44,Cash,Umar,3.8
ORD14278,20/09/2025,Model Town,C1209,Ahmed Chaudhry,Female,Lahore,Grocery,Basmati Rice 5kg,Guard,2,3200,10,5760,5200,560,Cash,Ahmed,4.5
ORD14279,30/10/2025,DHA,C1016,Fatima Malik,Male,Lahore,Electronics,Power Bank,Xiaomi,2,4500,20,7200,7200,0,Debit Card,Umar,3.7
ORD14280,02/06/2025,Johar Town,C1326,Zain Sheikh,Male,Lahore,Electronics,Mouse,Logitech,3,1800,0,5400,4200,1200,Credit Card,Hassan,3.6
ORD14281,14/08/2025,Johar Town,C1778,Hamza Raza,Female,Lahore,Grocery,Basmati Rice 5kg,Guard,4,3200,5,12160,10400,1760,Cash,Zain,4.8
ORD14282,19/04/2025,DHA,C1310,Ahmed Chaudhry,Female,Lahore,Beverages,Nestle Water 1.5L,Nestle,5,90,5,427.5,300,127.5,JazzCash,Usman,4.5
ORD14283,17/03/2025,Wapda Town,C1661,Sara Raza,Female,Lahore,Grocery,Tea 475g,Tapal,5,980,5,4655,4100,555,JazzCash,Ahmed,3.8
ORD14284,20/09/2025,Wapda Town,C1428,Sara Ahmed,Male,Lahore,Electronics,Keyboard,A4Tech,4,2800,0,11200,8800,2400,Easypaisa,Usman,4.1
ORD14285,31/05/2025,DHA,C1330,Hassan Sheikh,Female,Lahore,Bakery,Cake,Gourmet,2,900,0,1800,1400,400,Cash,Hassan,3.8
ORD14286,22/09/2025,Model Town,C1709,Bilal Sheikh,Male,Lahore,Home,Detergent 1kg,Surf Excel,2,850,15,1445,1360,85,Easypaisa,Ali,4.1
ORD14287,06/01/2025,Model Town,C1699,Ali Chaudhry,Male,Lahore,Electronics,Keyboard,A4Tech,2,2800,5,5320,4400,920,Easypaisa,Umar,3.6
ORD14288,13/09/2025,Model Town,C1621,Hamza Malik,Male,Lahore,Stationery,Pen,Dollar,4,60,0,240,140,100,Debit Card,Ali,4.2
ORD14289,28/09/2025,Wapda Town,C1789,Ayesha Butt,Female,Lahore,Bakery,Cookies,LU,1,250,15,212.5,180,32.5,Easypaisa,Usman,4.8
ORD14290,20/05/2025,Johar Town,C1067,Sara Ahmed,Female,Lahore,Grocery,Tea 475g,Tapal,2,980,20,1568,1640,-72,Easypaisa,Umar,4
ORD14291,20/12/2025,DHA,C1015,Ahmed Butt,Female,Lahore,Bakery,Cookies,LU,3,250,15,637.5,540,97.5,Credit Card,Hassan,4.8
ORD14292,20/08/2025,Model Town,C1106,Umar Ahmed,Female,Lahore,Electronics,Keyboard,A4Tech,1,2800,10,2520,2200,320,Debit Card,Bilal,3.6
ORD14293,05/11/2025,DHA,C1289,Hamza Chaudhry,Female,Lahore,Home,Detergent 1kg,Surf Excel,4,850,15,2890,2720,170,JazzCash,Ahmed,4.4
ORD14294,15/02/2025,Wapda Town,C1362,Umar Malik,Female,Lahore,Electronics,Mouse,Logitech,3,1800,0,5400,4200,1200,Cash,Hassan,4.3
ORD14295,27/11/2025,Johar Town,C1195,Ahmed Malik,Male,Lahore,Electronics,Mouse,Logitech,5,1800,20,7200,7000,200,JazzCash,Hamza,4.2
ORD14296,21/04/2025,DHA,C1633,Sara Ahmed,Female,Lahore,Electronics,Mouse,Logitech,3,1800,20,4320,4200,120,Easypaisa,Hamza,3.9
ORD14297,05/07/2025,Johar Town,C1343,Maryam Raza,Male,Lahore,Bakery,Cookies,LU,5,250,5,1187.5,900,287.5,Easypaisa,Hamza,3.8
ORD14298,27/07/2025,Gulberg,C1473,Ahmed Sheikh,Female,Lahore,Beverages,Nestle Water 1.5L,Nestle,4,90,0,360,240,120,Debit Card,Zain,4.4
ORD14299,20/06/2025,DHA,C1049,Umar Iqbal,Male,Lahore,Electronics,Mouse,Logitech,5,1800,10,8100,7000,1100,JazzCash,Bilal,4.3
ORD14300,01/05/2025,DHA,C1334,Maryam Raza,Male,Lahore,Grocery,Tea 475g,Tapal,2,980,20,1568,1640,-72,Easypaisa,Hassan,4.6
ORD14301,12/11/2025,Wapda Town,C1722,Ahmed Raza,Male,Lahore,Electronics,Mouse,Logitech,1,1800,10,1620,1400,220,Cash,Zain,3.9
ORD14302,17/01/2025,Johar Town,C1319,Usman Iqbal,Female,Lahore,Bakery,Cookies,LU,4,250,15,850,720,130,Credit Card,Ahmed,4
ORD14303,09/07/2025,Gulberg,C1206,Hamza Raza,Female,Lahore,Beverages,Nestle Water 1.5L,Nestle,4,90,15,306,240,66,Easypaisa,Hamza,4.9
ORD14304,29/04/2025,Wapda Town,C1501,Hamza Ahmed,Male,Lahore,Grocery,Tea 475g,Tapal,4,980,20,3136,3280,-144,JazzCash,Ahmed,4.1
ORD14305,02/12/2025,Gulberg,C1500,Usman Malik,Female,Lahore,Electronics,Mouse,Logitech,5,1800,10,8100,7000,1100,Easypaisa,Ali,4
ORD14306,22/01/2025,Gulberg,C1526,Usman Butt,Male,Lahore,Electronics,Mouse,Logitech,1,1800,15,1530,1400,130,Cash,Usman,4.7
ORD14307,15/02/2025,Gulberg,C1184,Sara Iqbal,Male,Lahore,Stationery,Notebook,Dollar,5,180,0,900,600,300,Cash,Ali,4
ORD14308,12/05/2025,Wapda Town,C1057,Maryam Iqbal,Female,Lahore,Stationery,Pen,Dollar,2,60,20,96,70,26,Credit Card,Usman,3.9
ORD14309,16/09/2025,DHA,C1628,Ayesha Iqbal,Female,Lahore,Beverages,Nestle Water 1.5L,Nestle,5,90,0,450,300,150,Credit Card,Zain,4.1
ORD14310,06/10/2025,Johar Town,C1201,Hassan Malik,Female,Lahore,Electronics,Keyboard,A4Tech,2,2800,15,4760,4400,360,Easypaisa,Zain,3.6
ORD14311,22/01/2025,Johar Town,C1055,Fatima Butt,Female,Lahore,Beverages,Nestle Water 1.5L,Nestle,3,90,20,216,180,36,Cash,Hassan,3.6
ORD14312,05/08/2025,Wapda Town,C1043,Hassan Iqbal,Male,Lahore,Grocery,Tea 475g,Tapal,3,980,10,2646,2460,186,Credit Card,Ali,4.9
ORD14313,16/12/2025,DHA,C1736,Zain Malik,Male,Lahore,Home,Shampoo,Sunsilk,2,620,5,1178,1000,178,Easypaisa,Ali,4.3
ORD14314,19/03/2025,Gulberg,C1445,Zain Malik,Male,Lahore,Grocery,Cooking Oil 1L,Dalda,1,650,15,552.5,520,32.5,Debit Card,Ali,4.3
ORD14315,12/07/2025,Gulberg,C1678,Ali Khan,Male,Lahore,Home,Shampoo,Sunsilk,5,620,0,3100,2500,600,Debit Card,Hassan,4.8
ORD14316,23/10/2025,DHA,C1461,Sara Iqbal,Male,Lahore,Stationery,Pen,Dollar,1,60,5,57,35,22,Credit Card,Hamza,4
ORD14317,04/12/2025,DHA,C1299,Ayesha Butt,Female,Lahore,Grocery,Basmati Rice 5kg,Guard,5,3200,5,15200,13000,2200,Debit Card,Hamza,3.7
ORD14318,09/01/2025,DHA,C1638,Usman Khan,Male,Lahore,Stationery,Notebook,Dollar,2,180,20,288,240,48,Cash,Umar,4.5
ORD14319,15/11/2025,Wapda Town,C1046,Sara Khan,Male,Lahore,Grocery,Sugar 1kg,Shan,3,180,0,540,450,90,JazzCash,Zain,4.7
ORD14320,12/03/2025,Wapda Town,C1349,Hassan Ahmed,Male,Lahore,Bakery,Cookies,LU,5,250,5,1187.5,900,287.5,Easypaisa,Umar,3.8
ORD14321,20/04/2025,DHA,C1222,Bilal Khan,Male,Lahore,Bakery,Bread,Dawn,4,120,15,408,320,88,Credit Card,Hamza,4.1
ORD14322,12/11/2025,Wapda Town,C1371,Fatima Iqbal,Female,Lahore,Bakery,Cake,Gourmet,2,900,5,1710,1400,310,Debit Card,Ahmed,3.6
ORD14323,15/12/2025,DHA,C1564,Bilal Chaudhry,Male,Lahore,Grocery,Sugar 1kg,Shan,3,180,10,486,450,36,Cash,Umar,3.9
ORD14324,07/07/2025,Johar Town,C1175,Ahmed Chaudhry,Female,Lahore,Grocery,Tea 475g,Tapal,1,980,5,931,820,111,Credit Card,Ahmed,3.7
ORD14325,09/05/2025,Johar Town,C1588,Ahmed Khan,Male,Lahore,Stationery,Marker,Dollar,5,120,20,480,400,80,Debit Card,Ahmed,4.5
ORD14326,24/02/2025,Johar Town,C1521,Ahmed Khan,Male,Lahore,Stationery,Notebook,Dollar,2,180,15,306,240,66,JazzCash,Umar,3.8
ORD14327,24/06/2025,Johar Town,C1442,Hassan Chaudhry,Male,Lahore,Home,Soap,Lux,3,180,0,540,390,150,Cash,Umar,4.6
ORD14328,07/08/2025,Gulberg,C1186,Usman Iqbal,Male,Lahore,Stationery,Marker,Dollar,2,120,5,228,160,68,Easypaisa,Hamza,4.1
ORD14329,30/09/2025,Johar Town,C1501,Bilal Sheikh,Male,Lahore,Bakery,Cake,Gourmet,2,900,0,1800,1400,400,Cash,Hassan,3.8
ORD14330,06/07/2025,Johar Town,C1655,Sara Iqbal,Female,Lahore,Bakery,Cake,Gourmet,3,900,20,2160,2100,60,Credit Card,Hamza,3.7
ORD14331,24/10/2025,Gulberg,C1598,Maryam Raza,Female,Lahore,Beverages,Nestle Water 1.5L,Nestle,3,90,20,216,180,36,Cash,Bilal,4.2
ORD14332,17/04/2025,Wapda Town,C1728,Usman Iqbal,Female,Lahore,Home,Soap,Lux,2,180,15,306,260,46,Credit Card,Zain,4.3
ORD14333,09/06/2025,DHA,C1680,Hamza Chaudhry,Female,Lahore,Home,Soap,Lux,4,180,20,576,520,56,Cash,Zain,3.7
ORD14334,28/07/2025,Wapda Town,C1748,Sara Sheikh,Female,Lahore,Electronics,Mouse,Logitech,4,1800,15,6120,5600,520,Credit Card,Ali,3.6
ORD14335,27/10/2025,Johar Town,C1340,Umar Chaudhry,Male,Lahore,Stationery,Notebook,Dollar,3,180,20,432,360,72,Credit Card,Usman,4.1
ORD14336,13/07/2025,Gulberg,C1747,Fatima Khan,Female,Lahore,Bakery,Cookies,LU,5,250,10,1125,900,225,Easypaisa,Hamza,4.8
ORD14337,21/12/2025,Johar Town,C1517,Hamza Khan,Female,Lahore,Stationery,Pen,Dollar,2,60,20,96,70,26,Cash,Hamza,3.7
ORD14338,26/08/2025,Wapda Town,C1162,Usman Iqbal,Male,Lahore,Electronics,Mouse,Logitech,2,1800,0,3600,2800,800,Cash,Usman,4.6
ORD14339,25/04/2025,DHA,C1272,Maryam Sheikh,Male,Lahore,Bakery,Bread,Dawn,2,120,20,192,160,32,Easypaisa,Hamza,3.9
ORD14340,19/02/2025,Wapda Town,C1483,Zain Ahmed,Female,Lahore,Electronics,Power Bank,Xiaomi,4,4500,10,16200,14400,1800,Cash,Usman,4.5
ORD14341,18/06/2025,Johar Town,C1748,Fatima Iqbal,Male,Lahore,Electronics,Keyboard,A4Tech,5,2800,20,11200,11000,200,Debit Card,Zain,4.3
ORD14342,05/12/2025,Wapda Town,C1771,Ahmed Sheikh,Female,Lahore,Electronics,Power Bank,Xiaomi,5,4500,20,18000,18000,0,Debit Card,Zain,4.9
ORD14343,27/11/2025,Johar Town,C1564,Maryam Chaudhry,Female,Lahore,Stationery,Marker,Dollar,3,120,5,342,240,102,Cash,Usman,5
ORD14344,20/10/2025,Gulberg,C1509,Zain Raza,Female,Lahore,Stationery,Notebook,Dollar,1,180,20,144,120,24,Debit Card,Ali,3.7
ORD14345,28/05/2025,Model Town,C1027,Sara Ahmed,Male,Lahore,Bakery,Cookies,LU,2,250,5,475,360,115,Credit Card,Ahmed,3.9
ORD14346,14/06/2025,Model Town,C1665,Bilal Khan,Male,Lahore,Bakery,Cookies,LU,1,250,20,200,180,20,Credit Card,Umar,4.1
ORD14347,24/09/2025,Wapda Town,C1754,Bilal Butt,Male,Lahore,Beverages,Coca Cola 1.5L,Coca-Cola,3,220,10,594,510,84,Cash,Bilal,3.7
ORD14348,13/12/2025,Johar Town,C1559,Zain Sheikh,Female,Lahore,Bakery,Cookies,LU,1,250,20,200,180,20,Credit Card,Ahmed,4.7
ORD14349,08/10/2025,Gulberg,C1724,Hamza Raza,Male,Lahore,Home,Detergent 1kg,Surf Excel,3,850,10,2295,2040,255,Credit Card,Ali,4.4
ORD14350,21/10/2025,Model Town,C1003,Ayesha Sheikh,Male,Lahore,Beverages,Coca Cola 1.5L,Coca-Cola,3,220,15,561,510,51,Easypaisa,Ali,4.9
ORD14351,05/08/2025,DHA,C1103,Usman Raza,Male,Lahore,Bakery,Cookies,LU,1,250,5,237.5,180,57.5,Easypaisa,Zain,5
ORD14352,04/07/2025,Model Town,C1475,Maryam Khan,Female,Lahore,Bakery,Cookies,LU,5,250,5,1187.5,900,287.5,JazzCash,Usman,4.8
ORD14353,01/08/2025,Model Town,C1577,Zain Raza,Male,Lahore,Bakery,Cake,Gourmet,1,900,10,810,700,110,Easypaisa,Ahmed,4.8
ORD14354,27/11/2025,Gulberg,C1012,Usman Malik,Female,Lahore,Beverages,Coca Cola 1.5L,Coca-Cola,4,220,0,880,680,200,Cash,Usman,3.5
ORD14355,16/11/2025,Wapda Town,C1113,Hamza Chaudhry,Male,Lahore,Electronics,Keyboard,A4Tech,5,2800,15,11900,11000,900,Credit Card,Bilal,4.8
ORD14356,15/10/2025,Johar Town,C1489,Hamza Raza,Male,Lahore,Electronics,Power Bank,Xiaomi,4,4500,5,17100,14400,2700,Debit Card,Umar,4.8
ORD14357,28/09/2025,Wapda Town,C1091,Zain Ahmed,Male,Lahore,Home,Detergent 1kg,Surf Excel,1,850,20,680,680,0,Debit Card,Hassan,4.7
ORD14358,09/11/2025,Johar Town,C1097,Bilal Malik,Male,Lahore,Electronics,Power Bank,Xiaomi,2,4500,5,8550,7200,1350,Credit Card,Ali,4.4
ORD14359,15/08/2025,Model Town,C1516,Ayesha Sheikh,Male,Lahore,Grocery,Tea 475g,Tapal,1,980,5,931,820,111,Debit Card,Umar,4.6
ORD14360,12/11/2025,Johar Town,C1692,Usman Butt,Male,Lahore,Stationery,Notebook,Dollar,5,180,0,900,600,300,JazzCash,Usman,3.8
ORD14361,28/01/2025,Johar Town,C1326,Ahmed Chaudhry,Male,Lahore,Electronics,Keyboard,A4Tech,5,2800,10,12600,11000,1600,Easypaisa,Bilal,4.4
ORD14362,01/09/2025,DHA,C1638,Sara Khan,Male,Lahore,Grocery,Basmati Rice 5kg,Guard,3,3200,5,9120,7800,1320,Debit Card,Bilal,3.7
ORD14363,21/05/2025,Wapda Town,C1800,Zain Malik,Male,Lahore,Grocery,Tea 475g,Tapal,1,980,0,980,820,160,Debit Card,Umar,4.2
ORD14364,22/05/2025,Gulberg,C1350,Maryam Chaudhry,Male,Lahore,Beverages,Coca Cola 1.5L,Coca-Cola,1,220,5,209,170,39,Credit Card,Ali,4.2
ORD14365,25/04/2025,Johar Town,C1419,Fatima Butt,Male,Lahore,Beverages,Coca Cola 1.5L,Coca-Cola,5,220,0,1100,850,250,Cash,Ali,4.4
ORD14366,21/06/2025,Model Town,C1567,Hamza Raza,Female,Lahore,Beverages,Nestle Water 1.5L,Nestle,4,90,20,288,240,48,Debit Card,Ali,3.6
ORD14367,20/08/2025,Gulberg,C1527,Usman Ahmed,Male,Lahore,Grocery,Basmati Rice 5kg,Guard,4,3200,5,12160,10400,1760,Credit Card,Ahmed,4.2
ORD14368,03/12/2025,Johar Town,C1399,Usman Butt,Male,Lahore,Home,Soap,Lux,3,180,10,486,390,96,Debit Card,Zain,3.6
ORD14369,21/02/2025,Wapda Town,C1387,Fatima Iqbal,Male,Lahore,Grocery,Cooking Oil 1L,Dalda,3,650,10,1755,1560,195,JazzCash,Usman,4.7
ORD14370,12/02/2025,Wapda Town,C1263,Hamza Raza,Female,Lahore,Bakery,Cookies,LU,5,250,20,1000,900,100,JazzCash,Umar,3.7
ORD14371,31/05/2025,Model Town,C1257,Bilal Butt,Male,Lahore,Home,Detergent 1kg,Surf Excel,1,850,10,765,680,85,Easypaisa,Zain,4.1
ORD14372,19/10/2025,Model Town,C1334,Ahmed Raza,Female,Lahore,Electronics,Power Bank,Xiaomi,1,4500,10,4050,3600,450,Credit Card,Bilal,4.1
ORD14373,05/07/2025,DHA,C1757,Hamza Butt,Female,Lahore,Home,Soap,Lux,5,180,0,900,650,250,Debit Card,Hamza,3.9
ORD14374,12/06/2025,Johar Town,C1085,Ayesha Raza,Male,Lahore,Grocery,Cooking Oil 1L,Dalda,1,650,10,585,520,65,Cash,Hassan,4.9
ORD14375,20/02/2025,Model Town,C1349,Bilal Malik,Male,Lahore,Beverages,Coca Cola 1.5L,Coca-Cola,5,220,20,880,850,30,Easypaisa,Umar,4.2
ORD14376,09/03/2025,DHA,C1156,Usman Raza,Male,Lahore,Stationery,Pen,Dollar,1,60,10,54,35,19,Debit Card,Zain,5
ORD14377,01/01/2025,DHA,C1776,Ahmed Butt,Female,Lahore,Stationery,Notebook,Dollar,5,180,5,855,600,255,Easypaisa,Usman,3.8
ORD14378,22/08/2025,Gulberg,C1614,Ayesha Iqbal,Male,Lahore,Beverages,Pepsi 1.5L,Pepsi,4,220,10,792,680,112,Easypaisa,Ahmed,4.9
ORD14379,27/01/2025,Wapda Town,C1619,Fatima Chaudhry,Female,Lahore,Home,Detergent 1kg,Surf Excel,2,850,5,1615,1360,255,Debit Card,Hassan,4.9
ORD14380,23/03/2025,Wapda Town,C1194,Zain Chaudhry,Female,Lahore,Grocery,Basmati Rice 5kg,Guard,5,3200,10,14400,13000,1400,Credit Card,Usman,5
ORD14381,26/04/2025,DHA,C1790,Hamza Ahmed,Male,Lahore,Beverages,Pepsi 1.5L,Pepsi,5,220,20,880,850,30,JazzCash,Zain,4.6
ORD14382,16/10/2025,Gulberg,C1541,Ahmed Ahmed,Female,Lahore,Stationery,Marker,Dollar,5,120,20,480,400,80,Debit Card,Ali,4.2
ORD14383,30/12/2025,Gulberg,C1422,Bilal Malik,Male,Lahore,Bakery,Bread,Dawn,3,120,5,342,240,102,JazzCash,Zain,4
ORD14384,08/06/2025,Model Town,C1730,Ahmed Chaudhry,Male,Lahore,Beverages,Pepsi 1.5L,Pepsi,3,220,20,528,510,18,Cash,Bilal,3.6
ORD14385,17/10/2025,Johar Town,C1284,Hassan Khan,Male,Lahore,Stationery,Notebook,Dollar,2,180,10,324,240,84,JazzCash,Ali,4.5
ORD14386,24/08/2025,Johar Town,C1137,Bilal Malik,Male,Lahore,Beverages,Pepsi 1.5L,Pepsi,4,220,5,836,680,156,JazzCash,Umar,4.6
ORD14387,29/03/2025,Johar Town,C1587,Maryam Khan,Female,Lahore,Electronics,Keyboard,A4Tech,4,2800,20,8960,8800,160,Cash,Usman,3.6
ORD14388,27/03/2025,Wapda Town,C1443,Sara Ahmed,Male,Lahore,Electronics,Keyboard,A4Tech,5,2800,20,11200,11000,200,Debit Card,Bilal,4.8
ORD14389,19/10/2025,Johar Town,C1288,Bilal Iqbal,Male,Lahore,Bakery,Cake,Gourmet,2,900,15,1530,1400,130,Cash,Umar,4.1
ORD14390,26/10/2025,Wapda Town,C1216,Ahmed Ahmed,Female,Lahore,Stationery,Notebook,Dollar,3,180,5,513,360,153,Easypaisa,Zain,3.7
ORD14391,27/07/2025,Gulberg,C1054,Hamza Raza,Female,Lahore,Electronics,Mouse,Logitech,1,1800,20,1440,1400,40,Cash,Usman,4.2
ORD14392,19/07/2025,Gulberg,C1399,Usman Iqbal,Female,Lahore,Grocery,Basmati Rice 5kg,Guard,2,3200,5,6080,5200,880,Credit Card,Ali,3.5
ORD14393,18/01/2025,Wapda Town,C1358,Ayesha Raza,Male,Lahore,Grocery,Cooking Oil 1L,Dalda,4,650,15,2210,2080,130,JazzCash,Umar,5
ORD14394,02/05/2025,Wapda Town,C1276,Hamza Ahmed,Female,Lahore,Bakery,Cookies,LU,4,250,0,1000,720,280,Debit Card,Ahmed,4.9
ORD14395,24/02/2025,Johar Town,C1197,Umar Malik,Female,Lahore,Beverages,Nestle Water 1.5L,Nestle,1,90,20,72,60,12,Debit Card,Zain,4.7
ORD14396,17/02/2025,Johar Town,C1773,Maryam Ahmed,Male,Lahore,Beverages,Nestle Water 1.5L,Nestle,5,90,0,450,300,150,Debit Card,Hamza,3.7
ORD14397,14/08/2025,Model Town,C1690,Bilal Butt,Female,Lahore,Grocery,Sugar 1kg,Shan,1,180,15,153,150,3,Debit Card,Usman,4.4
ORD14398,16/06/2025,Model Town,C1386,Hassan Ahmed,Female,Lahore,Electronics,Keyboard,A4Tech,3,2800,10,7560,6600,960,JazzCash,Ali,3.9
ORD14399,01/07/2025,DHA,C1231,Hamza Raza,Male,Lahore,Bakery,Bread,Dawn,2,120,15,204,160,44,Debit Card,Umar,3.7
ORD14400,11/05/2025,Johar Town,C1172,Umar Chaudhry,Female,Lahore,Home,Soap,Lux,4,180,15,612,520,92,Cash,Umar,4
ORD14401,14/08/2025,DHA,C1171,Usman Raza,Male,Lahore,Bakery,Bread,Dawn,3,120,10,324,240,84,Cash,Zain,4.4
ORD14402,07/08/2025,Wapda Town,C1461,Fatima Khan,Female,Lahore,Electronics,Mouse,Logitech,3,1800,10,4860,4200,660,Credit Card,Hassan,4.2
ORD14403,13/11/2025,DHA,C1769,Fatima Chaudhry,Male,Lahore,Stationery,Pen,Dollar,1,60,5,57,35,22,Cash,Ali,4.1
ORD14404,04/03/2025,Wapda Town,C1618,Hamza Butt,Male,Lahore,Electronics,Keyboard,A4Tech,3,2800,5,7980,6600,1380,Cash,Zain,3.9
ORD14405,04/04/2025,Gulberg,C1693,Maryam Raza,Male,Lahore,Electronics,Mouse,Logitech,1,1800,10,1620,1400,220,Easypaisa,Ahmed,4.6
ORD14406,01/08/2025,Johar Town,C1347,Fatima Iqbal,Female,Lahore,Bakery,Bread,Dawn,5,120,20,480,400,80,JazzCash,Hassan,4.1
ORD14407,14/06/2025,DHA,C1784,Sara Chaudhry,Female,Lahore,Electronics,Power Bank,Xiaomi,5,4500,15,19125,18000,1125,Credit Card,Usman,4
ORD14408,30/05/2025,DHA,C1219,Umar Butt,Female,Lahore,Beverages,Nestle Water 1.5L,Nestle,5,90,0,450,300,150,Credit Card,Hamza,4.3
ORD14409,27/10/2025,Gulberg,C1710,Ayesha Sheikh,Female,Lahore,Home,Shampoo,Sunsilk,5,620,10,2790,2500,290,Debit Card,Zain,3.8
ORD14410,19/09/2025,Wapda Town,C1414,Ayesha Raza,Female,Lahore,Grocery,Sugar 1kg,Shan,5,180,0,900,750,150,Cash,Ali,4.8
ORD14411,05/11/2025,Model Town,C1494,Ahmed Butt,Female,Lahore,Beverages,Nestle Water 1.5L,Nestle,2,90,10,162,120,42,Credit Card,Usman,3.8
ORD14412,24/02/2025,DHA,C1628,Zain Sheikh,Male,Lahore,Grocery,Basmati Rice 5kg,Guard,2,3200,20,5120,5200,-80,Credit Card,Ali,4.7
ORD14413,14/10/2025,DHA,C1209,Usman Khan,Male,Lahore,Home,Soap,Lux,4,180,0,720,520,200,Easypaisa,Ali,3.8
ORD14414,20/11/2025,Model Town,C1281,Ahmed Chaudhry,Male,Lahore,Grocery,Basmati Rice 5kg,Guard,3,3200,10,8640,7800,840,JazzCash,Bilal,3.6
ORD14415,30/01/2025,Wapda Town,C1015,Umar Malik,Male,Lahore,Beverages,Coca Cola 1.5L,Coca-Cola,4,220,10,792,680,112,JazzCash,Bilal,3.6
ORD14416,16/02/2025,Johar Town,C1724,Ayesha Khan,Female,Lahore,Home,Detergent 1kg,Surf Excel,2,850,0,1700,1360,340,Cash,Bilal,4.1
ORD14417,23/08/2025,Model Town,C1715,Hassan Chaudhry,Male,Lahore,Bakery,Bread,Dawn,5,120,15,510,400,110,Cash,Hamza,4.7
ORD14418,15/03/2025,Model Town,C1317,Umar Khan,Male,Lahore,Home,Soap,Lux,5,180,5,855,650,205,Cash,Ahmed,5
ORD14419,23/11/2025,DHA,C1053,Ali Chaudhry,Male,Lahore,Bakery,Cake,Gourmet,4,900,15,3060,2800,260,Cash,Hassan,3.7
ORD14420,19/11/2025,Gulberg,C1558,Ali Sheikh,Male,Lahore,Stationery,Marker,Dollar,4,120,15,408,320,88,Cash,Zain,4.7
ORD14421,21/08/2025,Gulberg,C1103,Ali Butt,Male,Lahore,Grocery,Basmati Rice 5kg,Guard,4,3200,0,12800,10400,2400,Debit Card,Ali,3.8
ORD14422,22/07/2025,DHA,C1099,Maryam Khan,Male,Lahore,Bakery,Bread,Dawn,5,120,0,600,400,200,Cash,Ali,4.6
ORD14423,17/10/2025,Gulberg,C1392,Ayesha Sheikh,Female,Lahore,Beverages,Coca Cola 1.5L,Coca-Cola,5,220,0,1100,850,250,Cash,Ahmed,4.8
ORD14424,26/02/2025,Gulberg,C1796,Umar Malik,Male,Lahore,Electronics,Power Bank,Xiaomi,3,4500,0,13500,10800,2700,JazzCash,Usman,4.6
ORD14425,05/07/2025,Wapda Town,C1338,Fatima Sheikh,Male,Lahore,Grocery,Tea 475g,Tapal,3,980,5,2793,2460,333,Easypaisa,Umar,3.7
ORD14426,02/02/2025,DHA,C1309,Sara Sheikh,Female,Lahore,Home,Detergent 1kg,Surf Excel,2,850,10,1530,1360,170,Credit Card,Ahmed,5
ORD14427,28/12/2025,Wapda Town,C1680,Usman Iqbal,Female,Lahore,Electronics,Power Bank,Xiaomi,2,4500,0,9000,7200,1800,JazzCash,Ahmed,4
ORD14428,27/08/2025,Johar Town,C1302,Usman Raza,Male,Lahore,Electronics,Power Bank,Xiaomi,3,4500,0,13500,10800,2700,Easypaisa,Hassan,3.9
ORD14429,11/07/2025,DHA,C1295,Fatima Chaudhry,Female,Lahore,Beverages,Pepsi 1.5L,Pepsi,1,220,15,187,170,17,Cash,Hassan,3.7
ORD14430,21/03/2025,Wapda Town,C1653,Usman Khan,Male,Lahore,Grocery,Tea 475g,Tapal,1,980,5,931,820,111,Cash,Hamza,4.2
ORD14431,25/08/2025,Johar Town,C1523,Maryam Chaudhry,Male,Lahore,Electronics,Keyboard,A4Tech,5,2800,5,13300,11000,2300,Easypaisa,Hassan,4.4
ORD14432,23/01/2025,Gulberg,C1715,Sara Sheikh,Female,Lahore,Electronics,Power Bank,Xiaomi,4,4500,5,17100,14400,2700,Easypaisa,Umar,4.6
ORD14433,12/08/2025,Johar Town,C1727,Sara Sheikh,Female,Lahore,Beverages,Nestle Water 1.5L,Nestle,4,90,0,360,240,120,JazzCash,Ali,4.9
ORD14434,23/11/2025,Model Town,C1305,Sara Iqbal,Female,Lahore,Grocery,Sugar 1kg,Shan,4,180,0,720,600,120,Credit Card,Bilal,4.6
ORD14435,28/07/2025,Johar Town,C1705,Zain Chaudhry,Male,Lahore,Electronics,Keyboard,A4Tech,4,2800,0,11200,8800,2400,Credit Card,Hassan,3.9
ORD14436,27/08/2025,Johar Town,C1534,Ayesha Malik,Male,Lahore,Bakery,Cake,Gourmet,5,900,5,4275,3500,775,Debit Card,Umar,4.7
ORD14437,07/08/2025,Johar Town,C1512,Bilal Raza,Female,Lahore,Electronics,Keyboard,A4Tech,5,2800,10,12600,11000,1600,Credit Card,Zain,4.4
ORD14438,28/11/2025,Johar Town,C1659,Ahmed Raza,Male,Lahore,Grocery,Cooking Oil 1L,Dalda,1,650,0,650,520,130,Easypaisa,Hamza,4
ORD14439,16/10/2025,Wapda Town,C1177,Hassan Butt,Male,Lahore,Electronics,Keyboard,A4Tech,2,2800,20,4480,4400,80,Credit Card,Zain,4.6
ORD14440,22/04/2025,Johar Town,C1136,Fatima Sheikh,Female,Lahore,Electronics,Keyboard,A4Tech,4,2800,20,8960,8800,160,Easypaisa,Zain,4
ORD14441,21/11/2025,Wapda Town,C1561,Ali Ahmed,Male,Lahore,Beverages,Nestle Water 1.5L,Nestle,1,90,5,85.5,60,25.5,Debit Card,Umar,4.5
ORD14442,07/02/2025,Model Town,C1009,Ahmed Raza,Male,Lahore,Bakery,Bread,Dawn,3,120,15,306,240,66,Cash,Ali,4
ORD14443,28/09/2025,Gulberg,C1363,Hassan Raza,Male,Lahore,Grocery,Tea 475g,Tapal,2,980,5,1862,1640,222,JazzCash,Ali,3.7
ORD14444,07/10/2025,Gulberg,C1591,Ahmed Sheikh,Male,Lahore,Home,Shampoo,Sunsilk,4,620,10,2232,2000,232,JazzCash,Umar,4.8
ORD14445,06/07/2025,Johar Town,C1124,Hamza Ahmed,Male,Lahore,Grocery,Sugar 1kg,Shan,4,180,20,576,600,-24,JazzCash,Ali,3.6
ORD14446,26/11/2025,Gulberg,C1037,Usman Chaudhry,Female,Lahore,Bakery,Cookies,LU,3,250,5,712.5,540,172.5,Debit Card,Usman,4.6
ORD14447,13/12/2025,DHA,C1150,Ayesha Sheikh,Male,Lahore,Home,Soap,Lux,4,180,20,576,520,56,JazzCash,Ahmed,4.8
ORD14448,27/09/2025,Model Town,C1456,Umar Malik,Male,Lahore,Beverages,Coca Cola 1.5L,Coca-Cola,2,220,5,418,340,78,Cash,Bilal,3.9
ORD14449,01/02/2025,Wapda Town,C1488,Ahmed Raza,Male,Lahore,Home,Soap,Lux,2,180,20,288,260,28,Credit Card,Usman,4.1
ORD14450,30/05/2025,Model Town,C1687,Bilal Sheikh,Male,Lahore,Beverages,Nestle Water 1.5L,Nestle,2,90,0,180,120,60,Credit Card,Hassan,4.3
ORD14451,14/04/2025,Model Town,C1308,Maryam Butt,Female,Lahore,Stationery,Marker,Dollar,1,120,15,102,80,22,Credit Card,Ahmed,4
ORD14452,26/05/2025,Wapda Town,C1598,Bilal Chaudhry,Female,Lahore,Stationery,Pen,Dollar,3,60,5,171,105,66,Debit Card,Umar,4.7
ORD14453,24/03/2025,Model Town,C1578,Fatima Butt,Male,Lahore,Stationery,Pen,Dollar,3,60,20,144,105,39,Credit Card,Zain,4
ORD14454,01/06/2025,Gulberg,C1010,Ahmed Raza,Female,Lahore,Grocery,Sugar 1kg,Shan,2,180,0,360,300,60,Cash,Ali,4.6
ORD14455,31/08/2025,DHA,C1214,Sara Khan,Female,Lahore,Home,Shampoo,Sunsilk,3,620,10,1674,1500,174,Easypaisa,Hamza,4.1
ORD14456,07/03/2025,Johar Town,C1243,Sara Iqbal,Male,Lahore,Stationery,Pen,Dollar,5,60,5,285,175,110,Cash,Ahmed,4.6
ORD14457,18/11/2025,Johar Town,C1610,Hamza Butt,Female,Lahore,Beverages,Nestle Water 1.5L,Nestle,3,90,10,243,180,63,Easypaisa,Hassan,4.2
ORD14458,07/09/2025,Johar Town,C1368,Usman Raza,Female,Lahore,Stationery,Marker,Dollar,2,120,0,240,160,80,JazzCash,Umar,4.7
ORD14459,04/03/2025,Model Town,C1360,Ahmed Chaudhry,Male,Lahore,Beverages,Pepsi 1.5L,Pepsi,1,220,0,220,170,50,Debit Card,Zain,4.3
ORD14460,30/07/2025,Gulberg,C1345,Ahmed Iqbal,Female,Lahore,Beverages,Coca Cola 1.5L,Coca-Cola,5,220,5,1045,850,195,JazzCash,Bilal,4
ORD14461,11/10/2025,Model Town,C1071,Hassan Iqbal,Male,Lahore,Home,Shampoo,Sunsilk,4,620,0,2480,2000,480,Credit Card,Ali,4.9
ORD14462,29/06/2025,Model Town,C1163,Maryam Chaudhry,Male,Lahore,Electronics,Power Bank,Xiaomi,2,4500,10,8100,7200,900,JazzCash,Hamza,4.7
ORD14463,12/04/2025,Gulberg,C1786,Usman Khan,Male,Lahore,Stationery,Notebook,Dollar,1,180,15,153,120,33,JazzCash,Hamza,4.5
ORD14464,05/12/2025,DHA,C1157,Zain Chaudhry,Female,Lahore,Stationery,Marker,Dollar,4,120,20,384,320,64,Credit Card,Ali,4
ORD14465,23/07/2025,Wapda Town,C1451,Maryam Iqbal,Male,Lahore,Stationery,Pen,Dollar,2,60,0,120,70,50,Easypaisa,Hamza,4.4
ORD14466,23/02/2025,DHA,C1756,Umar Iqbal,Female,Lahore,Stationery,Marker,Dollar,2,120,20,192,160,32,Credit Card,Ali,4.1
ORD14467,20/10/2025,Gulberg,C1328,Umar Iqbal,Female,Lahore,Beverages,Pepsi 1.5L,Pepsi,1,220,0,220,170,50,Cash,Usman,4.1
ORD14468,06/03/2025,Johar Town,C1769,Umar Malik,Male,Lahore,Grocery,Basmati Rice 5kg,Guard,4,3200,0,12800,10400,2400,Debit Card,Zain,4.6
ORD14469,09/10/2025,Gulberg,C1438,Hamza Sheikh,Male,Lahore,Electronics,Mouse,Logitech,2,1800,20,2880,2800,80,Debit Card,Ahmed,4.8
ORD14470,04/05/2025,DHA,C1524,Bilal Iqbal,Female,Lahore,Bakery,Cake,Gourmet,4,900,0,3600,2800,800,Credit Card,Hassan,3.5
ORD14471,26/08/2025,Model Town,C1481,Bilal Ahmed,Female,Lahore,Stationery,Pen,Dollar,3,60,15,153,105,48,Easypaisa,Zain,4.8
ORD14472,14/09/2025,Johar Town,C1776,Usman Iqbal,Male,Lahore,Beverages,Pepsi 1.5L,Pepsi,4,220,5,836,680,156,Debit Card,Hamza,3.8
ORD14473,20/06/2025,Wapda Town,C1389,Umar Khan,Female,Lahore,Home,Shampoo,Sunsilk,3,620,15,1581,1500,81,Cash,Usman,4.7
ORD14474,22/06/2025,Model Town,C1046,Umar Iqbal,Male,Lahore,Grocery,Tea 475g,Tapal,4,980,15,3332,3280,52,JazzCash,Zain,4.6
ORD14475,07/08/2025,Wapda Town,C1420,Hamza Iqbal,Male,Lahore,Grocery,Basmati Rice 5kg,Guard,4,3200,20,10240,10400,-160,Debit Card,Hamza,4.6
ORD14476,11/05/2025,Gulberg,C1185,Zain Raza,Male,Lahore,Home,Soap,Lux,1,180,10,162,130,32,Credit Card,Hassan,4.4
ORD14477,24/09/2025,Wapda Town,C1791,Umar Khan,Male,Lahore,Electronics,Power Bank,Xiaomi,2,4500,10,8100,7200,900,Cash,Ali,4.3
ORD14478,18/12/2025,Gulberg,C1397,Zain Malik,Male,Lahore,Beverages,Pepsi 1.5L,Pepsi,5,220,15,935,850,85,JazzCash,Hassan,4.6
ORD14479,25/10/2025,Gulberg,C1580,Ahmed Malik,Male,Lahore,Stationery,Marker,Dollar,2,120,15,204,160,44,JazzCash,Umar,4.8
ORD14480,07/03/2025,Gulberg,C1538,Ahmed Chaudhry,Female,Lahore,Grocery,Tea 475g,Tapal,3,980,0,2940,2460,480,Easypaisa,Hamza,4.6
ORD14481,22/02/2025,Model Town,C1701,Hamza Butt,Male,Lahore,Bakery,Bread,Dawn,5,120,15,510,400,110,Easypaisa,Usman,4
ORD14482,14/02/2025,Johar Town,C1173,Fatima Ahmed,Female,Lahore,Electronics,Mouse,Logitech,5,1800,20,7200,7000,200,Easypaisa,Zain,4.7
ORD14483,11/02/2025,Johar Town,C1086,Sara Chaudhry,Female,Lahore,Home,Soap,Lux,2,180,0,360,260,100,JazzCash,Hassan,3.7
ORD14484,16/06/2025,Johar Town,C1353,Hamza Malik,Female,Lahore,Beverages,Nestle Water 1.5L,Nestle,4,90,15,306,240,66,Easypaisa,Zain,3.6
ORD14485,23/09/2025,DHA,C1113,Umar Malik,Male,Lahore,Beverages,Coca Cola 1.5L,Coca-Cola,4,220,15,748,680,68,Easypaisa,Usman,4.2
ORD14486,18/06/2025,Johar Town,C1548,Ahmed Malik,Female,Lahore,Electronics,Power Bank,Xiaomi,2,4500,15,7650,7200,450,Cash,Hassan,4.7
ORD14487,13/01/2025,Gulberg,C1731,Ayesha Raza,Female,Lahore,Beverages,Pepsi 1.5L,Pepsi,3,220,15,561,510,51,JazzCash,Umar,4
ORD14488,04/06/2025,DHA,C1312,Maryam Raza,Male,Lahore,Stationery,Marker,Dollar,3,120,15,306,240,66,Cash,Umar,3.8
ORD14489,13/10/2025,DHA,C1334,Fatima Chaudhry,Female,Lahore,Stationery,Notebook,Dollar,1,180,5,171,120,51,Credit Card,Ahmed,4.8
ORD14490,29/06/2025,Gulberg,C1213,Bilal Sheikh,Female,Lahore,Grocery,Cooking Oil 1L,Dalda,1,650,10,585,520,65,Cash,Hamza,4
ORD14491,03/08/2025,Wapda Town,C1503,Bilal Raza,Female,Lahore,Bakery,Cake,Gourmet,4,900,5,3420,2800,620,Easypaisa,Ali,3.8
ORD14492,14/02/2025,Johar Town,C1270,Ahmed Khan,Female,Lahore,Beverages,Coca Cola 1.5L,Coca-Cola,2,220,20,352,340,12,Credit Card,Umar,4.7
ORD14493,11/03/2025,Model Town,C1392,Hamza Sheikh,Male,Lahore,Bakery,Cake,Gourmet,5,900,15,3825,3500,325,Cash,Hamza,4.7
ORD14494,20/11/2025,Johar Town,C1385,Ayesha Chaudhry,Female,Lahore,Grocery,Cooking Oil 1L,Dalda,5,650,5,3087.5,2600,487.5,Credit Card,Bilal,4.8
ORD14495,18/01/2025,Johar Town,C1600,Ayesha Ahmed,Male,Lahore,Stationery,Marker,Dollar,5,120,10,540,400,140,JazzCash,Usman,5
ORD14496,29/01/2025,Wapda Town,C1754,Hassan Iqbal,Male,Lahore,Grocery,Cooking Oil 1L,Dalda,3,650,0,1950,1560,390,Easypaisa,Ali,4.9
ORD14497,06/09/2025,Johar Town,C1082,Zain Khan,Female,Lahore,Beverages,Nestle Water 1.5L,Nestle,2,90,0,180,120,60,Easypaisa,Hamza,3.9
ORD14498,12/08/2025,DHA,C1487,Fatima Chaudhry,Female,Lahore,Stationery,Pen,Dollar,1,60,20,48,35,13,JazzCash,Bilal,4
ORD14499,14/09/2025,DHA,C1477,Maryam Chaudhry,Male,Lahore,Stationery,Marker,Dollar,4,120,20,384,320,64,Cash,Bilal,4.8
ORD14500,14/02/2025,Gulberg,C1663,Sara Khan,Female,Lahore,Home,Shampoo,Sunsilk,3,620,15,1581,1500,81,JazzCash,Usman,4.7
ORD14501,23/11/2025,Gulberg,C1552,Zain Malik,Male,Lahore,Stationery,Marker,Dollar,3,120,0,360,240,120,Easypaisa,Hamza,4.1
ORD14502,06/08/2025,Wapda Town,C1309,Usman Khan,Male,Lahore,Bakery,Cake,Gourmet,5,900,20,3600,3500,100,Debit Card,Usman,4.9
ORD14503,19/06/2025,Johar Town,C1268,Ahmed Ahmed,Female,Lahore,Grocery,Cooking Oil 1L,Dalda,1,650,10,585,520,65,Debit Card,Ahmed,4.6
ORD14504,28/07/2025,DHA,C1183,Sara Raza,Female,Lahore,Electronics,Mouse,Logitech,2,1800,5,3420,2800,620,Easypaisa,Hamza,3.6
ORD14505,31/12/2025,Gulberg,C1553,Bilal Butt,Female,Lahore,Stationery,Marker,Dollar,4,120,0,480,320,160,Cash,Bilal,4.7
ORD14506,16/04/2025,Model Town,C1072,Usman Chaudhry,Female,Lahore,Bakery,Cookies,LU,5,250,15,1062.5,900,162.5,Easypaisa,Hamza,3.7
ORD14507,22/11/2025,Model Town,C1769,Ahmed Raza,Male,Lahore,Beverages,Coca Cola 1.5L,Coca-Cola,3,220,10,594,510,84,Cash,Zain,4.6
ORD14508,07/12/2025,Wapda Town,C1657,Sara Iqbal,Male,Lahore,Bakery,Cake,Gourmet,2,900,10,1620,1400,220,Cash,Usman,4.8
ORD14509,26/01/2025,DHA,C1049,Ali Butt,Female,Lahore,Grocery,Sugar 1kg,Shan,5,180,0,900,750,150,Cash,Umar,3.5
ORD14510,27/07/2025,Model Town,C1741,Hassan Malik,Male,Lahore,Stationery,Pen,Dollar,2,60,5,114,70,44,Debit Card,Bilal,4.7
ORD14511,18/03/2025,Gulberg,C1525,Sara Chaudhry,Female,Lahore,Electronics,Mouse,Logitech,3,1800,15,4590,4200,390,Debit Card,Ali,4.6
ORD14512,29/08/2025,Wapda Town,C1182,Ahmed Khan,Male,Lahore,Bakery,Cake,Gourmet,3,900,5,2565,2100,465,Easypaisa,Usman,4.2
ORD14513,17/05/2025,Gulberg,C1492,Hamza Khan,Female,Lahore,Bakery,Bread,Dawn,1,120,10,108,80,28,JazzCash,Hamza,3.9
ORD14514,26/04/2025,Wapda Town,C1399,Ahmed Sheikh,Female,Lahore,Beverages,Coca Cola 1.5L,Coca-Cola,1,220,10,198,170,28,Cash,Hamza,4.1
ORD14515,04/09/2025,Gulberg,C1435,Hamza Sheikh,Female,Lahore,Grocery,Sugar 1kg,Shan,3,180,15,459,450,9,Debit Card,Hassan,4.2
ORD14516,10/07/2025,Model Town,C1126,Usman Ahmed,Male,Lahore,Stationery,Pen,Dollar,4,60,0,240,140,100,JazzCash,Ali,4.2
ORD14517,02/09/2025,Johar Town,C1176,Zain Chaudhry,Female,Lahore,Grocery,Tea 475g,Tapal,1,980,0,980,820,160,Debit Card,Bilal,4
ORD14518,04/04/2025,Gulberg,C1717,Ali Malik,Female,Lahore,Home,Shampoo,Sunsilk,3,620,5,1767,1500,267,JazzCash,Ahmed,4.1
ORD14519,27/05/2025,Wapda Town,C1090,Zain Sheikh,Female,Lahore,Home,Soap,Lux,5,180,10,810,650,160,JazzCash,Umar,4.5
ORD14520,05/11/2025,Johar Town,C1740,Sara Butt,Male,Lahore,Stationery,Notebook,Dollar,2,180,0,360,240,120,Easypaisa,Hamza,4.3
ORD14521,14/01/2025,DHA,C1382,Maryam Chaudhry,Female,Lahore,Stationery,Marker,Dollar,2,120,15,204,160,44,Credit Card,Zain,4.2
ORD14522,22/12/2025,Wapda Town,C1147,Bilal Sheikh,Female,Lahore,Home,Soap,Lux,2,180,0,360,260,100,Debit Card,Ahmed,4.9
ORD14523,27/02/2025,DHA,C1472,Hamza Khan,Female,Lahore,Beverages,Pepsi 1.5L,Pepsi,2,220,5,418,340,78,Cash,Usman,3.7
ORD14524,21/07/2025,Wapda Town,C1288,Hamza Iqbal,Female,Lahore,Electronics,Mouse,Logitech,3,1800,0,5400,4200,1200,Debit Card,Ali,3.9
ORD14525,19/10/2025,Johar Town,C1149,Zain Raza,Female,Lahore,Beverages,Nestle Water 1.5L,Nestle,4,90,15,306,240,66,Easypaisa,Hamza,3.5
ORD14526,12/10/2025,Model Town,C1072,Ali Khan,Male,Lahore,Beverages,Nestle Water 1.5L,Nestle,5,90,0,450,300,150,Credit Card,Zain,4.3
ORD14527,28/09/2025,Model Town,C1671,Sara Malik,Female,Lahore,Stationery,Pen,Dollar,3,60,0,180,105,75,JazzCash,Umar,4.4
ORD14528,03/12/2025,Johar Town,C1518,Hassan Malik,Female,Lahore,Stationery,Notebook,Dollar,5,180,5,855,600,255,Easypaisa,Hassan,4.3
ORD14529,24/07/2025,DHA,C1526,Ahmed Chaudhry,Male,Lahore,Bakery,Cake,Gourmet,5,900,5,4275,3500,775,JazzCash,Hamza,5
ORD14530,22/02/2025,Johar Town,C1341,Ali Chaudhry,Male,Lahore,Home,Soap,Lux,2,180,5,342,260,82,Easypaisa,Umar,3.8
ORD14531,20/11/2025,Wapda Town,C1536,Ali Sheikh,Female,Lahore,Electronics,Mouse,Logitech,1,1800,20,1440,1400,40,JazzCash,Hamza,3.5
ORD14532,11/04/2025,Wapda Town,C1743,Hamza Khan,Female,Lahore,Beverages,Coca Cola 1.5L,Coca-Cola,2,220,20,352,340,12,Easypaisa,Usman,5
ORD14533,20/03/2025,Wapda Town,C1091,Ali Chaudhry,Female,Lahore,Home,Shampoo,Sunsilk,4,620,5,2356,2000,356,Easypaisa,Umar,4.6
ORD14534,16/08/2025,Wapda Town,C1494,Ahmed Ahmed,Male,Lahore,Bakery,Cookies,LU,4,250,5,950,720,230,Credit Card,Umar,3.9
ORD14535,09/08/2025,Johar Town,C1034,Hamza Malik,Female,Lahore,Bakery,Cake,Gourmet,5,900,5,4275,3500,775,Credit Card,Ahmed,4.5
ORD14536,22/03/2025,Gulberg,C1727,Hassan Malik,Male,Lahore,Electronics,Mouse,Logitech,4,1800,0,7200,5600,1600,Credit Card,Umar,4.2
ORD14537,19/07/2025,DHA,C1799,Sara Ahmed,Female,Lahore,Electronics,Mouse,Logitech,5,1800,20,7200,7000,200,Easypaisa,Ali,3.8
ORD14538,25/10/2025,DHA,C1484,Usman Raza,Female,Lahore,Electronics,Mouse,Logitech,4,1800,5,6840,5600,1240,Easypaisa,Hassan,4.4
ORD14539,28/06/2025,DHA,C1036,Ali Chaudhry,Male,Lahore,Home,Detergent 1kg,Surf Excel,4,850,20,2720,2720,0,JazzCash,Bilal,4.8
ORD14540,18/09/2025,Gulberg,C1028,Sara Sheikh,Female,Lahore,Stationery,Marker,Dollar,3,120,20,288,240,48,JazzCash,Usman,4.7
ORD14541,18/05/2025,Gulberg,C1274,Sara Khan,Female,Lahore,Stationery,Pen,Dollar,1,60,10,54,35,19,JazzCash,Umar,4.6
ORD14542,26/06/2025,DHA,C1232,Bilal Iqbal,Male,Lahore,Stationery,Marker,Dollar,4,120,10,432,320,112,Easypaisa,Bilal,4.4
ORD14543,20/07/2025,Wapda Town,C1620,Zain Chaudhry,Female,Lahore,Grocery,Basmati Rice 5kg,Guard,4,3200,15,10880,10400,480,Debit Card,Usman,3.7
ORD14544,24/12/2025,DHA,C1248,Hassan Khan,Male,Lahore,Home,Soap,Lux,4,180,0,720,520,200,Debit Card,Umar,3.5
ORD14545,24/08/2025,Model Town,C1627,Ayesha Sheikh,Male,Lahore,Electronics,Power Bank,Xiaomi,1,4500,15,3825,3600,225,JazzCash,Ahmed,4.8
ORD14546,25/02/2025,Model Town,C1665,Sara Khan,Male,Lahore,Electronics,Keyboard,A4Tech,2,2800,20,4480,4400,80,Easypaisa,Ali,3.7
ORD14547,20/01/2025,Gulberg,C1413,Sara Ahmed,Female,Lahore,Home,Soap,Lux,1,180,0,180,130,50,Credit Card,Zain,4.9
ORD14548,23/04/2025,DHA,C1263,Hamza Iqbal,Female,Lahore,Bakery,Cake,Gourmet,2,900,5,1710,1400,310,Credit Card,Usman,3.8
ORD14549,07/03/2025,DHA,C1287,Ahmed Malik,Female,Lahore,Grocery,Sugar 1kg,Shan,5,180,20,720,750,-30,Cash,Umar,4.1
ORD14550,04/11/2025,Wapda Town,C1082,Hamza Sheikh,Female,Lahore,Beverages,Pepsi 1.5L,Pepsi,1,220,5,209,170,39,JazzCash,Ahmed,4.2
ORD14551,28/06/2025,DHA,C1726,Ahmed Khan,Female,Lahore,Stationery,Marker,Dollar,4,120,20,384,320,64,Debit Card,Hamza,4.9
ORD14552,30/11/2025,DHA,C1043,Maryam Ahmed,Male,Lahore,Grocery,Cooking Oil 1L,Dalda,5,650,15,2762.5,2600,162.5,Easypaisa,Hassan,5
ORD14553,18/12/2025,Wapda Town,C1149,Ahmed Raza,Female,Lahore,Home,Shampoo,Sunsilk,5,620,5,2945,2500,445,Debit Card,Umar,4.8
ORD14554,23/09/2025,Model Town,C1139,Fatima Malik,Male,Lahore,Bakery,Cake,Gourmet,5,900,20,3600,3500,100,Debit Card,Bilal,3.6
ORD14555,15/03/2025,Model Town,C1054,Fatima Malik,Male,Lahore,Grocery,Sugar 1kg,Shan,1,180,10,162,150,12,JazzCash,Ali,3.7
ORD14556,29/07/2025,Wapda Town,C1581,Umar Iqbal,Female,Lahore,Grocery,Sugar 1kg,Shan,5,180,10,810,750,60,JazzCash,Ali,4.3
ORD14557,20/05/2025,Wapda Town,C1439,Hamza Raza,Female,Lahore,Electronics,Mouse,Logitech,5,1800,5,8550,7000,1550,Cash,Usman,4.9
ORD14558,25/11/2025,Model Town,C1314,Fatima Chaudhry,Male,Lahore,Grocery,Sugar 1kg,Shan,3,180,20,432,450,-18,Credit Card,Hamza,4.1
ORD14559,26/04/2025,Gulberg,C1599,Zain Raza,Female,Lahore,Grocery,Basmati Rice 5kg,Guard,3,3200,15,8160,7800,360,Easypaisa,Ali,4
ORD14560,19/02/2025,Gulberg,C1428,Umar Iqbal,Female,Lahore,Beverages,Nestle Water 1.5L,Nestle,2,90,10,162,120,42,Easypaisa,Ahmed,4.8
ORD14561,04/07/2025,Wapda Town,C1370,Zain Iqbal,Female,Lahore,Grocery,Sugar 1kg,Shan,5,180,0,900,750,150,Easypaisa,Zain,4.2
ORD14562,22/10/2025,Wapda Town,C1099,Sara Raza,Female,Lahore,Beverages,Coca Cola 1.5L,Coca-Cola,5,220,5,1045,850,195,Credit Card,Hassan,4.2
ORD14563,18/10/2025,Johar Town,C1085,Maryam Sheikh,Male,Lahore,Bakery,Bread,Dawn,2,120,10,216,160,56,JazzCash,Ali,3.5
ORD14564,22/08/2025,DHA,C1192,Bilal Malik,Male,Lahore,Home,Soap,Lux,4,180,0,720,520,200,Cash,Ali,3.6
ORD14565,20/11/2025,Model Town,C1781,Zain Butt,Male,Lahore,Bakery,Bread,Dawn,2,120,15,204,160,44,Easypaisa,Umar,3.8
ORD14566,20/11/2025,Gulberg,C1627,Fatima Malik,Male,Lahore,Bakery,Bread,Dawn,2,120,5,228,160,68,Credit Card,Zain,5
ORD14567,08/05/2025,DHA,C1396,Hassan Malik,Male,Lahore,Home,Shampoo,Sunsilk,1,620,5,589,500,89,JazzCash,Umar,3.9
ORD14568,20/03/2025,Wapda Town,C1403,Umar Khan,Female,Lahore,Electronics,Keyboard,A4Tech,3,2800,15,7140,6600,540,JazzCash,Ahmed,3.5
ORD14569,04/07/2025,Wapda Town,C1119,Hamza Chaudhry,Female,Lahore,Bakery,Cake,Gourmet,3,900,5,2565,2100,465,Cash,Ali,4.8
ORD14570,19/05/2025,Model Town,C1554,Ahmed Khan,Female,Lahore,Beverages,Nestle Water 1.5L,Nestle,5,90,10,405,300,105,Easypaisa,Bilal,4.4
ORD14571,24/02/2025,DHA,C1686,Zain Ahmed,Female,Lahore,Electronics,Power Bank,Xiaomi,5,4500,0,22500,18000,4500,Credit Card,Hamza,4.1
ORD14572,02/11/2025,Gulberg,C1466,Ahmed Khan,Male,Lahore,Stationery,Marker,Dollar,3,120,10,324,240,84,Easypaisa,Zain,4.1
ORD14573,14/03/2025,Wapda Town,C1371,Bilal Iqbal,Female,Lahore,Home,Soap,Lux,4,180,20,576,520,56,Debit Card,Hamza,3.8
ORD14574,12/09/2025,Wapda Town,C1361,Sara Khan,Male,Lahore,Home,Soap,Lux,3,180,20,432,390,42,Debit Card,Bilal,3.9
ORD14575,09/03/2025,Johar Town,C1189,Umar Sheikh,Female,Lahore,Beverages,Nestle Water 1.5L,Nestle,1,90,15,76.5,60,16.5,JazzCash,Bilal,4.4
ORD14576,25/02/2025,DHA,C1395,Usman Malik,Female,Lahore,Bakery,Cake,Gourmet,4,900,0,3600,2800,800,Debit Card,Zain,4.3
ORD14577,31/01/2025,Gulberg,C1675,Hamza Ahmed,Male,Lahore,Stationery,Pen,Dollar,2,60,5,114,70,44,Cash,Hassan,4
ORD14578,28/02/2025,Model Town,C1519,Bilal Chaudhry,Male,Lahore,Grocery,Tea 475g,Tapal,1,980,5,931,820,111,Credit Card,Bilal,4.2
ORD14579,23/10/2025,Johar Town,C1789,Sara Ahmed,Female,Lahore,Beverages,Coca Cola 1.5L,Coca-Cola,2,220,5,418,340,78,Easypaisa,Ali,4.4
ORD14580,28/07/2025,Wapda Town,C1560,Hamza Raza,Male,Lahore,Bakery,Bread,Dawn,2,120,10,216,160,56,Cash,Hassan,4.5
ORD14581,10/06/2025,Gulberg,C1541,Ayesha Raza,Female,Lahore,Stationery,Marker,Dollar,4,120,10,432,320,112,Credit Card,Ahmed,4.8
ORD14582,10/04/2025,Model Town,C1107,Maryam Chaudhry,Female,Lahore,Bakery,Cookies,LU,2,250,20,400,360,40,Easypaisa,Zain,4.2
ORD14583,29/10/2025,Wapda Town,C1249,Maryam Raza,Female,Lahore,Bakery,Bread,Dawn,4,120,0,480,320,160,Debit Card,Zain,3.7
ORD14584,17/09/2025,DHA,C1080,Sara Butt,Female,Lahore,Grocery,Sugar 1kg,Shan,3,180,10,486,450,36,Cash,Zain,4.9
ORD14585,21/09/2025,DHA,C1007,Ahmed Sheikh,Male,Lahore,Home,Detergent 1kg,Surf Excel,3,850,20,2040,2040,0,Easypaisa,Ahmed,4.8
ORD14586,29/11/2025,Gulberg,C1312,Bilal Iqbal,Male,Lahore,Stationery,Pen,Dollar,3,60,20,144,105,39,Debit Card,Umar,4.5
ORD14587,28/06/2025,Model Town,C1628,Ahmed Raza,Female,Lahore,Beverages,Pepsi 1.5L,Pepsi,1,220,10,198,170,28,Cash,Hamza,4.5
ORD14588,02/06/2025,Johar Town,C1487,Umar Raza,Male,Lahore,Grocery,Sugar 1kg,Shan,4,180,5,684,600,84,JazzCash,Ali,3.8
ORD14589,06/02/2025,Gulberg,C1634,Ali Chaudhry,Male,Lahore,Stationery,Pen,Dollar,5,60,0,300,175,125,JazzCash,Zain,4.2
ORD14590,22/02/2025,DHA,C1597,Hamza Ahmed,Female,Lahore,Stationery,Pen,Dollar,3,60,0,180,105,75,JazzCash,Zain,4
ORD14591,07/04/2025,Wapda Town,C1038,Ayesha Butt,Female,Lahore,Bakery,Cookies,LU,2,250,15,425,360,65,Easypaisa,Ali,4.8
ORD14592,22/09/2025,Wapda Town,C1071,Umar Raza,Male,Lahore,Grocery,Sugar 1kg,Shan,2,180,20,288,300,-12,Easypaisa,Usman,5
ORD14593,30/11/2025,DHA,C1741,Umar Raza,Female,Lahore,Grocery,Basmati Rice 5kg,Guard,4,3200,0,12800,10400,2400,Credit Card,Ahmed,3.9
ORD14594,06/12/2025,DHA,C1731,Maryam Ahmed,Male,Lahore,Grocery,Tea 475g,Tapal,1,980,10,882,820,62,JazzCash,Ali,4.8
ORD14595,03/09/2025,Johar Town,C1505,Zain Sheikh,Male,Lahore,Beverages,Pepsi 1.5L,Pepsi,1,220,0,220,170,50,Debit Card,Umar,3.8
ORD14596,16/04/2025,DHA,C1061,Bilal Malik,Male,Lahore,Home,Detergent 1kg,Surf Excel,4,850,20,2720,2720,0,Easypaisa,Ahmed,4
ORD14597,25/01/2025,Johar Town,C1336,Usman Butt,Female,Lahore,Electronics,Keyboard,A4Tech,2,2800,10,5040,4400,640,Credit Card,Bilal,4.4
ORD14598,27/01/2025,Johar Town,C1788,Bilal Iqbal,Male,Lahore,Electronics,Mouse,Logitech,5,1800,15,7650,7000,650,Debit Card,Zain,4.7
ORD14599,28/10/2025,Gulberg,C1649,Umar Khan,Male,Lahore,Home,Soap,Lux,2,180,15,306,260,46,JazzCash,Umar,3.7
ORD14600,11/05/2025,Johar Town,C1118,Umar Raza,Male,Lahore,Grocery,Sugar 1kg,Shan,1,180,10,162,150,12,Cash,Ali,4.6
ORD14601,11/08/2025,Johar Town,C1715,Hamza Raza,Male,Lahore,Electronics,Keyboard,A4Tech,3,2800,0,8400,6600,1800,Easypaisa,Ahmed,3.6
ORD14602,07/03/2025,Johar Town,C1194,Fatima Raza,Male,Lahore,Bakery,Cake,Gourmet,5,900,5,4275,3500,775,Credit Card,Umar,4.4
ORD14603,12/11/2025,Wapda Town,C1308,Hamza Butt,Male,Lahore,Beverages,Nestle Water 1.5L,Nestle,5,90,10,405,300,105,Credit Card,Ali,4.5
ORD14604,23/05/2025,DHA,C1638,Ayesha Chaudhry,Female,Lahore,Home,Soap,Lux,2,180,20,288,260,28,Easypaisa,Zain,4
ORD14605,25/03/2025,Model Town,C1207,Fatima Malik,Female,Lahore,Bakery,Cake,Gourmet,5,900,10,4050,3500,550,Easypaisa,Hamza,4.1
ORD14606,21/08/2025,Gulberg,C1172,Usman Ahmed,Male,Lahore,Grocery,Cooking Oil 1L,Dalda,1,650,0,650,520,130,Debit Card,Umar,4
ORD14607,18/04/2025,Gulberg,C1309,Bilal Malik,Female,Lahore,Stationery,Marker,Dollar,3,120,5,342,240,102,Credit Card,Zain,4.6
ORD14608,21/08/2025,Johar Town,C1634,Umar Malik,Male,Lahore,Electronics,Power Bank,Xiaomi,5,4500,20,18000,18000,0,Credit Card,Usman,4.1
ORD14609,27/05/2025,DHA,C1706,Hassan Iqbal,Male,Lahore,Beverages,Pepsi 1.5L,Pepsi,5,220,5,1045,850,195,Cash,Zain,3.6
ORD14610,11/04/2025,Gulberg,C1443,Fatima Butt,Female,Lahore,Stationery,Pen,Dollar,4,60,15,204,140,64,Easypaisa,Ali,4.9
ORD14611,01/09/2025,Wapda Town,C1048,Zain Ahmed,Male,Lahore,Electronics,Keyboard,A4Tech,1,2800,0,2800,2200,600,Debit Card,Ahmed,3.7
ORD14612,22/02/2025,DHA,C1373,Ahmed Butt,Male,Lahore,Stationery,Notebook,Dollar,2,180,20,288,240,48,Easypaisa,Hassan,3.7
ORD14613,20/03/2025,DHA,C1130,Usman Sheikh,Male,Lahore,Bakery,Cookies,LU,3,250,0,750,540,210,Debit Card,Hamza,4.6
ORD14614,07/03/2025,Johar Town,C1487,Ahmed Iqbal,Male,Lahore,Grocery,Sugar 1kg,Shan,3,180,10,486,450,36,Credit Card,Zain,3.7
ORD14615,13/11/2025,Model Town,C1564,Fatima Khan,Male,Lahore,Home,Soap,Lux,5,180,15,765,650,115,Cash,Zain,4.6
ORD14616,21/02/2025,DHA,C1191,Hassan Butt,Female,Lahore,Beverages,Pepsi 1.5L,Pepsi,4,220,20,704,680,24,Debit Card,Zain,4
ORD14617,18/05/2025,Johar Town,C1735,Umar Malik,Male,Lahore,Home,Shampoo,Sunsilk,1,620,5,589,500,89,Cash,Zain,4.2
ORD14618,18/10/2025,Wapda Town,C1103,Hamza Raza,Female,Lahore,Home,Detergent 1kg,Surf Excel,2,850,5,1615,1360,255,Credit Card,Usman,4.2
ORD14619,14/10/2025,Model Town,C1007,Usman Malik,Female,Lahore,Stationery,Pen,Dollar,4,60,5,228,140,88,Easypaisa,Bilal,3.5
ORD14620,13/12/2025,Wapda Town,C1779,Sara Sheikh,Male,Lahore,Bakery,Bread,Dawn,1,120,20,96,80,16,JazzCash,Zain,3.5
ORD14621,23/12/2025,Model Town,C1584,Sara Malik,Male,Lahore,Bakery,Cookies,LU,4,250,20,800,720,80,JazzCash,Ali,4.8
ORD14622,18/11/2025,DHA,C1399,Ahmed Butt,Male,Lahore,Bakery,Cookies,LU,5,250,15,1062.5,900,162.5,Cash,Ahmed,3.6
ORD14623,29/05/2025,Model Town,C1335,Fatima Sheikh,Male,Lahore,Grocery,Sugar 1kg,Shan,3,180,0,540,450,90,Easypaisa,Hassan,4
ORD14624,14/04/2025,Wapda Town,C1794,Sara Sheikh,Female,Lahore,Beverages,Coca Cola 1.5L,Coca-Cola,1,220,5,209,170,39,Easypaisa,Hamza,4.7
ORD14625,30/09/2025,Gulberg,C1092,Umar Butt,Male,Lahore,Electronics,Power Bank,Xiaomi,3,4500,5,12825,10800,2025,Cash,Hamza,4
ORD14626,13/02/2025,Model Town,C1212,Sara Sheikh,Female,Lahore,Electronics,Power Bank,Xiaomi,5,4500,10,20250,18000,2250,Credit Card,Hassan,3.6
ORD14627,24/06/2025,Gulberg,C1210,Zain Khan,Male,Lahore,Electronics,Keyboard,A4Tech,4,2800,0,11200,8800,2400,Easypaisa,Zain,4.4
ORD14628,22/01/2025,DHA,C1562,Umar Chaudhry,Male,Lahore,Bakery,Cake,Gourmet,5,900,20,3600,3500,100,Credit Card,Bilal,3.8
ORD14629,24/03/2025,DHA,C1788,Hamza Butt,Male,Lahore,Beverages,Pepsi 1.5L,Pepsi,3,220,20,528,510,18,Debit Card,Zain,4.6
ORD14630,08/10/2025,Gulberg,C1775,Sara Ahmed,Male,Lahore,Home,Detergent 1kg,Surf Excel,4,850,5,3230,2720,510,Credit Card,Ahmed,4.5
ORD14631,13/11/2025,DHA,C1764,Ahmed Raza,Male,Lahore,Bakery,Bread,Dawn,3,120,0,360,240,120,Credit Card,Ahmed,4.3
ORD14632,08/01/2025,Model Town,C1645,Bilal Butt,Female,Lahore,Stationery,Notebook,Dollar,2,180,10,324,240,84,Debit Card,Hamza,3.9
ORD14633,04/04/2025,Johar Town,C1328,Maryam Raza,Male,Lahore,Beverages,Coca Cola 1.5L,Coca-Cola,3,220,15,561,510,51,JazzCash,Usman,3.9
ORD14634,19/04/2025,DHA,C1130,Bilal Khan,Male,Lahore,Bakery,Cake,Gourmet,4,900,0,3600,2800,800,Easypaisa,Bilal,4.6
ORD14635,22/05/2025,Model Town,C1541,Zain Iqbal,Male,Lahore,Beverages,Coca Cola 1.5L,Coca-Cola,2,220,20,352,340,12,Easypaisa,Hamza,4.3
ORD14636,01/04/2025,Gulberg,C1170,Usman Raza,Female,Lahore,Grocery,Basmati Rice 5kg,Guard,5,3200,20,12800,13000,-200,Easypaisa,Ali,4.9
ORD14637,23/03/2025,Gulberg,C1166,Ali Chaudhry,Male,Lahore,Bakery,Bread,Dawn,5,120,15,510,400,110,JazzCash,Hamza,4.5
ORD14638,03/07/2025,Gulberg,C1481,Hamza Malik,Male,Lahore,Grocery,Sugar 1kg,Shan,5,180,0,900,750,150,Cash,Umar,3.6
ORD14639,10/12/2025,Wapda Town,C1486,Ali Sheikh,Male,Lahore,Electronics,Mouse,Logitech,2,1800,15,3060,2800,260,Credit Card,Hassan,4.2
ORD14640,03/09/2025,DHA,C1204,Ayesha Ahmed,Female,Lahore,Electronics,Power Bank,Xiaomi,4,4500,5,17100,14400,2700,Debit Card,Ahmed,4.5
ORD14641,15/06/2025,Gulberg,C1205,Usman Iqbal,Female,Lahore,Beverages,Pepsi 1.5L,Pepsi,2,220,0,440,340,100,JazzCash,Hamza,3.9
ORD14642,09/05/2025,Gulberg,C1366,Ahmed Sheikh,Male,Lahore,Grocery,Cooking Oil 1L,Dalda,2,650,0,1300,1040,260,JazzCash,Bilal,5
ORD14643,21/12/2025,Model Town,C1203,Ahmed Iqbal,Female,Lahore,Electronics,Mouse,Logitech,2,1800,15,3060,2800,260,Debit Card,Ahmed,4.4
ORD14644,11/11/2025,Gulberg,C1253,Ahmed Iqbal,Female,Lahore,Grocery,Cooking Oil 1L,Dalda,3,650,20,1560,1560,0,Credit Card,Hassan,4.8
ORD14645,30/12/2025,Johar Town,C1411,Bilal Sheikh,Male,Lahore,Home,Soap,Lux,4,180,0,720,520,200,Credit Card,Ali,4.6
ORD14646,04/06/2025,Johar Town,C1218,Usman Iqbal,Male,Lahore,Electronics,Mouse,Logitech,2,1800,20,2880,2800,80,Credit Card,Zain,4.6
ORD14647,01/11/2025,DHA,C1611,Umar Iqbal,Female,Lahore,Home,Shampoo,Sunsilk,5,620,5,2945,2500,445,Easypaisa,Zain,4.3
ORD14648,25/11/2025,Wapda Town,C1509,Ali Sheikh,Female,Lahore,Beverages,Coca Cola 1.5L,Coca-Cola,2,220,0,440,340,100,Cash,Hamza,3.9
ORD14649,15/03/2025,DHA,C1042,Usman Raza,Female,Lahore,Beverages,Nestle Water 1.5L,Nestle,1,90,10,81,60,21,Easypaisa,Hassan,3.5
ORD14650,20/08/2025,Johar Town,C1146,Ayesha Khan,Male,Lahore,Electronics,Mouse,Logitech,1,1800,15,1530,1400,130,Credit Card,Ali,3.9
ORD14651,09/01/2025,Wapda Town,C1644,Umar Malik,Female,Lahore,Stationery,Pen,Dollar,2,60,15,102,70,32,Credit Card,Usman,4.2
ORD14652,20/03/2025,DHA,C1701,Hamza Raza,Male,Lahore,Stationery,Notebook,Dollar,2,180,15,306,240,66,Easypaisa,Umar,4.1
ORD14653,28/11/2025,DHA,C1400,Ayesha Butt,Female,Lahore,Home,Shampoo,Sunsilk,4,620,15,2108,2000,108,JazzCash,Hamza,4.6
ORD14654,03/01/2025,Johar Town,C1500,Sara Butt,Male,Lahore,Grocery,Cooking Oil 1L,Dalda,2,650,5,1235,1040,195,Easypaisa,Ahmed,3.8
ORD14655,02/08/2025,Wapda Town,C1395,Ahmed Raza,Female,Lahore,Stationery,Pen,Dollar,1,60,20,48,35,13,JazzCash,Ali,4.8
ORD14656,30/06/2025,Model Town,C1127,Umar Khan,Male,Lahore,Grocery,Sugar 1kg,Shan,4,180,10,648,600,48,JazzCash,Bilal,4.4
ORD14657,17/06/2025,Model Town,C1528,Usman Butt,Female,Lahore,Stationery,Notebook,Dollar,4,180,0,720,480,240,JazzCash,Zain,4.6
ORD14658,06/02/2025,Model Town,C1392,Ahmed Iqbal,Male,Lahore,Electronics,Mouse,Logitech,1,1800,20,1440,1400,40,JazzCash,Hassan,3.7
ORD14659,22/06/2025,Wapda Town,C1517,Hamza Khan,Female,Lahore,Home,Shampoo,Sunsilk,5,620,0,3100,2500,600,JazzCash,Ahmed,3.8
ORD14660,27/12/2025,Gulberg,C1189,Ali Butt,Female,Lahore,Beverages,Coca Cola 1.5L,Coca-Cola,4,220,0,880,680,200,Debit Card,Ahmed,4.7
ORD14661,29/11/2025,Wapda Town,C1339,Maryam Ahmed,Male,Lahore,Beverages,Pepsi 1.5L,Pepsi,5,220,10,990,850,140,JazzCash,Usman,5
ORD14662,19/01/2025,Gulberg,C1210,Hassan Iqbal,Male,Lahore,Home,Detergent 1kg,Surf Excel,2,850,5,1615,1360,255,Debit Card,Hassan,4.4
ORD14663,13/11/2025,Gulberg,C1247,Zain Chaudhry,Female,Lahore,Stationery,Pen,Dollar,1,60,0,60,35,25,Debit Card,Umar,4.4
ORD14664,13/08/2025,Wapda Town,C1161,Hassan Sheikh,Male,Lahore,Bakery,Cookies,LU,4,250,15,850,720,130,JazzCash,Bilal,3.8
ORD14665,31/10/2025,DHA,C1262,Zain Raza,Female,Lahore,Home,Soap,Lux,3,180,0,540,390,150,Credit Card,Umar,3.9
ORD14666,13/01/2025,Wapda Town,C1067,Bilal Raza,Male,Lahore,Home,Detergent 1kg,Surf Excel,1,850,15,722.5,680,42.5,JazzCash,Umar,3.7
ORD14667,30/03/2025,Johar Town,C1011,Ali Raza,Male,Lahore,Bakery,Cake,Gourmet,1,900,0,900,700,200,Debit Card,Ali,5
ORD14668,13/02/2025,Gulberg,C1718,Zain Chaudhry,Female,Lahore,Bakery,Cake,Gourmet,5,900,0,4500,3500,1000,Debit Card,Hassan,3.5
ORD14669,22/06/2025,DHA,C1055,Bilal Raza,Male,Lahore,Grocery,Tea 475g,Tapal,3,980,20,2352,2460,-108,Debit Card,Umar,3.6
ORD14670,30/10/2025,Johar Town,C1724,Fatima Raza,Female,Lahore,Beverages,Nestle Water 1.5L,Nestle,5,90,0,450,300,150,Cash,Hamza,3.6
ORD14671,13/07/2025,DHA,C1060,Fatima Iqbal,Male,Lahore,Bakery,Bread,Dawn,4,120,5,456,320,136,Easypaisa,Hassan,3.7
ORD14672,17/09/2025,DHA,C1495,Maryam Raza,Male,Lahore,Grocery,Cooking Oil 1L,Dalda,4,650,0,2600,2080,520,Cash,Hassan,4.2
ORD14673,23/03/2025,DHA,C1126,Maryam Iqbal,Male,Lahore,Beverages,Coca Cola 1.5L,Coca-Cola,3,220,20,528,510,18,Credit Card,Hassan,4.3
ORD14674,12/02/2025,Wapda Town,C1076,Ahmed Sheikh,Female,Lahore,Home,Detergent 1kg,Surf Excel,3,850,15,2167.5,2040,127.5,Credit Card,Hamza,4.1
ORD14675,14/09/2025,Johar Town,C1702,Sara Khan,Male,Lahore,Electronics,Keyboard,A4Tech,1,2800,5,2660,2200,460,Cash,Usman,4.7
ORD14676,29/11/2025,Gulberg,C1101,Fatima Iqbal,Male,Lahore,Grocery,Sugar 1kg,Shan,5,180,10,810,750,60,Cash,Ahmed,3.6
ORD14677,16/07/2025,Johar Town,C1346,Zain Sheikh,Male,Lahore,Grocery,Cooking Oil 1L,Dalda,2,650,10,1170,1040,130,JazzCash,Ahmed,3.6
ORD14678,19/05/2025,DHA,C1440,Hassan Ahmed,Female,Lahore,Grocery,Basmati Rice 5kg,Guard,2,3200,5,6080,5200,880,Easypaisa,Hamza,4.1
ORD14679,15/03/2025,Wapda Town,C1185,Ayesha Raza,Female,Lahore,Home,Detergent 1kg,Surf Excel,4,850,20,2720,2720,0,JazzCash,Umar,4.9
ORD14680,07/10/2025,DHA,C1511,Zain Chaudhry,Male,Lahore,Grocery,Cooking Oil 1L,Dalda,5,650,5,3087.5,2600,487.5,Credit Card,Ali,3.5
ORD14681,11/05/2025,Gulberg,C1190,Fatima Butt,Male,Lahore,Home,Detergent 1kg,Surf Excel,1,850,20,680,680,0,Debit Card,Ali,4.6
ORD14682,23/12/2025,Gulberg,C1758,Bilal Malik,Male,Lahore,Electronics,Power Bank,Xiaomi,2,4500,10,8100,7200,900,Credit Card,Bilal,4
ORD14683,18/10/2025,Johar Town,C1336,Sara Sheikh,Male,Lahore,Home,Shampoo,Sunsilk,5,620,10,2790,2500,290,Credit Card,Ahmed,4.6
ORD14684,16/02/2025,Wapda Town,C1232,Hassan Raza,Female,Lahore,Bakery,Cookies,LU,4,250,20,800,720,80,Cash,Ahmed,3.9
ORD14685,13/11/2025,Gulberg,C1220,Ali Chaudhry,Female,Lahore,Electronics,Mouse,Logitech,1,1800,5,1710,1400,310,Easypaisa,Ali,4.2
ORD14686,18/07/2025,Wapda Town,C1752,Bilal Sheikh,Female,Lahore,Stationery,Notebook,Dollar,4,180,15,612,480,132,JazzCash,Usman,4.7
ORD14687,16/01/2025,Wapda Town,C1317,Fatima Ahmed,Male,Lahore,Bakery,Cake,Gourmet,4,900,5,3420,2800,620,JazzCash,Hamza,4.4
ORD14688,06/11/2025,DHA,C1058,Hamza Iqbal,Female,Lahore,Beverages,Pepsi 1.5L,Pepsi,3,220,10,594,510,84,Debit Card,Bilal,4.2
ORD14689,25/08/2025,Model Town,C1201,Zain Sheikh,Male,Lahore,Beverages,Pepsi 1.5L,Pepsi,2,220,20,352,340,12,Cash,Ali,4.1
ORD14690,05/12/2025,Model Town,C1754,Maryam Butt,Male,Lahore,Electronics,Power Bank,Xiaomi,3,4500,0,13500,10800,2700,Cash,Ahmed,3.6
ORD14691,29/01/2025,Model Town,C1249,Ayesha Butt,Male,Lahore,Stationery,Pen,Dollar,4,60,20,192,140,52,JazzCash,Zain,4.7
ORD14692,22/10/2025,Gulberg,C1313,Ayesha Khan,Female,Lahore,Beverages,Coca Cola 1.5L,Coca-Cola,5,220,10,990,850,140,Easypaisa,Ali,4.7
ORD14693,23/03/2025,Model Town,C1710,Bilal Ahmed,Female,Lahore,Home,Soap,Lux,4,180,10,648,520,128,Credit Card,Hamza,4.1
ORD14694,23/08/2025,Gulberg,C1122,Usman Khan,Female,Lahore,Grocery,Sugar 1kg,Shan,4,180,0,720,600,120,Cash,Ali,4.3
ORD14695,03/12/2025,Johar Town,C1784,Hamza Sheikh,Female,Lahore,Grocery,Sugar 1kg,Shan,5,180,20,720,750,-30,JazzCash,Usman,4.7
ORD14696,29/07/2025,DHA,C1472,Umar Ahmed,Female,Lahore,Beverages,Coca Cola 1.5L,Coca-Cola,3,220,5,627,510,117,Cash,Hassan,3.8
ORD14697,07/11/2025,Gulberg,C1529,Umar Ahmed,Female,Lahore,Stationery,Marker,Dollar,3,120,20,288,240,48,JazzCash,Hassan,4.6
ORD14698,10/05/2025,Wapda Town,C1618,Zain Chaudhry,Female,Lahore,Beverages,Coca Cola 1.5L,Coca-Cola,2,220,5,418,340,78,Debit Card,Usman,4.7
ORD14699,05/03/2025,Johar Town,C1225,Sara Malik,Male,Lahore,Stationery,Marker,Dollar,1,120,0,120,80,40,JazzCash,Ahmed,3.9
ORD14700,25/01/2025,Wapda Town,C1317,Maryam Khan,Male,Lahore,Beverages,Coca Cola 1.5L,Coca-Cola,4,220,10,792,680,112,Credit Card,Ahmed,4.8
ORD14701,10/08/2025,DHA,C1461,Fatima Chaudhry,Male,Lahore,Electronics,Power Bank,Xiaomi,1,4500,5,4275,3600,675,JazzCash,Ahmed,4.4
ORD14702,09/11/2025,Wapda Town,C1008,Bilal Sheikh,Male,Lahore,Grocery,Cooking Oil 1L,Dalda,4,650,20,2080,2080,0,Easypaisa,Ali,4.7
ORD14703,22/10/2025,DHA,C1544,Fatima Malik,Female,Lahore,Grocery,Cooking Oil 1L,Dalda,5,650,15,2762.5,2600,162.5,Debit Card,Hamza,4.4
ORD14704,01/08/2025,Model Town,C1688,Ayesha Ahmed,Female,Lahore,Grocery,Tea 475g,Tapal,2,980,15,1666,1640,26,Easypaisa,Zain,3.8
ORD14705,30/07/2025,Johar Town,C1706,Umar Ahmed,Female,Lahore,Stationery,Marker,Dollar,5,120,10,540,400,140,Credit Card,Umar,4.9
ORD14706,06/10/2025,Johar Town,C1265,Hamza Butt,Female,Lahore,Stationery,Notebook,Dollar,3,180,0,540,360,180,Easypaisa,Ahmed,4
ORD14707,01/10/2025,DHA,C1441,Usman Raza,Female,Lahore,Home,Soap,Lux,3,180,0,540,390,150,JazzCash,Ali,4.3
ORD14708,02/10/2025,Wapda Town,C1606,Maryam Iqbal,Male,Lahore,Bakery,Cake,Gourmet,4,900,15,3060,2800,260,Cash,Hassan,4.8
ORD14709,27/02/2025,Gulberg,C1449,Bilal Ahmed,Female,Lahore,Bakery,Bread,Dawn,5,120,15,510,400,110,Debit Card,Ahmed,3.7
ORD14710,22/05/2025,Johar Town,C1566,Maryam Butt,Male,Lahore,Bakery,Cake,Gourmet,5,900,10,4050,3500,550,Credit Card,Ahmed,3.9
ORD14711,01/04/2025,Johar Town,C1367,Ayesha Butt,Male,Lahore,Electronics,Keyboard,A4Tech,5,2800,15,11900,11000,900,Easypaisa,Usman,4.2
ORD14712,27/04/2025,Gulberg,C1248,Bilal Iqbal,Female,Lahore,Beverages,Pepsi 1.5L,Pepsi,5,220,20,880,850,30,Credit Card,Hamza,4.5
ORD14713,26/05/2025,Wapda Town,C1330,Bilal Sheikh,Female,Lahore,Beverages,Pepsi 1.5L,Pepsi,1,220,0,220,170,50,Cash,Umar,4.2
ORD14714,07/12/2025,Gulberg,C1587,Sara Ahmed,Female,Lahore,Beverages,Pepsi 1.5L,Pepsi,4,220,20,704,680,24,Easypaisa,Umar,4.1
ORD14715,27/08/2025,Gulberg,C1221,Maryam Iqbal,Female,Lahore,Grocery,Sugar 1kg,Shan,1,180,0,180,150,30,Debit Card,Zain,4.2
ORD14716,23/07/2025,Gulberg,C1146,Fatima Khan,Female,Lahore,Beverages,Pepsi 1.5L,Pepsi,1,220,20,176,170,6,Easypaisa,Zain,4.1
ORD14717,13/01/2025,Gulberg,C1353,Umar Sheikh,Male,Lahore,Grocery,Sugar 1kg,Shan,3,180,10,486,450,36,Cash,Zain,4.6
ORD14718,22/03/2025,Johar Town,C1023,Usman Ahmed,Female,Lahore,Home,Soap,Lux,4,180,5,684,520,164,Credit Card,Usman,4.7
ORD14719,15/10/2025,Johar Town,C1471,Ali Ahmed,Male,Lahore,Beverages,Nestle Water 1.5L,Nestle,1,90,10,81,60,21,Easypaisa,Hamza,4.6
ORD14720,15/01/2025,Johar Town,C1157,Maryam Raza,Male,Lahore,Stationery,Pen,Dollar,2,60,0,120,70,50,Debit Card,Hassan,4.5
ORD14721,04/09/2025,Wapda Town,C1278,Umar Sheikh,Female,Lahore,Electronics,Keyboard,A4Tech,4,2800,15,9520,8800,720,Debit Card,Usman,3.9
ORD14722,31/05/2025,Wapda Town,C1619,Fatima Khan,Female,Lahore,Bakery,Cookies,LU,2,250,15,425,360,65,Easypaisa,Zain,4.2
ORD14723,21/11/2025,DHA,C1693,Maryam Chaudhry,Female,Lahore,Electronics,Keyboard,A4Tech,3,2800,20,6720,6600,120,Easypaisa,Bilal,4.1
ORD14724,23/12/2025,Model Town,C1582,Hassan Raza,Female,Lahore,Bakery,Bread,Dawn,3,120,5,342,240,102,JazzCash,Usman,4.8
ORD14725,12/11/2025,Model Town,C1355,Usman Butt,Female,Lahore,Stationery,Marker,Dollar,3,120,0,360,240,120,Debit Card,Zain,3.7
ORD14726,09/10/2025,Johar Town,C1266,Zain Ahmed,Female,Lahore,Home,Soap,Lux,5,180,15,765,650,115,Credit Card,Umar,4.5
ORD14727,14/08/2025,Wapda Town,C1457,Zain Ahmed,Male,Lahore,Electronics,Keyboard,A4Tech,4,2800,5,10640,8800,1840,Debit Card,Ali,4.3
ORD14728,13/08/2025,Model Town,C1057,Umar Sheikh,Female,Lahore,Beverages,Coca Cola 1.5L,Coca-Cola,4,220,20,704,680,24,Credit Card,Usman,4.9
ORD14729,19/06/2025,Model Town,C1548,Bilal Sheikh,Male,Lahore,Stationery,Marker,Dollar,1,120,10,108,80,28,Debit Card,Ali,4.1
ORD14730,15/05/2025,Model Town,C1326,Ahmed Iqbal,Male,Lahore,Home,Soap,Lux,1,180,20,144,130,14,Cash,Usman,3.6
ORD14731,06/02/2025,Wapda Town,C1514,Zain Chaudhry,Male,Lahore,Stationery,Notebook,Dollar,5,180,5,855,600,255,JazzCash,Hamza,4.5
ORD14732,07/08/2025,Model Town,C1055,Ahmed Chaudhry,Male,Lahore,Electronics,Mouse,Logitech,3,1800,15,4590,4200,390,Credit Card,Hassan,4.4
ORD14733,26/08/2025,Johar Town,C1189,Umar Raza,Male,Lahore,Grocery,Basmati Rice 5kg,Guard,3,3200,10,8640,7800,840,Debit Card,Bilal,5
ORD14734,11/07/2025,Model Town,C1575,Ayesha Malik,Female,Lahore,Electronics,Mouse,Logitech,5,1800,10,8100,7000,1100,Cash,Hamza,4.3
ORD14735,13/03/2025,Gulberg,C1085,Hassan Ahmed,Male,Lahore,Grocery,Cooking Oil 1L,Dalda,2,650,15,1105,1040,65,Cash,Usman,3.6
ORD14736,23/05/2025,Wapda Town,C1261,Ayesha Iqbal,Female,Lahore,Bakery,Cake,Gourmet,1,900,0,900,700,200,Credit Card,Umar,4.5
ORD14737,07/05/2025,Wapda Town,C1185,Hassan Ahmed,Male,Lahore,Electronics,Power Bank,Xiaomi,2,4500,5,8550,7200,1350,Debit Card,Ali,4.3
ORD14738,21/11/2025,DHA,C1639,Fatima Malik,Female,Lahore,Beverages,Coca Cola 1.5L,Coca-Cola,4,220,20,704,680,24,JazzCash,Ahmed,4.3
ORD14739,19/07/2025,Johar Town,C1592,Ayesha Iqbal,Female,Lahore,Bakery,Cake,Gourmet,4,900,5,3420,2800,620,Credit Card,Hamza,3.7
ORD14740,24/02/2025,Johar Town,C1266,Bilal Sheikh,Female,Lahore,Stationery,Notebook,Dollar,4,180,0,720,480,240,Credit Card,Ahmed,4.4
ORD14741,14/07/2025,Model Town,C1538,Hassan Khan,Female,Lahore,Home,Detergent 1kg,Surf Excel,5,850,10,3825,3400,425,Debit Card,Hamza,3.9
ORD14742,19/06/2025,Wapda Town,C1512,Usman Raza,Female,Lahore,Bakery,Cake,Gourmet,5,900,20,3600,3500,100,Credit Card,Hamza,4.9
ORD14743,05/05/2025,Johar Town,C1704,Ali Butt,Female,Lahore,Grocery,Cooking Oil 1L,Dalda,5,650,10,2925,2600,325,Credit Card,Hassan,4.5
ORD14744,23/01/2025,Johar Town,C1142,Ali Butt,Male,Lahore,Bakery,Cake,Gourmet,1,900,0,900,700,200,Credit Card,Ali,5
ORD14745,27/11/2025,Johar Town,C1393,Fatima Raza,Male,Lahore,Stationery,Marker,Dollar,3,120,0,360,240,120,Credit Card,Bilal,4.8
ORD14746,18/07/2025,Model Town,C1009,Ali Chaudhry,Female,Lahore,Stationery,Pen,Dollar,2,60,5,114,70,44,Easypaisa,Zain,3.6
ORD14747,28/01/2025,Model Town,C1028,Ayesha Malik,Female,Lahore,Grocery,Cooking Oil 1L,Dalda,2,650,5,1235,1040,195,Easypaisa,Bilal,3.9
ORD14748,07/08/2025,Model Town,C1279,Zain Malik,Male,Lahore,Home,Soap,Lux,5,180,10,810,650,160,Cash,Hassan,3.7
ORD14749,29/04/2025,Johar Town,C1458,Maryam Sheikh,Female,Lahore,Bakery,Cake,Gourmet,3,900,10,2430,2100,330,Debit Card,Ahmed,4.6
ORD14750,08/10/2025,Wapda Town,C1433,Maryam Raza,Female,Lahore,Electronics,Power Bank,Xiaomi,2,4500,0,9000,7200,1800,JazzCash,Hamza,4.3
ORD14751,12/03/2025,Gulberg,C1153,Hamza Iqbal,Male,Lahore,Electronics,Mouse,Logitech,1,1800,5,1710,1400,310,JazzCash,Usman,4.5
ORD14752,11/01/2025,Gulberg,C1131,Hamza Chaudhry,Male,Lahore,Home,Shampoo,Sunsilk,1,620,10,558,500,58,Easypaisa,Umar,4.9
ORD14753,23/08/2025,DHA,C1730,Hamza Raza,Female,Lahore,Home,Shampoo,Sunsilk,2,620,10,1116,1000,116,Credit Card,Umar,3.6
ORD14754,29/04/2025,Model Town,C1216,Ahmed Khan,Male,Lahore,Grocery,Sugar 1kg,Shan,4,180,20,576,600,-24,Credit Card,Usman,4.1
ORD14755,01/06/2025,Wapda Town,C1287,Umar Raza,Female,Lahore,Electronics,Power Bank,Xiaomi,4,4500,5,17100,14400,2700,JazzCash,Hassan,4.6
ORD14756,07/01/2025,Wapda Town,C1696,Hamza Chaudhry,Male,Lahore,Bakery,Bread,Dawn,2,120,10,216,160,56,Easypaisa,Hassan,4.5
ORD14757,22/12/2025,Model Town,C1650,Ahmed Butt,Female,Lahore,Home,Soap,Lux,1,180,5,171,130,41,Credit Card,Usman,3.7
ORD14758,04/01/2025,Johar Town,C1529,Fatima Khan,Female,Lahore,Beverages,Pepsi 1.5L,Pepsi,5,220,15,935,850,85,Debit Card,Hamza,5
ORD14759,23/11/2025,Model Town,C1665,Sara Iqbal,Male,Lahore,Electronics,Power Bank,Xiaomi,4,4500,0,18000,14400,3600,Cash,Hamza,4.5
ORD14760,17/05/2025,Model Town,C1147,Hassan Iqbal,Male,Lahore,Beverages,Nestle Water 1.5L,Nestle,2,90,10,162,120,42,Debit Card,Ali,4.8
ORD14761,03/03/2025,Gulberg,C1042,Fatima Butt,Male,Lahore,Bakery,Cookies,LU,1,250,0,250,180,70,Debit Card,Ahmed,4
ORD14762,09/03/2025,Wapda Town,C1241,Sara Iqbal,Female,Lahore,Stationery,Notebook,Dollar,1,180,20,144,120,24,Cash,Ahmed,3.9
ORD14763,16/07/2025,Gulberg,C1293,Ayesha Butt,Female,Lahore,Grocery,Tea 475g,Tapal,1,980,0,980,820,160,Easypaisa,Zain,4.8
ORD14764,11/11/2025,Johar Town,C1582,Ali Sheikh,Female,Lahore,Stationery,Notebook,Dollar,1,180,15,153,120,33,Credit Card,Ahmed,4.6
ORD14765,21/09/2025,Model Town,C1735,Umar Khan,Male,Lahore,Bakery,Cake,Gourmet,5,900,10,4050,3500,550,Easypaisa,Hassan,3.7
ORD14766,11/01/2025,DHA,C1349,Ali Sheikh,Male,Lahore,Beverages,Coca Cola 1.5L,Coca-Cola,1,220,5,209,170,39,Debit Card,Umar,4.7
ORD14767,01/02/2025,DHA,C1091,Zain Sheikh,Female,Lahore,Stationery,Marker,Dollar,3,120,5,342,240,102,Credit Card,Hamza,4.8
ORD14768,15/07/2025,Model Town,C1792,Zain Raza,Female,Lahore,Bakery,Cookies,LU,4,250,15,850,720,130,JazzCash,Ali,3.9
ORD14769,16/09/2025,Gulberg,C1715,Ahmed Malik,Female,Lahore,Electronics,Mouse,Logitech,1,1800,0,1800,1400,400,Credit Card,Hassan,4.2
ORD14770,19/05/2025,Model Town,C1247,Fatima Butt,Male,Lahore,Home,Shampoo,Sunsilk,1,620,0,620,500,120,Debit Card,Usman,4
ORD14771,06/12/2025,Model Town,C1438,Usman Butt,Male,Lahore,Stationery,Marker,Dollar,2,120,5,228,160,68,Debit Card,Bilal,4
ORD14772,01/03/2025,Model Town,C1415,Hamza Chaudhry,Female,Lahore,Electronics,Keyboard,A4Tech,1,2800,15,2380,2200,180,Easypaisa,Ali,3.6
ORD14773,30/11/2025,Wapda Town,C1089,Ahmed Sheikh,Male,Lahore,Grocery,Basmati Rice 5kg,Guard,1,3200,10,2880,2600,280,Credit Card,Umar,4.4
ORD14774,03/05/2025,Wapda Town,C1681,Sara Ahmed,Female,Lahore,Bakery,Bread,Dawn,2,120,10,216,160,56,Cash,Usman,4.1
ORD14775,29/10/2025,Gulberg,C1328,Maryam Iqbal,Female,Lahore,Stationery,Marker,Dollar,4,120,5,456,320,136,JazzCash,Ahmed,4.5
ORD14776,15/09/2025,Model Town,C1337,Ahmed Malik,Male,Lahore,Home,Soap,Lux,4,180,10,648,520,128,JazzCash,Hassan,4.6
ORD14777,10/10/2025,Wapda Town,C1288,Bilal Raza,Female,Lahore,Beverages,Pepsi 1.5L,Pepsi,4,220,0,880,680,200,JazzCash,Zain,3.5
ORD14778,08/12/2025,Johar Town,C1519,Hamza Raza,Male,Lahore,Beverages,Nestle Water 1.5L,Nestle,5,90,0,450,300,150,JazzCash,Bilal,3.8
ORD14779,26/04/2025,Model Town,C1048,Ahmed Chaudhry,Female,Lahore,Beverages,Coca Cola 1.5L,Coca-Cola,3,220,10,594,510,84,Debit Card,Hassan,4.8
ORD14780,07/09/2025,Model Town,C1371,Hassan Sheikh,Male,Lahore,Stationery,Notebook,Dollar,1,180,0,180,120,60,Credit Card,Bilal,4.7
ORD14781,17/10/2025,Wapda Town,C1239,Ahmed Khan,Male,Lahore,Home,Detergent 1kg,Surf Excel,2,850,15,1445,1360,85,Easypaisa,Usman,4.5
ORD14782,04/09/2025,Wapda Town,C1721,Sara Khan,Female,Lahore,Home,Soap,Lux,4,180,20,576,520,56,Cash,Bilal,3.7
ORD14783,11/08/2025,DHA,C1394,Umar Ahmed,Male,Lahore,Bakery,Cookies,LU,1,250,20,200,180,20,JazzCash,Usman,4.3
ORD14784,08/03/2025,Wapda Town,C1442,Bilal Malik,Female,Lahore,Grocery,Basmati Rice 5kg,Guard,4,3200,10,11520,10400,1120,JazzCash,Hassan,3.5
ORD14785,10/09/2025,Johar Town,C1116,Bilal Butt,Female,Lahore,Electronics,Mouse,Logitech,2,1800,15,3060,2800,260,JazzCash,Ali,4.3
ORD14786,26/07/2025,Wapda Town,C1443,Hassan Raza,Female,Lahore,Grocery,Tea 475g,Tapal,3,980,15,2499,2460,39,Credit Card,Hamza,4.9
ORD14787,08/12/2025,Model Town,C1787,Sara Butt,Female,Lahore,Stationery,Notebook,Dollar,2,180,0,360,240,120,Credit Card,Hassan,3.6
ORD14788,12/04/2025,Model Town,C1378,Umar Malik,Female,Lahore,Electronics,Power Bank,Xiaomi,1,4500,20,3600,3600,0,Credit Card,Ali,4.6
ORD14789,21/01/2025,DHA,C1571,Fatima Malik,Male,Lahore,Bakery,Cake,Gourmet,3,900,5,2565,2100,465,JazzCash,Usman,4.2
ORD14790,25/03/2025,DHA,C1049,Ayesha Malik,Male,Lahore,Home,Soap,Lux,5,180,5,855,650,205,JazzCash,Ali,4.9
ORD14791,15/02/2025,Model Town,C1463,Zain Ahmed,Male,Lahore,Home,Shampoo,Sunsilk,4,620,0,2480,2000,480,Cash,Hassan,3.9
ORD14792,31/03/2025,Gulberg,C1511,Bilal Iqbal,Female,Lahore,Grocery,Tea 475g,Tapal,2,980,15,1666,1640,26,Credit Card,Ali,4.2
ORD14793,11/11/2025,Gulberg,C1064,Ali Khan,Male,Lahore,Grocery,Sugar 1kg,Shan,5,180,0,900,750,150,Debit Card,Hassan,3.6
ORD14794,18/12/2025,Wapda Town,C1603,Ali Raza,Male,Lahore,Stationery,Notebook,Dollar,1,180,10,162,120,42,Cash,Ali,4.6
ORD14795,07/05/2025,DHA,C1677,Zain Ahmed,Male,Lahore,Stationery,Marker,Dollar,2,120,0,240,160,80,Easypaisa,Umar,4.9
ORD14796,17/05/2025,DHA,C1331,Umar Ahmed,Female,Lahore,Electronics,Mouse,Logitech,4,1800,15,6120,5600,520,Easypaisa,Ali,4.1
ORD14797,19/12/2025,Model Town,C1337,Sara Chaudhry,Female,Lahore,Stationery,Marker,Dollar,2,120,5,228,160,68,Easypaisa,Ahmed,4.9
ORD14798,19/11/2025,Model Town,C1760,Maryam Ahmed,Male,Lahore,Bakery,Bread,Dawn,3,120,20,288,240,48,JazzCash,Ahmed,4.8
ORD14799,25/04/2025,DHA,C1433,Ahmed Chaudhry,Female,Lahore,Beverages,Nestle Water 1.5L,Nestle,2,90,15,153,120,33,JazzCash,Ali,3.7
ORD14800,26/07/2025,Gulberg,C1395,Maryam Butt,Female,Lahore,Home,Shampoo,Sunsilk,5,620,20,2480,2500,-20,Easypaisa,Ahmed,4.5
ORD14801,15/09/2025,Model Town,C1304,Fatima Sheikh,Female,Lahore,Stationery,Pen,Dollar,4,60,10,216,140,76,JazzCash,Umar,4.2
ORD14802,13/06/2025,Model Town,C1220,Maryam Khan,Male,Lahore,Bakery,Cookies,LU,4,250,15,850,720,130,Easypaisa,Zain,3.6
ORD14803,30/07/2025,Model Town,C1241,Hassan Malik,Female,Lahore,Bakery,Bread,Dawn,2,120,5,228,160,68,Easypaisa,Bilal,4.5
ORD14804,07/12/2025,Wapda Town,C1513,Umar Iqbal,Female,Lahore,Stationery,Notebook,Dollar,4,180,15,612,480,132,Cash,Umar,3.9
ORD14805,06/10/2025,DHA,C1160,Ahmed Chaudhry,Male,Lahore,Electronics,Keyboard,A4Tech,4,2800,0,11200,8800,2400,Debit Card,Ali,3.9
ORD14806,02/01/2025,Wapda Town,C1598,Usman Khan,Male,Lahore,Stationery,Pen,Dollar,5,60,15,255,175,80,Debit Card,Zain,4
ORD14807,13/09/2025,Wapda Town,C1536,Fatima Malik,Female,Lahore,Home,Shampoo,Sunsilk,2,620,0,1240,1000,240,Cash,Umar,4.4
ORD14808,26/10/2025,Model Town,C1131,Hassan Ahmed,Female,Lahore,Stationery,Notebook,Dollar,5,180,0,900,600,300,Credit Card,Hassan,4.7
ORD14809,31/05/2025,DHA,C1466,Ali Raza,Female,Lahore,Bakery,Bread,Dawn,5,120,15,510,400,110,Easypaisa,Ali,3.7
ORD14810,14/08/2025,DHA,C1600,Umar Malik,Female,Lahore,Beverages,Coca Cola 1.5L,Coca-Cola,5,220,20,880,850,30,Debit Card,Hamza,4.1
ORD14811,25/01/2025,Johar Town,C1647,Maryam Sheikh,Female,Lahore,Bakery,Cookies,LU,1,250,15,212.5,180,32.5,Debit Card,Bilal,3.5
ORD14812,07/11/2025,Gulberg,C1086,Maryam Malik,Male,Lahore,Home,Detergent 1kg,Surf Excel,5,850,15,3612.5,3400,212.5,Cash,Zain,4.8
ORD14813,23/07/2025,Wapda Town,C1079,Fatima Chaudhry,Male,Lahore,Home,Soap,Lux,1,180,0,180,130,50,Easypaisa,Ali,3.5
ORD14814,20/06/2025,Johar Town,C1734,Ali Chaudhry,Male,Lahore,Stationery,Marker,Dollar,5,120,20,480,400,80,JazzCash,Ahmed,3.7
ORD14815,10/02/2025,Model Town,C1034,Hamza Khan,Male,Lahore,Beverages,Pepsi 1.5L,Pepsi,5,220,20,880,850,30,Credit Card,Hamza,3.7
ORD14816,21/11/2025,Gulberg,C1495,Maryam Raza,Male,Lahore,Grocery,Tea 475g,Tapal,2,980,10,1764,1640,124,Credit Card,Hamza,4.8
ORD14817,26/06/2025,Johar Town,C1254,Hassan Iqbal,Female,Lahore,Electronics,Keyboard,A4Tech,3,2800,0,8400,6600,1800,JazzCash,Ali,4.1
ORD14818,04/06/2025,Model Town,C1416,Hassan Khan,Male,Lahore,Stationery,Marker,Dollar,1,120,10,108,80,28,Easypaisa,Hassan,3.8
ORD14819,30/07/2025,DHA,C1020,Ali Chaudhry,Female,Lahore,Stationery,Pen,Dollar,5,60,15,255,175,80,Credit Card,Hassan,4
ORD14820,12/06/2025,Gulberg,C1424,Hamza Malik,Female,Lahore,Stationery,Notebook,Dollar,1,180,20,144,120,24,Credit Card,Umar,3.5
ORD14821,21/07/2025,Model Town,C1498,Fatima Ahmed,Male,Lahore,Stationery,Pen,Dollar,5,60,15,255,175,80,Credit Card,Ali,4
ORD14822,25/06/2025,Model Town,C1282,Sara Ahmed,Female,Lahore,Beverages,Coca Cola 1.5L,Coca-Cola,3,220,20,528,510,18,Debit Card,Zain,4.9
ORD14823,20/10/2025,Gulberg,C1534,Bilal Khan,Female,Lahore,Grocery,Sugar 1kg,Shan,2,180,10,324,300,24,Debit Card,Usman,4.4
ORD14824,12/05/2025,Gulberg,C1799,Hassan Butt,Female,Lahore,Stationery,Marker,Dollar,4,120,10,432,320,112,Cash,Ahmed,3.6
ORD14825,13/11/2025,Model Town,C1785,Bilal Malik,Female,Lahore,Stationery,Marker,Dollar,1,120,5,114,80,34,Easypaisa,Ahmed,4.6
ORD14826,15/10/2025,Gulberg,C1621,Ahmed Sheikh,Male,Lahore,Grocery,Cooking Oil 1L,Dalda,1,650,10,585,520,65,Debit Card,Usman,4.5
ORD14827,20/07/2025,Johar Town,C1566,Umar Iqbal,Female,Lahore,Beverages,Coca Cola 1.5L,Coca-Cola,5,220,5,1045,850,195,Cash,Ali,5
ORD14828,08/11/2025,Gulberg,C1144,Fatima Malik,Male,Lahore,Beverages,Nestle Water 1.5L,Nestle,3,90,20,216,180,36,Cash,Hamza,3.8
ORD14829,03/05/2025,Wapda Town,C1175,Bilal Iqbal,Male,Lahore,Bakery,Bread,Dawn,5,120,5,570,400,170,Easypaisa,Umar,4.4
ORD14830,10/09/2025,Model Town,C1009,Ayesha Ahmed,Male,Lahore,Home,Soap,Lux,1,180,20,144,130,14,Easypaisa,Usman,4.4
ORD14831,18/03/2025,Gulberg,C1255,Maryam Malik,Female,Lahore,Beverages,Pepsi 1.5L,Pepsi,3,220,20,528,510,18,Debit Card,Ali,4.9
ORD14832,07/05/2025,Model Town,C1737,Usman Raza,Female,Lahore,Electronics,Keyboard,A4Tech,2,2800,20,4480,4400,80,Cash,Bilal,4.6
ORD14833,21/12/2025,Model Town,C1682,Ayesha Ahmed,Female,Lahore,Grocery,Sugar 1kg,Shan,1,180,10,162,150,12,JazzCash,Usman,4.3
ORD14834,09/11/2025,Johar Town,C1298,Bilal Sheikh,Male,Lahore,Bakery,Bread,Dawn,1,120,20,96,80,16,Cash,Hamza,3.8
ORD14835,08/03/2025,Wapda Town,C1442,Zain Raza,Female,Lahore,Bakery,Cookies,LU,1,250,5,237.5,180,57.5,Debit Card,Usman,5
ORD14836,25/03/2025,Johar Town,C1444,Hassan Chaudhry,Male,Lahore,Beverages,Pepsi 1.5L,Pepsi,2,220,10,396,340,56,Easypaisa,Ali,3.7
ORD14837,09/05/2025,Wapda Town,C1797,Ayesha Raza,Female,Lahore,Grocery,Sugar 1kg,Shan,3,180,5,513,450,63,Credit Card,Ahmed,3.9
ORD14838,27/08/2025,Model Town,C1320,Hassan Raza,Female,Lahore,Electronics,Power Bank,Xiaomi,1,4500,15,3825,3600,225,Cash,Ahmed,4
ORD14839,28/10/2025,DHA,C1187,Hamza Malik,Male,Lahore,Electronics,Power Bank,Xiaomi,1,4500,15,3825,3600,225,JazzCash,Hassan,4.4
ORD14840,18/05/2025,DHA,C1745,Hamza Ahmed,Female,Lahore,Electronics,Keyboard,A4Tech,5,2800,5,13300,11000,2300,Credit Card,Ahmed,4.6
ORD14841,30/11/2025,DHA,C1271,Ayesha Butt,Male,Lahore,Stationery,Marker,Dollar,4,120,15,408,320,88,Credit Card,Umar,3.5
ORD14842,08/08/2025,Gulberg,C1723,Umar Butt,Male,Lahore,Home,Detergent 1kg,Surf Excel,3,850,0,2550,2040,510,Cash,Bilal,3.8
ORD14843,18/08/2025,DHA,C1562,Ayesha Butt,Female,Lahore,Home,Detergent 1kg,Surf Excel,3,850,20,2040,2040,0,JazzCash,Bilal,4.4
ORD14844,08/03/2025,Wapda Town,C1775,Zain Malik,Male,Lahore,Home,Detergent 1kg,Surf Excel,3,850,5,2422.5,2040,382.5,Credit Card,Hamza,4.3
ORD14845,27/01/2025,Gulberg,C1742,Ayesha Khan,Male,Lahore,Bakery,Bread,Dawn,5,120,5,570,400,170,Debit Card,Ahmed,4.4
ORD14846,08/03/2025,Wapda Town,C1281,Usman Malik,Female,Lahore,Electronics,Mouse,Logitech,1,1800,0,1800,1400,400,Credit Card,Umar,4.3
ORD14847,19/04/2025,Johar Town,C1602,Sara Khan,Male,Lahore,Grocery,Cooking Oil 1L,Dalda,4,650,20,2080,2080,0,Credit Card,Ali,3.5
ORD14848,11/12/2025,Wapda Town,C1140,Hamza Chaudhry,Male,Lahore,Beverages,Pepsi 1.5L,Pepsi,4,220,20,704,680,24,Credit Card,Bilal,4.9
ORD14849,28/03/2025,Johar Town,C1307,Ali Khan,Female,Lahore,Home,Detergent 1kg,Surf Excel,2,850,5,1615,1360,255,Easypaisa,Ahmed,3.5
ORD14850,04/09/2025,DHA,C1051,Umar Iqbal,Male,Lahore,Bakery,Bread,Dawn,4,120,0,480,320,160,Credit Card,Hamza,3.5
ORD14851,19/09/2025,Johar Town,C1691,Ali Iqbal,Male,Lahore,Bakery,Cake,Gourmet,3,900,20,2160,2100,60,Credit Card,Ali,4.7
ORD14852,13/03/2025,Gulberg,C1023,Sara Chaudhry,Female,Lahore,Stationery,Marker,Dollar,4,120,15,408,320,88,JazzCash,Bilal,4.9
ORD14853,22/02/2025,Gulberg,C1241,Umar Raza,Female,Lahore,Home,Detergent 1kg,Surf Excel,3,850,20,2040,2040,0,Debit Card,Umar,3.7
ORD14854,26/06/2025,Johar Town,C1324,Sara Sheikh,Female,Lahore,Bakery,Cake,Gourmet,1,900,0,900,700,200,JazzCash,Hassan,3.9
ORD14855,28/04/2025,Wapda Town,C1677,Umar Chaudhry,Male,Lahore,Stationery,Notebook,Dollar,5,180,15,765,600,165,Credit Card,Bilal,5
ORD14856,03/12/2025,Wapda Town,C1610,Hamza Chaudhry,Male,Lahore,Beverages,Nestle Water 1.5L,Nestle,5,90,10,405,300,105,JazzCash,Bilal,4.2
ORD14857,02/12/2025,Gulberg,C1615,Ahmed Khan,Male,Lahore,Home,Detergent 1kg,Surf Excel,1,850,15,722.5,680,42.5,Credit Card,Hassan,3.8
ORD14858,25/04/2025,Model Town,C1184,Hassan Raza,Male,Lahore,Electronics,Power Bank,Xiaomi,2,4500,0,9000,7200,1800,Credit Card,Ali,4.1
ORD14859,30/09/2025,Johar Town,C1113,Zain Raza,Male,Lahore,Stationery,Marker,Dollar,4,120,15,408,320,88,JazzCash,Umar,3.6
ORD14860,26/02/2025,Gulberg,C1116,Maryam Iqbal,Female,Lahore,Grocery,Sugar 1kg,Shan,3,180,5,513,450,63,JazzCash,Ali,4.4
ORD14861,30/12/2025,Gulberg,C1488,Hassan Malik,Female,Lahore,Home,Soap,Lux,5,180,10,810,650,160,Easypaisa,Hamza,4
ORD14862,03/03/2025,Model Town,C1271,Ali Khan,Male,Lahore,Electronics,Mouse,Logitech,1,1800,5,1710,1400,310,JazzCash,Ahmed,4.8
ORD14863,25/02/2025,Johar Town,C1186,Bilal Raza,Male,Lahore,Grocery,Tea 475g,Tapal,2,980,20,1568,1640,-72,Debit Card,Hamza,4
ORD14864,16/05/2025,Wapda Town,C1623,Zain Ahmed,Female,Lahore,Bakery,Cake,Gourmet,3,900,0,2700,2100,600,JazzCash,Zain,4.8
ORD14865,03/02/2025,DHA,C1245,Umar Khan,Male,Lahore,Home,Shampoo,Sunsilk,1,620,10,558,500,58,Credit Card,Zain,4.4
ORD14866,12/05/2025,DHA,C1632,Bilal Khan,Male,Lahore,Bakery,Cake,Gourmet,2,900,0,1800,1400,400,JazzCash,Ali,3.6
ORD14867,03/01/2025,Wapda Town,C1554,Ahmed Malik,Male,Lahore,Home,Shampoo,Sunsilk,3,620,15,1581,1500,81,Debit Card,Ali,4.1
ORD14868,29/10/2025,Gulberg,C1781,Maryam Malik,Male,Lahore,Beverages,Coca Cola 1.5L,Coca-Cola,4,220,10,792,680,112,Easypaisa,Zain,3.5
ORD14869,16/10/2025,DHA,C1022,Fatima Ahmed,Male,Lahore,Bakery,Cake,Gourmet,1,900,15,765,700,65,Easypaisa,Umar,3.7
ORD14870,22/10/2025,DHA,C1101,Ali Iqbal,Male,Lahore,Grocery,Tea 475g,Tapal,5,980,15,4165,4100,65,Cash,Hamza,4
ORD14871,13/09/2025,DHA,C1730,Fatima Malik,Male,Lahore,Electronics,Power Bank,Xiaomi,3,4500,10,12150,10800,1350,Cash,Zain,4.8
ORD14872,11/08/2025,Wapda Town,C1252,Bilal Chaudhry,Male,Lahore,Home,Shampoo,Sunsilk,3,620,10,1674,1500,174,Debit Card,Hamza,4.3
ORD14873,21/09/2025,Wapda Town,C1385,Maryam Malik,Male,Lahore,Stationery,Notebook,Dollar,1,180,15,153,120,33,Cash,Ali,4.4
ORD14874,21/01/2025,Wapda Town,C1124,Ayesha Sheikh,Male,Lahore,Stationery,Notebook,Dollar,1,180,15,153,120,33,Debit Card,Usman,4
ORD14875,29/09/2025,Gulberg,C1170,Maryam Chaudhry,Female,Lahore,Bakery,Bread,Dawn,1,120,20,96,80,16,Easypaisa,Ali,4.8
ORD14876,18/02/2025,DHA,C1319,Usman Raza,Female,Lahore,Bakery,Bread,Dawn,4,120,20,384,320,64,Easypaisa,Hamza,4.7
ORD14877,10/01/2025,Wapda Town,C1455,Umar Iqbal,Female,Lahore,Grocery,Sugar 1kg,Shan,2,180,10,324,300,24,Cash,Usman,4
ORD14878,02/06/2025,Wapda Town,C1681,Hamza Ahmed,Female,Lahore,Electronics,Power Bank,Xiaomi,3,4500,15,11475,10800,675,Cash,Bilal,4.4
ORD14879,12/11/2025,Wapda Town,C1022,Hamza Raza,Female,Lahore,Grocery,Basmati Rice 5kg,Guard,3,3200,0,9600,7800,1800,Credit Card,Hamza,3.8
ORD14880,11/07/2025,Johar Town,C1565,Sara Chaudhry,Male,Lahore,Beverages,Pepsi 1.5L,Pepsi,4,220,10,792,680,112,JazzCash,Ahmed,4.2
ORD14881,26/07/2025,DHA,C1719,Usman Raza,Female,Lahore,Home,Shampoo,Sunsilk,4,620,15,2108,2000,108,Debit Card,Ahmed,5
ORD14882,04/05/2025,Wapda Town,C1506,Ali Sheikh,Female,Lahore,Grocery,Sugar 1kg,Shan,4,180,20,576,600,-24,JazzCash,Ali,3.7
ORD14883,09/03/2025,Model Town,C1564,Hassan Sheikh,Male,Lahore,Electronics,Keyboard,A4Tech,1,2800,15,2380,2200,180,Credit Card,Ahmed,4.5
ORD14884,16/11/2025,Gulberg,C1583,Usman Butt,Female,Lahore,Home,Shampoo,Sunsilk,5,620,0,3100,2500,600,Cash,Hamza,4.1
ORD14885,16/04/2025,Johar Town,C1430,Ali Ahmed,Female,Lahore,Bakery,Cake,Gourmet,2,900,10,1620,1400,220,Easypaisa,Usman,4.8
ORD14886,25/06/2025,Johar Town,C1446,Ahmed Malik,Female,Lahore,Electronics,Power Bank,Xiaomi,1,4500,5,4275,3600,675,Credit Card,Usman,4.7
ORD14887,03/01/2025,Johar Town,C1660,Zain Khan,Male,Lahore,Grocery,Cooking Oil 1L,Dalda,2,650,5,1235,1040,195,Debit Card,Zain,4.8
ORD14888,17/12/2025,Model Town,C1752,Bilal Khan,Female,Lahore,Beverages,Pepsi 1.5L,Pepsi,3,220,15,561,510,51,Cash,Zain,3.8
ORD14889,27/02/2025,Wapda Town,C1226,Hamza Sheikh,Male,Lahore,Grocery,Sugar 1kg,Shan,4,180,10,648,600,48,JazzCash,Umar,4
ORD14890,18/12/2025,Johar Town,C1388,Bilal Butt,Male,Lahore,Grocery,Sugar 1kg,Shan,5,180,5,855,750,105,Credit Card,Usman,4.7
ORD14891,28/10/2025,Model Town,C1770,Ahmed Sheikh,Female,Lahore,Home,Soap,Lux,3,180,20,432,390,42,Debit Card,Hassan,4.6
ORD14892,17/04/2025,Wapda Town,C1731,Fatima Khan,Female,Lahore,Beverages,Pepsi 1.5L,Pepsi,1,220,15,187,170,17,Cash,Ali,4.3
ORD14893,12/02/2025,DHA,C1690,Ahmed Butt,Female,Lahore,Stationery,Pen,Dollar,3,60,15,153,105,48,Cash,Usman,3.7
ORD14894,07/10/2025,Gulberg,C1668,Ahmed Chaudhry,Male,Lahore,Beverages,Nestle Water 1.5L,Nestle,2,90,10,162,120,42,JazzCash,Bilal,3.9
ORD14895,24/12/2025,Model Town,C1755,Umar Sheikh,Male,Lahore,Stationery,Pen,Dollar,3,60,15,153,105,48,Credit Card,Hassan,4.1
ORD14896,22/02/2025,Gulberg,C1234,Bilal Iqbal,Female,Lahore,Grocery,Tea 475g,Tapal,1,980,5,931,820,111,Credit Card,Ali,4.4
ORD14897,16/08/2025,Johar Town,C1214,Ali Khan,Male,Lahore,Electronics,Keyboard,A4Tech,3,2800,20,6720,6600,120,Debit Card,Bilal,5
ORD14898,08/03/2025,Model Town,C1319,Hassan Malik,Male,Lahore,Beverages,Coca Cola 1.5L,Coca-Cola,1,220,15,187,170,17,Credit Card,Ali,4.7
ORD14899,15/11/2025,Gulberg,C1071,Hamza Butt,Male,Lahore,Bakery,Cookies,LU,2,250,0,500,360,140,Easypaisa,Ahmed,4.8
ORD14900,12/11/2025,Model Town,C1483,Umar Raza,Male,Lahore,Stationery,Marker,Dollar,2,120,0,240,160,80,Cash,Ali,4.6
ORD14901,17/02/2025,Gulberg,C1080,Ali Ahmed,Male,Lahore,Home,Shampoo,Sunsilk,2,620,0,1240,1000,240,Credit Card,Hamza,3.6
ORD14902,19/06/2025,Wapda Town,C1349,Umar Sheikh,Female,Lahore,Beverages,Nestle Water 1.5L,Nestle,1,90,10,81,60,21,Credit Card,Ali,3.5
ORD14903,08/10/2025,Johar Town,C1139,Ayesha Malik,Male,Lahore,Bakery,Cookies,LU,2,250,15,425,360,65,JazzCash,Ahmed,3.7
ORD14904,20/04/2025,Wapda Town,C1558,Ali Chaudhry,Female,Lahore,Beverages,Coca Cola 1.5L,Coca-Cola,3,220,20,528,510,18,JazzCash,Hamza,4
ORD14905,31/08/2025,Wapda Town,C1361,Sara Butt,Male,Lahore,Home,Soap,Lux,3,180,5,513,390,123,Credit Card,Hamza,3.9
ORD14906,07/02/2025,Johar Town,C1266,Ayesha Raza,Male,Lahore,Beverages,Nestle Water 1.5L,Nestle,3,90,10,243,180,63,Cash,Hamza,3.6
ORD14907,18/09/2025,Gulberg,C1572,Usman Butt,Male,Lahore,Electronics,Power Bank,Xiaomi,4,4500,20,14400,14400,0,Debit Card,Bilal,4.5
ORD14908,21/11/2025,DHA,C1549,Bilal Iqbal,Female,Lahore,Bakery,Cookies,LU,3,250,15,637.5,540,97.5,JazzCash,Bilal,4
ORD14909,18/06/2025,DHA,C1475,Usman Ahmed,Female,Lahore,Grocery,Sugar 1kg,Shan,2,180,0,360,300,60,Debit Card,Hamza,4.6
ORD14910,03/09/2025,Gulberg,C1277,Hassan Butt,Female,Lahore,Grocery,Cooking Oil 1L,Dalda,2,650,20,1040,1040,0,Easypaisa,Bilal,4.5
ORD14911,01/03/2025,DHA,C1271,Hamza Butt,Female,Lahore,Beverages,Pepsi 1.5L,Pepsi,5,220,10,990,850,140,JazzCash,Ali,4.8
ORD14912,15/08/2025,Model Town,C1654,Zain Malik,Male,Lahore,Beverages,Pepsi 1.5L,Pepsi,4,220,15,748,680,68,JazzCash,Umar,4.3
ORD14913,04/05/2025,Model Town,C1573,Umar Butt,Male,Lahore,Bakery,Cake,Gourmet,2,900,10,1620,1400,220,Easypaisa,Zain,5
ORD14914,19/04/2025,Wapda Town,C1195,Fatima Butt,Male,Lahore,Bakery,Bread,Dawn,5,120,0,600,400,200,JazzCash,Hassan,4.8
ORD14915,14/06/2025,Wapda Town,C1311,Fatima Iqbal,Female,Lahore,Grocery,Tea 475g,Tapal,2,980,20,1568,1640,-72,Cash,Zain,3.6
ORD14916,18/09/2025,DHA,C1425,Usman Chaudhry,Female,Lahore,Grocery,Sugar 1kg,Shan,1,180,0,180,150,30,Easypaisa,Hamza,3.7
ORD14917,29/08/2025,Johar Town,C1318,Hassan Ahmed,Female,Lahore,Stationery,Pen,Dollar,2,60,15,102,70,32,Credit Card,Zain,4.1
ORD14918,29/06/2025,Model Town,C1352,Hassan Khan,Male,Lahore,Grocery,Sugar 1kg,Shan,5,180,20,720,750,-30,Credit Card,Bilal,4.1
ORD14919,19/04/2025,DHA,C1291,Hamza Khan,Male,Lahore,Beverages,Nestle Water 1.5L,Nestle,3,90,10,243,180,63,Debit Card,Usman,3.7
ORD14920,12/11/2025,Wapda Town,C1103,Hassan Ahmed,Male,Lahore,Stationery,Marker,Dollar,5,120,10,540,400,140,Cash,Zain,4.8
ORD14921,06/05/2025,Johar Town,C1670,Usman Butt,Male,Lahore,Grocery,Cooking Oil 1L,Dalda,1,650,20,520,520,0,Debit Card,Bilal,4.8
ORD14922,13/09/2025,Gulberg,C1697,Umar Malik,Male,Lahore,Home,Soap,Lux,5,180,15,765,650,115,JazzCash,Usman,4.1
ORD14923,29/07/2025,Gulberg,C1613,Zain Chaudhry,Female,Lahore,Home,Soap,Lux,1,180,0,180,130,50,Debit Card,Zain,4.5
ORD14924,31/05/2025,DHA,C1682,Sara Iqbal,Male,Lahore,Bakery,Cake,Gourmet,4,900,5,3420,2800,620,Cash,Usman,3.6
ORD14925,06/07/2025,Johar Town,C1347,Hassan Raza,Male,Lahore,Electronics,Mouse,Logitech,1,1800,0,1800,1400,400,Easypaisa,Bilal,4.1
ORD14926,25/10/2025,Model Town,C1650,Hamza Sheikh,Female,Lahore,Beverages,Coca Cola 1.5L,Coca-Cola,1,220,15,187,170,17,Credit Card,Ahmed,3.8
ORD14927,14/02/2025,Gulberg,C1076,Sara Raza,Female,Lahore,Electronics,Power Bank,Xiaomi,2,4500,5,8550,7200,1350,Easypaisa,Usman,3.5
ORD14928,27/06/2025,Gulberg,C1407,Maryam Iqbal,Female,Lahore,Electronics,Keyboard,A4Tech,2,2800,5,5320,4400,920,Credit Card,Ahmed,3.7
ORD14929,02/11/2025,Wapda Town,C1214,Maryam Sheikh,Male,Lahore,Electronics,Keyboard,A4Tech,1,2800,10,2520,2200,320,Easypaisa,Usman,3.7
ORD14930,14/10/2025,Johar Town,C1594,Usman Sheikh,Female,Lahore,Bakery,Cookies,LU,5,250,20,1000,900,100,JazzCash,Ahmed,3.6
ORD14931,24/07/2025,Wapda Town,C1353,Bilal Raza,Male,Lahore,Stationery,Marker,Dollar,3,120,5,342,240,102,Cash,Zain,3.8
ORD14932,19/04/2025,Gulberg,C1443,Hassan Chaudhry,Male,Lahore,Stationery,Pen,Dollar,1,60,10,54,35,19,Easypaisa,Usman,4.2
ORD14933,14/05/2025,DHA,C1055,Usman Raza,Male,Lahore,Stationery,Notebook,Dollar,1,180,0,180,120,60,Easypaisa,Hassan,4.4
ORD14934,15/08/2025,Gulberg,C1049,Bilal Iqbal,Male,Lahore,Home,Shampoo,Sunsilk,5,620,20,2480,2500,-20,Credit Card,Ahmed,4.6
ORD14935,16/05/2025,Wapda Town,C1290,Zain Khan,Female,Lahore,Beverages,Coca Cola 1.5L,Coca-Cola,5,220,15,935,850,85,Cash,Bilal,4.2
ORD14936,23/02/2025,Model Town,C1500,Sara Iqbal,Male,Lahore,Electronics,Mouse,Logitech,5,1800,20,7200,7000,200,Credit Card,Hamza,4.4
ORD14937,24/03/2025,Model Town,C1648,Sara Khan,Male,Lahore,Beverages,Nestle Water 1.5L,Nestle,1,90,5,85.5,60,25.5,Easypaisa,Bilal,4.5
ORD14938,07/06/2025,Johar Town,C1012,Sara Raza,Female,Lahore,Stationery,Pen,Dollar,4,60,5,228,140,88,JazzCash,Ali,4
ORD14939,10/06/2025,DHA,C1142,Ayesha Sheikh,Female,Lahore,Stationery,Marker,Dollar,2,120,20,192,160,32,Easypaisa,Bilal,3.7
ORD14940,22/06/2025,Model Town,C1782,Ayesha Iqbal,Female,Lahore,Beverages,Coca Cola 1.5L,Coca-Cola,3,220,15,561,510,51,Debit Card,Umar,3.7
ORD14941,01/06/2025,Gulberg,C1415,Fatima Iqbal,Female,Lahore,Beverages,Coca Cola 1.5L,Coca-Cola,1,220,0,220,170,50,Debit Card,Bilal,3.6
ORD14942,11/09/2025,DHA,C1503,Fatima Butt,Female,Lahore,Grocery,Tea 475g,Tapal,5,980,15,4165,4100,65,Easypaisa,Hassan,3.9
ORD14943,15/04/2025,Gulberg,C1084,Ali Butt,Male,Lahore,Beverages,Coca Cola 1.5L,Coca-Cola,1,220,0,220,170,50,Cash,Bilal,4.4
ORD14944,04/02/2025,Gulberg,C1760,Usman Khan,Male,Lahore,Electronics,Mouse,Logitech,1,1800,0,1800,1400,400,Easypaisa,Bilal,4.2
ORD14945,25/12/2025,Wapda Town,C1447,Ahmed Raza,Male,Lahore,Bakery,Bread,Dawn,3,120,15,306,240,66,Debit Card,Ahmed,3.8
ORD14946,04/02/2025,Johar Town,C1269,Ayesha Khan,Male,Lahore,Beverages,Coca Cola 1.5L,Coca-Cola,3,220,20,528,510,18,Easypaisa,Ahmed,4.4
ORD14947,25/08/2025,DHA,C1750,Hassan Sheikh,Female,Lahore,Bakery,Cake,Gourmet,3,900,15,2295,2100,195,Debit Card,Zain,3.9
ORD14948,13/12/2025,Johar Town,C1396,Sara Ahmed,Female,Lahore,Electronics,Power Bank,Xiaomi,4,4500,0,18000,14400,3600,Credit Card,Hamza,4.1
ORD14949,07/11/2025,Johar Town,C1586,Ayesha Butt,Male,Lahore,Stationery,Notebook,Dollar,1,180,15,153,120,33,Debit Card,Ali,4.6
ORD14950,25/09/2025,Model Town,C1709,Hassan Malik,Female,Lahore,Stationery,Pen,Dollar,1,60,20,48,35,13,Credit Card,Zain,3.8
ORD14951,14/08/2025,Wapda Town,C1670,Ali Malik,Female,Lahore,Electronics,Mouse,Logitech,5,1800,5,8550,7000,1550,Easypaisa,Ahmed,4.9
ORD14952,13/10/2025,Model Town,C1530,Hassan Sheikh,Male,Lahore,Electronics,Keyboard,A4Tech,1,2800,5,2660,2200,460,Easypaisa,Bilal,4.4
ORD14953,01/06/2025,Gulberg,C1271,Bilal Chaudhry,Female,Lahore,Grocery,Sugar 1kg,Shan,4,180,20,576,600,-24,Cash,Zain,3.9
ORD14954,09/09/2025,Gulberg,C1778,Umar Khan,Male,Lahore,Stationery,Marker,Dollar,2,120,15,204,160,44,Debit Card,Usman,3.5
ORD14955,16/12/2025,Model Town,C1550,Ali Sheikh,Female,Lahore,Grocery,Basmati Rice 5kg,Guard,2,3200,20,5120,5200,-80,JazzCash,Usman,4.4
ORD14956,05/08/2025,Gulberg,C1625,Usman Butt,Male,Lahore,Electronics,Power Bank,Xiaomi,3,4500,5,12825,10800,2025,Debit Card,Ali,3.7
ORD14957,08/10/2025,Johar Town,C1328,Fatima Malik,Male,Lahore,Grocery,Tea 475g,Tapal,5,980,0,4900,4100,800,Debit Card,Hassan,3.7
ORD14958,15/03/2025,DHA,C1074,Umar Khan,Male,Lahore,Beverages,Coca Cola 1.5L,Coca-Cola,3,220,5,627,510,117,JazzCash,Ali,3.9
ORD14959,06/10/2025,Wapda Town,C1686,Usman Butt,Male,Lahore,Bakery,Cake,Gourmet,5,900,10,4050,3500,550,Debit Card,Usman,3.8
ORD14960,04/06/2025,Wapda Town,C1581,Ayesha Ahmed,Male,Lahore,Home,Soap,Lux,1,180,20,144,130,14,JazzCash,Ali,4.6
ORD14961,24/07/2025,Johar Town,C1457,Maryam Iqbal,Male,Lahore,Beverages,Pepsi 1.5L,Pepsi,1,220,5,209,170,39,Cash,Bilal,4
ORD14962,02/07/2025,Johar Town,C1490,Ali Khan,Female,Lahore,Electronics,Keyboard,A4Tech,4,2800,5,10640,8800,1840,JazzCash,Umar,4.7
ORD14963,11/05/2025,Model Town,C1206,Ali Malik,Female,Lahore,Beverages,Pepsi 1.5L,Pepsi,3,220,20,528,510,18,Credit Card,Zain,4.5
ORD14964,26/09/2025,Johar Town,C1752,Ali Khan,Female,Lahore,Beverages,Coca Cola 1.5L,Coca-Cola,3,220,5,627,510,117,Cash,Hassan,3.5
ORD14965,21/08/2025,Model Town,C1779,Hamza Iqbal,Female,Lahore,Home,Detergent 1kg,Surf Excel,4,850,15,2890,2720,170,Easypaisa,Ali,4.6
ORD14966,12/06/2025,DHA,C1228,Fatima Malik,Female,Lahore,Home,Detergent 1kg,Surf Excel,2,850,5,1615,1360,255,JazzCash,Ahmed,3.8
ORD14967,01/10/2025,Gulberg,C1335,Umar Raza,Female,Lahore,Stationery,Marker,Dollar,5,120,10,540,400,140,Easypaisa,Ali,4.9
ORD14968,28/03/2025,Johar Town,C1761,Zain Khan,Female,Lahore,Home,Shampoo,Sunsilk,5,620,0,3100,2500,600,JazzCash,Hamza,3.7
ORD14969,04/10/2025,DHA,C1673,Usman Chaudhry,Female,Lahore,Grocery,Sugar 1kg,Shan,2,180,5,342,300,42,Easypaisa,Ali,4.8
ORD14970,06/05/2025,Model Town,C1745,Maryam Khan,Male,Lahore,Home,Detergent 1kg,Surf Excel,1,850,0,850,680,170,Cash,Umar,4
ORD14971,19/06/2025,Model Town,C1302,Ayesha Malik,Female,Lahore,Electronics,Power Bank,Xiaomi,4,4500,15,15300,14400,900,Cash,Ahmed,4.8
ORD14972,21/08/2025,Wapda Town,C1621,Fatima Khan,Female,Lahore,Stationery,Pen,Dollar,3,60,10,162,105,57,Cash,Hamza,4.2
ORD14973,09/09/2025,Johar Town,C1019,Usman Raza,Male,Lahore,Bakery,Cake,Gourmet,5,900,0,4500,3500,1000,Debit Card,Ahmed,5
ORD14974,05/01/2025,Gulberg,C1547,Ayesha Ahmed,Female,Lahore,Bakery,Bread,Dawn,2,120,10,216,160,56,Credit Card,Ahmed,5
ORD14975,11/04/2025,Johar Town,C1522,Ali Malik,Female,Lahore,Bakery,Cake,Gourmet,2,900,0,1800,1400,400,Credit Card,Hassan,3.7
ORD14976,08/05/2025,Johar Town,C1729,Sara Iqbal,Male,Lahore,Home,Shampoo,Sunsilk,2,620,0,1240,1000,240,Credit Card,Ali,4.7
ORD14977,05/10/2025,Wapda Town,C1474,Hassan Butt,Male,Lahore,Home,Shampoo,Sunsilk,3,620,20,1488,1500,-12,JazzCash,Usman,4.8
ORD14978,04/09/2025,Johar Town,C1535,Hassan Sheikh,Male,Lahore,Bakery,Bread,Dawn,5,120,20,480,400,80,JazzCash,Ali,4.4
ORD14979,03/08/2025,Model Town,C1576,Umar Malik,Male,Lahore,Beverages,Pepsi 1.5L,Pepsi,3,220,15,561,510,51,Debit Card,Ali,4.8
ORD14980,24/10/2025,Model Town,C1041,Ayesha Sheikh,Female,Lahore,Grocery,Sugar 1kg,Shan,5,180,15,765,750,15,Credit Card,Bilal,4.7
ORD14981,28/10/2025,Gulberg,C1044,Ahmed Iqbal,Female,Lahore,Grocery,Basmati Rice 5kg,Guard,5,3200,10,14400,13000,1400,Debit Card,Umar,4.7
ORD14982,31/03/2025,Gulberg,C1755,Ahmed Khan,Female,Lahore,Electronics,Keyboard,A4Tech,4,2800,5,10640,8800,1840,Debit Card,Zain,4.3
ORD14983,31/03/2025,Model Town,C1185,Ayesha Iqbal,Male,Lahore,Beverages,Pepsi 1.5L,Pepsi,2,220,5,418,340,78,Cash,Zain,4.8
ORD14984,28/03/2025,Gulberg,C1124,Maryam Raza,Male,Lahore,Home,Shampoo,Sunsilk,2,620,5,1178,1000,178,Credit Card,Ali,4.6
ORD14985,16/07/2025,Model Town,C1450,Hamza Chaudhry,Male,Lahore,Beverages,Nestle Water 1.5L,Nestle,2,90,15,153,120,33,Easypaisa,Umar,4.2
ORD14986,01/12/2025,Gulberg,C1361,Hassan Raza,Female,Lahore,Bakery,Cake,Gourmet,3,900,15,2295,2100,195,Credit Card,Umar,3.9
ORD14987,01/02/2025,DHA,C1708,Zain Sheikh,Female,Lahore,Bakery,Cookies,LU,5,250,5,1187.5,900,287.5,Cash,Hamza,4.5
ORD14988,25/07/2025,Gulberg,C1782,Ayesha Chaudhry,Male,Lahore,Beverages,Nestle Water 1.5L,Nestle,2,90,20,144,120,24,Easypaisa,Ahmed,4
ORD14989,02/11/2025,Gulberg,C1033,Ayesha Chaudhry,Male,Lahore,Grocery,Basmati Rice 5kg,Guard,1,3200,0,3200,2600,600,Cash,Usman,4.6
ORD14990,15/04/2025,Wapda Town,C1553,Ayesha Khan,Male,Lahore,Home,Shampoo,Sunsilk,3,620,0,1860,1500,360,Debit Card,Usman,4
ORD14991,21/09/2025,Johar Town,C1165,Ayesha Raza,Female,Lahore,Grocery,Cooking Oil 1L,Dalda,2,650,20,1040,1040,0,Credit Card,Bilal,4.5
ORD14992,29/06/2025,Johar Town,C1455,Fatima Chaudhry,Male,Lahore,Stationery,Pen,Dollar,3,60,15,153,105,48,Credit Card,Bilal,4.7
ORD14993,13/12/2025,Model Town,C1320,Ali Sheikh,Female,Lahore,Stationery,Marker,Dollar,4,120,0,480,320,160,JazzCash,Hamza,4.2
ORD14994,23/10/2025,Model Town,C1124,Hassan Chaudhry,Female,Lahore,Stationery,Pen,Dollar,2,60,0,120,70,50,JazzCash,Usman,3.8
ORD14995,12/07/2025,Johar Town,C1031,Fatima Chaudhry,Female,Lahore,Grocery,Cooking Oil 1L,Dalda,3,650,20,1560,1560,0,JazzCash,Ahmed,4.4
ORD14996,01/04/2025,Johar Town,C1416,Hassan Iqbal,Male,Lahore,Bakery,Bread,Dawn,2,120,0,240,160,80,Credit Card,Hamza,4.2
ORD14997,18/01/2025,DHA,C1775,Maryam Ahmed,Male,Lahore,Beverages,Coca Cola 1.5L,Coca-Cola,2,220,5,418,340,78,Debit Card,Zain,4.1
ORD14998,17/09/2025,Johar Town,C1555,Usman Raza,Male,Lahore,Electronics,Keyboard,A4Tech,2,2800,15,4760,4400,360,Cash,Usman,4
ORD14999,23/12/2025,Johar Town,C1191,Ali Ahmed,Male,Lahore,Beverages,Pepsi 1.5L,Pepsi,1,220,10,198,170,28,JazzCash,Ali,3.7
ORD15000,04/09/2025,Model Town,C1526,Hassan Khan,Male,Lahore,Bakery,Cookies,LU,4,250,15,850,720,130,Cash,Umar,3.8